longitude;latitude;Clase_SOM;Phosphate;Iron;Bottom light;Nitrate;Dissolved oxygen;pH;Salinity;Silicate;Temperature;PAR;Organic matter;Chlorophyll-a;Phytoplankton;Bottom utilized oxygen;Primary productivity ;Asp_bat;East_bat;River influence;Benthic current velocity;Runoff;Wind;Land distance;Mean_bat;Nort_bat;Rdmv_bat;Slop_bat;Stde_bat;Surf_bat;Substrate hardness;Particle size;Euphotic layer depth;Light attenuation coefficient;IBMR
916000.5;1286297.5;4;1.9808104;0.000714;26.2050781;21.8564816;63.412693;7.9933333;32.4606209;49.0307503;17.0469036;37.8633804;12.5336256;0.1940231;0.7987261;6.1061282;0.0084779;169.5894928;0.1806996;0.9676434;0.1605646;0.0004192;0.3722943;0.0837936;0;-0.9835383;0.4833837;1.323366;135.3538971;272;40.4713669;5.3989906;41.7465706;0.0270458;0.1095142
916000.5;1281836.5;4;2.2120047;0.0007347;10.1182842;27.7831516;77.4143906;7.992907;33.6543427;46.3841286;13.7379217;37.971199;12.1477432;0.1210301;0.6119435;6.1120334;0.0065651;192.7453003;-0.2206172;0.9762051;0.1496447;0.0003028;0.4000442;0.0902861;-56.5999985;-0.9753605;-0.0028302;2.7627079;286.4266968;-59;40.9701347;5.3948975;41.8805504;0.0342492;0.12558
920461.5;1281836.5;4;1.7533146;0.0006469;5.9849362;22.9406719;86.2235489;7.9951234;33.5606232;42.9775391;14.8099594;38.3204918;11.571125;0.1907101;0.7475933;6.1079688;0.0178884;212.0373993;-0.530472;0.981445;0.1660396;0.0003784;0.4083012;0.090424;-44.6666718;-0.8477025;0.1977201;2.437463;262.8286133;123;43.8028564;5.4667492;38.2206573;0.413761;0.1697323
916000.5;1277375.5;12;2.9879405;0.0006462;4.20E-06;39.0228539;25.9739895;7.991827;34.6416855;70.0614319;7.5366454;38.2804375;10.994277;0.0320487;0.0848297;6.1079869;2.68E-05;239.6741943;-0.8631684;0.9799259;0.1023841;0.000264;0.4277941;0.1096959;-137.8000031;-0.5049163;-0.6268956;4.0972581;234.6260071;-576;42.4688225;4.5708179;42.1090698;0.0487748;0.1204359
920461.5;1277375.5;8;2.4444265;0.0005901;1.53E-05;31.7896309;32.9375114;7.9919767;34.806179;38.0967903;11.6654329;38.1861038;11.2080145;0.1058801;0.2577302;6.1254654;9.82E-05;247.7731934;-0.9256938;0.9841846;0.1267763;0.0003057;0.4269154;0.0963321;-101.5714035;-0.3782738;0.0837932;2.0868659;206.8704987;-43;47.4146919;4.7161756;39.8797951;0.1437632;0.1822787
924922.5;1277375.5;4;1.4850931;0.0007073;3.4422963;19.2874088;116.4109879;7.9939003;33.3266602;24.6654549;19.1168709;38.309742;11.2030954;0.202738;0.8989993;6.1113062;0.008471;213.8679047;-0.5572799;0.9820085;0.1750958;0.0003668;0.4251174;0.081423;-0.7142857;-0.8303247;0.0611451;0.7171845;76.4436569;15;47.2057343;5.4729023;38.2352562;0.4981427;0.2174669
920461.5;1272914.5;8;2.2588241;0.0006161;0.4236459;28.5212021;35.5935593;7.9917612;34.5846214;26.3804379;13.9192734;38.0651894;10.2748194;0.0918295;0.300591;6.1279883;0.0015506;276.9967957;-0.9925531;0.9822761;0.1470561;0.0002516;0.4639983;0.0843521;-142.4286041;0.1218133;0.0142616;1.422877;187.5343018;-134;47.0486298;5.4451656;38.7053833;0.3784364;0.1632664
924922.5;1272914.5;4;1.4487972;0.0005812;2.3237829;16.6742077;112.3668365;7.9920816;33.328701;16.2185783;19.9497566;37.9091568;12.1233177;0.1780729;0.8451796;6.1323986;0.0082105;237.3777008;-0.842243;0.9813096;0.1623977;0.0002954;0.469479;0.0719851;-42.3333282;-0.5390981;0.021419;1.0271471;71.1976929;-37;46.6053467;5.4631739;37.5282249;0.4705116;0.243734
929383.5;1272914.5;4;1.3032869;0.0005599;3.9372361;13.4379034;171.1215973;7.9913082;32.3805351;8.6224022;24.2440414;38.0657005;10.1867027;0.2811758;1.3543028;6.089345;0.008907;255.6678009;-0.9688769;0.9811994;0.1904264;0.0003763;0.4641529;0.0728828;0;-0.247543;-0.1120283;1.205941;98.4783478;5;47.5605736;5.4745269;37.2287979;0.8769099;0.2473551
920461.5;1268453.5;4;2.4752603;0.0006582;0.5823754;30.9769611;30.6525307;7.9907298;34.4199104;36.8058701;12.779047;38.0232048;10.7999258;0.0453591;0.2215892;6.075923;0.0021017;258.1010132;-0.9785128;0.971329;0.1469435;0.0002516;0.5010812;0.1014335;-90;-0.2061863;-0.6369863;0.9185694;58.4533997;-183;42.8392258;5.4247193;40.2221603;0.3092903;0.1374373
924922.5;1268453.5;4;1.4179693;0.0005791;2.5790911;15.907464;121.8489685;7.9913158;33.1254768;18.6454182;20.3534145;37.77285;15.2503681;0.1844026;0.9126657;6.0787354;0.0093074;271.1690979;-0.9997918;0.9704228;0.1684765;0.0002954;0.5147266;0.0831207;-64.625;0.0204039;0.1363032;0.7080021;57.9222298;-39;43.5723763;5.4626379;39.16745;0.3821298;0.1912534
929383.5;1268453.5;4;0.5788615;0.0005215;4.4973741;3.9503465;194.2041626;7.9922113;32.090477;4.2707238;26.3615074;37.4679947;11.9045801;0.2947456;1.463683;6.0614562;0.0150883;234.6526031;-0.8156592;0.9643775;0.1852767;0.0003181;0.4993789;0.0711985;0;-0.5785326;-0.1359127;1.1235681;99.6638794;-31;47.0294075;5.4631739;37.631443;0.3748124;0.2590152
933844.5;1268453.5;4;0.8637693;0.0007435;11.718915;9.8547297;182.6069489;7.991447;32.3461876;6.5019493;23.5317326;37.454483;9.9486427;0.341513;1.4283639;6.0579348;0.0193904;210.0756989;-0.5011442;0.9745533;0.188707;0.0004248;0.5407082;0.0549465;0;-0.8653638;0.0713542;1.172156;110.6713028;67;48.4502602;5.4720254;36.7405205;1.2882549;0.2706289
924922.5;1263992.5;4;1.8287529;0.0005105;1.2067605;21.9312687;90.4039078;7.9906807;33.9509239;25.1397457;16.956192;37.6607666;13.5030222;0.2204466;0.7823309;6.0385418;0.0055874;282.4500122;-0.9764845;0.9564058;0.1772843;0.0002954;0.5599742;0.0912284;-64;0.2155873;0.0404624;0.3797238;53.3157692;-57;36.4058304;5.4418087;39.023468;0.3080746;0.1561776
929383.5;1263992.5;4;1.0719523;0.0004427;3.9400892;11.1589861;144.7006378;7.9921141;33.3536682;5.7919359;22.3986034;37.3782234;12.3792191;0.3507006;1.2838572;6.0436974;0.0097954;263.0997009;-0.9927567;0.9600399;0.2048106;0.0003181;0.5446135;0.0723645;-19.6666698;-0.1201424;-0.1385281;0.5076953;44.1084518;-41;46.7580719;5.4617724;37.4046745;0.3459379;0.1990841
933844.5;1263992.5;4;0.7935297;0.0006637;16.5918159;7.2135668;170.7610779;7.9929719;32.4601555;5.2555156;24.4505806;37.2091217;12.0664263;0.3376396;1.5014923;6.046783;0.0147669;237.3079987;-0.8415863;0.9694186;0.1877417;0.0003409;0.5292529;0.0610746;0;-0.5401227;-0.1388889;0.1277918;37.9605103;-14;47.1133347;5.4469919;35.9558907;0.3685987;0.2485355
924922.5;1259531.5;4;2.1573274;0.0004449;0.0983387;26.735033;66.5983734;7.9897251;34.6427879;30.9921074;14.2408085;37.4972572;12.8886929;0.2496786;0.6786252;6.0022554;0.0027361;262.4151917;-0.9912505;0.9449757;0.1863588;0.0002937;0.5902909;0.0970947;-41.6666718;-0.1319942;-0.1835358;0.6201918;75.497612;-87;36.5748978;5.1678519;39.0398712;0.1921938;0.1348643
929383.5;1259531.5;4;1.4185909;0.0003721;3.6214452;16.19524;110.2997513;7.9901509;34.3161469;6.8061304;19.65168;37.3239899;12.1379089;0.3919044;1.1556646;6.1094403;0.0061668;293.2632141;-0.9187003;0.9660182;0.2235485;0.0003183;0.5726314;0.0853804;-28.625;0.3949553;0.0754049;0.7477783;70.2512207;-10;40.6172523;5.4640446;37.0894012;0.0872079;0.1732639
933844.5;1259531.5;3;1.1169902;0.000626;18.3847351;11.4261608;151.8637238;7.991169;33.2598572;6.5948296;22.6188431;37.1191025;11.3687849;0.3525618;1.2651943;6.0681176;0.0137444;335.9244995;-0.4079402;0.972668;0.1966339;0.0003614;0.5763961;0.0749171;0;0.9130087;0.1591241;0.413155;48.0558014;35;47.2502899;5.474256;37.7852211;0.281537;0.2204079
924922.5;1255070.5;4;1.9104407;0.0003995;0.837279;22.9985027;96.2694778;7.9885464;34.3995552;32.3507118;16.2982979;37.2683907;13.3409739;0.2312268;0.7613242;5.9584637;0.0059657;270;-1;0.9412415;0.1972999;0.000291;0.6116491;0.1036192;-37.1666718;0;-0.4608637;1.328863;87.4936523;-151;36.3034134;5.4265676;40.5874252;0.0514762;0.1181541
929383.5;1255070.5;4;1.4137384;0.0004003;3.3136454;17.9507561;107.2185974;7.9890199;34.2694511;9.2039776;21.240591;36.8615875;12.2273521;0.3260028;1.2620516;6.0903153;0.0057289;272.7036133;-0.9988869;0.9547028;0.2005374;0.0003062;0.5583669;0.0873989;-24.625;0.0471694;0.4883603;1.156871;79.5879135;96;37.6592064;5.4734077;37.5059471;0.0978031;0.1750378
924922.5;1250609.5;4;1.6932536;0.0003628;1.5145215;19.7240124;122.5567017;7.9881229;34.1788025;33.8901711;18.1157551;36.9313393;14.5514278;0.2095891;0.8245354;5.9519277;0.0088795;253.1197052;-0.9569134;0.9390787;0.2064469;0.0002883;0.6330073;0.0992634;-57.1666718;-0.2903735;-0.2139208;0.9728397;97.3574371;-113;35.9161339;5.3685002;42.5934219;0.0221264;0.1031787
929383.5;1250609.5;4;1.4269406;0.0004987;2.6435516;18.1791363;130.8683929;7.9887486;34.1007195;11.819663;19.3801556;36.6200867;12.3045206;0.2614826;1.0846845;6.0845246;0.0078722;230.8464966;-0.7754573;0.94251;0.2023274;0.0003446;0.5591572;0.0866836;-51.5;-0.6314;0.3582375;1.047302;85.8356018;42;37.0867653;5.4705467;39.3227615;0.0719909;0.1471888
933844.5;1250609.5;4;1.2619209;0.000625;14.9201441;15.3070564;122.9867401;7.9854703;32.9556313;6.8003845;22.3062439;36.2233276;13.0738087;0.3136375;1.1154317;6.0727262;0.0123499;155.5867004;0.4133163;0.9603518;0.1916091;0.0003495;0.5830064;0.0846426;0;-0.9105875;-0.0586081;0.4971004;53.0105896;-9;42.0690308;5.4752393;36.9503326;0.1485055;0.1368612
938305.5;1250609.5;4;0.9743133;0.0007514;24.4507351;14.9747314;145.2939301;7.9867954;32.8953629;6.5947351;23.1875477;35.9453049;11.4439087;0.3355692;0.9843063;5.9991012;0.0148849;237.2005005;-0.8405711;0.9694698;0.1908712;0.0004092;0.5978677;0.0795812;0;-0.5417012;0.143949;0.4296626;55.4386101;25;44.2956352;5.474402;37.4813156;0.2181557;0.2340768
924922.5;1246148.5;4;2.1591609;0.0005253;0.7727153;27.0764408;71.0146408;7.9877925;34.4750214;39.5892067;14.412466;36.6788673;13.6526556;0.1146767;0.4395252;5.947;0.0045307;246.0272064;-0.9137383;0.9248618;0.1743279;0.0002856;0.6757237;0.0961922;-74.1999969;-0.4063032;-0.4386474;0.9046423;69.0257874;-165;36.4772072;5.3542171;42.4330559;5.77E-05;0.0913805
929383.5;1246148.5;4;1.475451;0.0004654;2.7914686;17.3957062;103.4087296;7.9890542;34.2730103;12.6007128;19.8781414;36.2261658;13.3420038;0.1938948;0.7520216;5.947;0.007706;228.3542023;-0.7472666;0.9289425;0.2224491;0.0003192;0.6256946;0.0793515;-64.625;-0.6645244;0.0609903;0.6207731;58.6833382;-52;36.600544;5.4457908;39.2832756;0.0001703;0.1044624
933844.5;1246148.5;4;1.284438;0.0005921;10.2082052;14.8120327;119.2032242;7.9897265;33.6105957;9.6971903;20.8348045;35.9314575;12.8147869;0.2496026;1.0177648;5.9360271;0.0096188;181.5737;-0.0274622;0.9451392;0.2133738;0.0003528;0.5970237;0.0704984;-37;-0.9996228;-0.184;0.584491;43.5073395;-60;42.3518562;5.4621272;38.690155;0.0191767;0.1226915
938305.5;1246148.5;4;1.0946163;0.0007127;17.1965466;12.207571;135.3601837;7.9896417;32.9730911;7.0781946;21.8494473;35.8398857;12.8493404;0.2991263;1.2683846;5.9109454;0.0116349;228.8654938;-0.753167;0.9618002;0.2054053;0.0003864;0.5683528;0.0719151;-23.25;-0.6578294;-0.1014286;0.673447;55.827301;-41;45.981102;5.4741926;38.0645332;0.0624754;0.1642791
942766.5;1246148.5;4;0.9933468;0.0008033;24.9727077;15.6423244;158.0957794;7.9869485;33.0095787;6.2649803;23.958952;35.8303795;11.0213995;0.3054639;1.1312991;5.8828373;0.0098366;259.5567932;-0.983435;0.9703904;0.17901;0.0004804;0.5479656;0.0554998;0;-0.1812611;0.1131095;1.2484601;141.2261047;97;45.657692;5.4747415;39.2299385;0.2822345;0.2245405
929383.5;1241687.5;4;2.2216523;0.0006746;0.1132817;29.1306648;21.3482628;7.988142;34.8833885;21.127449;13.9511127;36.3925018;11.9083176;0.0541976;0.1390216;5.947;0.0003739;215.1806946;-0.576157;0.9284068;0.1735059;0.0003194;0.6610701;0.095119;-96.8571396;-0.8173391;0.1226296;0.2395977;37.4220314;-83;36.29039;5.0091343;41.4359512;0.0137913;0.0927111
933844.5;1241687.5;4;2.0053811;0.0005474;0.4177369;25.9527569;42.2878532;7.9888897;34.8576317;15.0422382;15.1286602;36.0958366;12.2289553;0.1741645;0.4430883;5.9361019;0.000761;186.8253021;-0.118843;0.9388826;0.1888193;0.000356;0.6250583;0.0833007;-83.2222214;-0.9929131;0.0723514;0.4187053;28.6114902;-77;34.9420166;5.3089404;40.6979523;0.0376674;0.1083338
938305.5;1241687.5;4;1.7318213;0.0004704;2.5761318;21.892519;69.3210526;7.9890046;34.618679;9.4176474;16.8215504;35.9534874;13.0775375;0.2817499;0.7754468;5.9111915;0.0023514;214.4127045;-0.5651494;0.9547994;0.2023555;0.0003926;0.5786996;0.079533;-56.7777786;-0.8249885;-0.0991693;0.741277;59.914341;-78;45.6545258;5.4722438;40.1626587;0.080518;0.1412981
942766.5;1241687.5;4;1.0498775;0.0007474;17.8773594;11.5442066;139.7703857;7.9890776;32.8684845;6.9911871;22.1797123;35.8627396;13.6738758;0.3028936;1.3116388;5.8953109;0.0124746;262.0621033;-0.9904184;0.9693811;0.203463;0.0004292;0.5463582;0.077131;0;-0.1380994;-0.176261;1.893936;154.4918976;-43;46.4876518;5.4722438;39.8214111;0.1078353;0.1831574
947227.5;1241687.5;4;0.9151528;0.0008392;26.8939095;11.328331;181.5210571;7.9860139;32.64328;6.6227984;25.3606339;36.0712852;9.2112274;0.3134939;1.2825989;5.6602483;0.0134859;253.8155975;-0.9603695;0.9736996;0.1726923;0.0004569;0.545478;0.0330186;0;-0.2787302;0.5563549;2.3770859;157.110199;339;44.6924744;5.4737921;39.204689;0.350899;0.2186553
929383.5;1237226.5;4;2.4540033;0.0006845;0.0009147;31.7252007;11.7228117;7.9872303;34.873951;28.733717;12.5761261;36.5588379;11.4973898;0.0296235;0.0728367;5.947;3.70E-05;210.335495;-0.5050631;0.9224191;0.1750096;0.0003035;0.6919549;0.1108864;-105;-0.8630825;-0.44;0.2510767;20.9475498;-127;37.2497139;4.5899177;42.1094551;0.0274123;0.0819768
933844.5;1237226.5;4;2.2237742;0.0006143;0.0053028;28.8443356;26.2601471;7.9880528;34.9044304;21.2492619;13.8177881;36.2602158;11.0808001;0.101967;0.249145;5.9361768;0.0002122;178.7938995;0.0210481;0.9298943;0.1738186;0.0003593;0.6536478;0.0961031;-107.875;-0.9997784;-0.092803;0.3050516;23.5713692;-114;36.7968178;4.7203245;41.3726349;0.0561581;0.0959683
938305.5;1237226.5;4;1.9239825;0.0005805;1.9931511;24.8297997;49.1571312;7.9883676;34.7048454;14.0950975;15.6546297;36.0670891;13.0611649;0.1747584;0.4892754;5.911437;0.0016833;203.9624939;-0.4061385;0.940818;0.174562;0.0003989;0.6153408;0.0871508;-99.1111069;-0.9138115;-0.1788889;0.4426525;29.7636795;-117;38.8425598;5.4698625;40.8672485;0.0985607;0.1131215
942766.5;1237226.5;4;1.1372554;0.0008013;17.865221;12.8795481;130.5716553;7.9885678;32.8948021;9.2529716;21.6577263;35.9439735;13.5150757;0.2506859;1.1761603;5.8956656;0.0122259;249.3715057;-0.9358844;0.9514503;0.1888468;0.0004385;0.5770337;0.0814438;0;-0.3523074;-0.1726602;2.2268751;159.6452942;-78;42.95998;5.4752393;40.5450668;0.1255923;0.1269005
947227.5;1237226.5;4;0.6526029;0.0008576;30.7500229;7.8538365;175.2073822;7.9864869;32.2871323;5.9943562;25.3083477;36.2248917;11.2358284;0.3032821;1.5283846;5.71526;0.018677;229.8365936;-0.7642079;0.9682419;0.1862753;0.0004733;0.5346127;0.037153;0;-0.64497;0.3579243;2.072258;154.5563965;220;42.9898911;5.474484;36.1897736;0.2740158;0.1461885
933844.5;1232765.5;4;2.4203172;0.0006861;0.0006093;31.3772564;12.8797293;7.9864769;34.8990479;27.493763;12.6980152;36.6332855;11.3273535;0.0299103;0.0717553;5.9364614;2.46E-05;155.3764038;0.4166547;0.9214484;0.1592332;0.0003013;0.7065244;0.1085646;-141;-0.9090648;0.2428571;0.3390228;26.7581806;-124;37.3263359;4.6968317;42.0923004;0.0560418;0.0866914
938305.5;1232765.5;4;2.0976253;0.0007056;2.0014234;27.4863338;30.9016418;7.9871206;34.7253571;18.8772507;14.6490202;36.4830704;12.1540852;0.0638479;0.2114508;5.9123731;0.0013776;197.7763977;-0.3053032;0.9295233;0.1456887;0.0003864;0.6682142;0.0941761;-133.1110992;-0.9522552;-0.0932914;0.4416386;31.1891899;-143;40.3466759;5.4139514;41.6188126;0.0968398;0.0963294
942766.5;1232765.5;4;1.2219619;0.0008598;18.0044079;14.1744375;121.6458054;7.9875312;32.9054451;11.588582;21.1643257;36.3873062;13.4547825;0.1963598;1.0397124;5.8970165;0.0120589;246.552597;-0.9174255;0.9435295;0.1736473;0.0004279;0.6299041;0.0850034;-54.5555611;-0.3979076;-0.1570407;1.6494859;122.0382996;-118;39.3546677;5.4712315;41.3169632;0.1228486;0.1071193
947227.5;1232765.5;4;0.3827562;0.0010079;33.3549728;1.416954;208.6094055;7.9896021;31.1614876;4.604301;27.4081764;36.4540253;9.7199411;0.3233733;1.8335729;5.723249;0.0222976;223.2263947;-0.6848826;0.9606581;0.2002024;0.0004694;0.591594;0.0422614;-5.75;-0.7286534;0.195442;1.2466789;107.6740036;65;45.2454987;5.4400868;36.6546516;0.2113719;0.1226488
951688.5;1232765.5;4;0.7006207;0.0008186;24.8407974;6.214633;152.976532;7.9859276;32.1677856;5.5823669;25.3246555;36.1130791;8.6835241;0.3347739;1.7165366;5.2436929;0.0149797;136.2946014;0.6909506;0.9713868;0.1707012;0.0005109;0.5004196;0.0306954;0;-0.7229019;-0.1097328;0.8037635;76.8777466;10;43.3351402;4.9620786;35.6326218;0.4372299;0.1616425
956149.5;1232765.5;4;0.9369818;0.0008462;24.1449108;10.0941172;160.052124;7.9839783;32.555397;7.9371958;23.8081932;35.824852;8.1683931;0.3276225;1.2616627;4.6216326;0.0184563;209.6768036;-0.4951064;0.9767261;0.1504429;0.0005173;0.4732872;0.0292718;0;-0.8688323;-0.1350619;1.004954;96.7172928;-8;43.3002815;4.9576387;36.6013718;0.7327517;0.2273198
960610.5;1232765.5;4;0.7941221;0.0008652;25.4379559;12.5897379;159.644165;7.9849029;32.6057091;8.2428131;24.1461391;35.9738274;9.8462257;0.3185002;1.3353897;4.198946;0.016361;245.7024994;-0.9114215;0.9727635;0.1572166;0.0006257;0.4917165;0.0292535;0;-0.4114741;-0.1408972;2.2848239;184.9199066;47;43.5361366;5.4745617;38.0425339;1.0722531;0.2075329
965071.5;1232765.5;4;1.0033733;0.0009119;28.2070255;10.6831617;182.3581848;7.986527;32.7555046;13.6980591;24.8150578;36.408493;8.5541859;0.3023945;1.2935183;4.3031974;0.0192321;242.2720947;-0.8851668;0.9747163;0.1562658;0.0005941;0.4809968;0.0292534;0;-0.4652738;0.5592334;3.215471;197.9505005;522;44.6137276;5.4744129;38.1963882;1.3689904;0.1866347
933844.5;1228304.5;4;2.5767212;0.0006953;1.31E-05;33.4366379;10.5537825;7.9848514;34.8415947;35.531189;11.6260757;37.0202713;11.3791809;0.0154913;0.0387435;5.9367599;7.00E-07;178.6520996;0.023523;0.9191796;0.1542408;0.0002575;0.7594009;0.1210034;-166.8000031;-0.9997233;-0.1382716;0.2729565;29.2533798;-178;38.2230988;4.7973046;42.4110527;0.054685;0.0721262
938305.5;1228304.5;4;2.2483857;0.000711;1.1615731;29.3832359;20.7761803;7.9858332;34.7917442;22.7950153;13.8760834;36.9192085;11.6359968;0.0377349;0.1238825;5.9133544;0.0007811;199.8493958;-0.3395485;0.9274602;0.1408932;0.000299;0.7210877;0.1011618;-158.625;-0.9405885;-0.2916667;0.4112799;29.1716404;-184;40.9936714;5.2625237;41.9834328;0.0938015;0.0853304
942766.5;1228304.5;4;1.6270235;0.0007513;10.4539766;20.1974297;81.8967438;7.9864593;33.7480011;14.9866934;18.1626415;36.8547821;13.2280188;0.1528128;0.6964905;5.8984332;0.0070209;246.4375;-0.9166243;0.9414593;0.1531607;0.0003405;0.6827744;0.0885129;-107.6667023;-0.3997498;-0.1271605;1.260662;85.8318787;-142;37.9244576;5.427238;41.545845;0.1187382;0.0920431
947227.5;1228304.5;4;1.0308008;0.0007894;19.3677101;11.3806705;140.5710144;7.9866672;32.7475891;7.490016;22.2768612;36.3275566;14.8008547;0.2639336;1.2474358;5.7437854;0.0130063;232.3722992;-0.7919948;0.9498286;0.1647776;0.0004257;0.6444612;0.0490361;-54.4444389;-0.6105278;0.2518519;1.043673;75.0719833;6;42.7762833;5.4752393;36.9084892;0.1409454;0.1059513
951688.5;1228304.5;4;1.0237386;0.000704;16.0992813;12.7369452;119.1940689;7.9875054;33.1730385;6.3689852;23.1431866;36.346344;8.0041389;0.3086002;1.3049117;5.3809991;0.010871;152.5576935;0.4608551;0.9610484;0.1476608;0.0004814;0.606148;0.0352289;-20.4444408;-0.8874754;0.0794753;0.6095156;43.4539604;-9;43.4435539;4.9620786;34.6785164;0.3706232;0.1322087
956149.5;1228304.5;4;0.994777;0.0007662;19.776371;10.7233429;145.3900146;7.9871688;32.7396927;6.8322887;22.5777817;35.7797813;11.7732592;0.3041506;1.3528509;4.4234691;0.01328;166.8069;0.2282342;0.9723477;0.1580834;0.0004918;0.5616629;0.0292534;-30.1111107;-0.9736063;-0.0907549;0.5555978;40.7906418;-42;41.7069931;5.4752393;34.9698067;1.093586;0.1675257
960610.5;1228304.5;4;0.8315009;0.0008359;23.2636852;8.245779;162.1481018;7.9871688;32.3311539;6.2594805;23.8545513;35.7797813;11.6686497;0.3109142;1.4851983;4.4234691;0.015739;242.2651062;-0.8851102;0.961792;0.1607615;0.0005022;0.4465723;0.0292534;0;-0.4653814;-0.2128713;2.3544791;187.3303986;-52;42.1694298;5.4752393;33.7746277;1.093586;0.1485178
965071.5;1228304.5;4;0.7999481;0.0007938;25.1346169;10.5074854;178.0017395;7.9848199;32.0223694;12.6458721;25.8560467;36.2118759;9.2384186;0.3055029;1.5201143;4.2412205;0.0172079;240.4340973;-0.8697891;0.9691883;0.1580397;0.0005753;0.4229036;0.0292535;0;-0.4934238;0.0742574;2.1655829;207.0066071;217;41.7886658;5.4750738;36.6562767;1.2785944;0.1746622
938305.5;1223843.5;4;2.3958774;0.0006992;0.2005623;31.1716194;11.81215;7.9836793;34.8646812;26.5892944;13.136385;37.1566925;11.8197594;0.0237358;0.0634937;5.9132309;0.0001432;214.5225983;-0.566731;0.9273825;0.1395375;0.0002553;0.7739611;0.107181;-186.1428986;-0.8239029;-0.1984963;0.3370487;26.9996204;-205;35.9550819;4.7656336;42.2863655;0.0601069;0.0748359
942766.5;1223843.5;4;2.0778501;0.0006188;1.8050295;26.8958664;37.7443657;7.9841557;34.7094078;18.5365906;14.8026295;37.0606613;12.9314699;0.1108056;0.3237292;5.8619442;0.0012869;243.0198059;-0.8911631;0.9357284;0.1319189;0.0002968;0.7356448;0.0892237;-148.1110992;-0.453683;-0.1106538;0.9905807;69.7430878;-175;36.5928307;5.3825941;41.6654396;0.0773212;0.0825666
947227.5;1223843.5;4;1.7714988;0.0005404;3.3441906;22.7691975;62.8107033;7.9865489;34.5600967;10.7891855;16.4128571;36.8349724;14.744895;0.1960148;0.5776919;5.7459235;0.0023923;220.7205048;-0.65237;0.9399531;0.1246026;0.0003383;0.6973285;0.0613247;-102.1110992;-0.7579007;0.1548464;1.003805;67.0960236;-73;39.2377205;5.4752393;40.5445976;0.0503815;0.0893773
951688.5;1223843.5;4;1.7336923;0.000509;3.381315;22.0714703;67.9618073;7.9865394;34.5480194;10.0636425;16.7346706;36.6187325;14.8531666;0.2384325;0.6873776;5.3308244;0.0026153;169.9804993;0.1739838;0.9468402;0.1242413;0.000411;0.6590122;0.0473992;-80.2222214;-0.9847485;0.1402258;0.9225315;60.8180809;-54;43.8344727;5.4752393;39.3468094;0.1321542;0.0981836
956149.5;1223843.5;4;1.6958858;0.0004776;3.4184391;21.373745;73.1129074;7.9862185;34.5359421;9.3380995;17.0564842;36.305275;14.2676287;0.2808502;0.7970633;4.6071453;0.0028383;168.7758026;0.1946481;0.9567793;0.12388;0.0004663;0.5505686;0.0482402;-88.6666565;-0.9808732;0.0562015;0.8410982;54.6422691;-79;39.253933;5.4752393;38.2943993;0.5545383;0.1058104
960610.5;1223843.5;4;1.1227503;0.0007175;16.2509727;12.6717272;132.0770569;7.9865355;33.0835266;7.3068228;21.5552158;36.1176109;13.4477167;0.3020849;1.2561401;4.4012842;0.0114177;237.2680054;-0.8412085;0.950906;0.1432942;0.0004864;0.4952864;0.0489408;-25.7777805;-0.5407108;-0.146287;1.730211;126.6436996;-84;37.3627014;5.4752393;37.5387383;0.6750792;0.0986064
965071.5;1223843.5;4;0.8297374;0.0007521;21.6215019;9.5214491;156.9981842;7.9874449;32.2883453;11.5083685;24.1100864;36.2466125;11.6289015;0.2921095;1.3683412;4.4086123;0.0140348;246.4579926;-0.9167674;0.9594167;0.1475165;0.0005483;0.4093746;0.029258;0;-0.3994215;0.184434;2.5301969;170.1269989;172;39.0107765;5.4750633;37.3754272;0.7872027;0.0995076
938305.5;1219382.5;4;2.5379086;0.0006926;0.0002181;32.6679535;7.4792094;7.9813867;34.8583412;31.5312004;12.2715702;37.3625069;11.4116802;0.0149939;0.0395325;5.912931;6.40E-06;233.7751007;-0.8067031;0.920368;0.1466133;0.0002116;0.8268346;0.1130462;-199.75;-0.5909569;-0.6008065;0.342245;24.2009792;-237;37.0577698;4.5637026;42.4283066;0.0215252;0.0666632
942766.5;1219382.5;4;2.3127823;0.0006328;0.0019626;29.9895573;20.3574123;7.9820552;34.8871422;24.0053272;13.3696127;37.1986198;11.6485443;0.0673485;0.163372;5.8262024;5.73E-05;248.002594;-0.9272007;0.9264233;0.1326866;0.0002531;0.7885152;0.089446;-173.8571014;-0.3745648;-0.0496515;0.5228158;49.5477486;-182;36.3215981;4.7010627;41.8508224;0.0375192;0.0730793
947227.5;1219382.5;4;2.0959523;0.0005746;0.0036936;27.4027214;32.8468628;7.9836941;34.9146194;16.7721519;14.4311686;37.1114082;13.4395895;0.118738;0.2851931;5.5961795;0.0001122;200.1959076;-0.3452311;0.9348092;0.1191809;0.0003361;0.7501957;0.064743;-146.375;-0.9385177;0.0358333;0.6276736;51.8843384;-141;36.8842239;4.7698669;40.8835526;0.0616244;0.079769
951688.5;1219382.5;4;2.0699391;0.0005528;0.0051135;26.9217262;36.3950272;7.9850979;34.9117126;16.2710781;14.6535177;36.9622536;13.0904961;0.1479299;0.3605889;5.2586207;0.0002616;168.7689056;0.1947662;0.9402468;0.115357;0.0003758;0.7118763;0.0494785;-144.7778015;-0.9808497;-0.024127;0.9147451;59.6187515;-149;33.6462326;4.711112;40.0720291;0.0970466;0.0833083
956149.5;1219382.5;4;2.0439262;0.0005309;0.0065334;26.440733;39.9431877;7.985507;34.908802;15.7700033;14.8758678;36.6986046;13.2767353;0.1771218;0.4359847;4.7446251;0.000411;176.4880981;0.0612568;0.9411807;0.1115331;0.0004153;0.584841;0.0624517;-146.2221985;-0.998122;-0.1987301;0.890879;57.6787605;-181;35.2432098;4.7057981;39.6464729;0.1510663;0.0842888
960610.5;1219382.5;4;1.5398363;0.0006594;9.4153852;18.9170685;90.3264008;7.9858007;33.8481064;11.7056694;18.5639858;36.5092964;14.2134132;0.2296233;0.8619372;4.3755631;0.0067309;225.1730957;-0.7092398;0.9369624;0.1244018;0.0004548;0.5196435;0.0717667;-99;-0.7049673;-0.1221945;1.50246;112.6784973;-148;36.427269;5.4752393;39.3881035;0.1898539;0.0832113
965071.5;1219382.5;4;1.0149604;0.0007943;19.2332554;11.0872002;142.7459259;7.9884777;32.7414207;7.4864097;22.4027901;36.4660606;13.5670595;0.2831384;1.3031313;4.3731089;0.013319;231.493103;-0.7825333;0.9480135;0.1379963;0.0005004;0.454446;0.0295897;0;-0.6226087;-0.0906483;2.6278951;175.0180969;-35;41.975853;5.4752393;38.849556;0.3645656;0.0727786
969532.5;1219382.5;4;1.3146347;0.0007099;14.2059736;15.4502087;143.2793274;7.9880514;32.7864075;9.7895012;20.0620117;36.7405777;8.8309374;0.2790595;1.1640457;4.2247849;0.0131535;217.6923981;-0.6114216;0.9571499;0.1313401;0.0005302;0.3892484;0.0292691;0;-0.7913051;0.0475219;1.766299;155.5449066;142;44.9200058;4.944993;39.0060577;0.9679228;0.066137
947227.5;1214921.5;4;2.3108675;0.0006833;0.0008341;30.2586117;15.4610415;7.9820137;34.8854599;23.4613819;13.4711428;37.3853378;12.5772972;0.0389986;0.0919693;5.5884824;2.53E-05;190.3972931;-0.1804735;0.9235774;0.1229047;0.0002924;0.803063;0.0823767;-181.3332977;-0.9835798;-0.2905984;0.3557697;28.1108894;-204;34.9766273;4.8057513;41.3576813;0.0368622;0.0746141
951688.5;1214921.5;4;2.3049607;0.0006787;0.0011554;30.1485081;16.2629642;7.9832249;34.8962708;23.3482361;13.5227604;37.2629356;12.64575;0.0456133;0.1090574;5.29814;5.91E-05;151.6166992;0.4753686;0.924829;0.1139213;0.0003406;0.6942264;0.0702243;-194.125;-0.8797867;0.0117188;0.4524732;33.171669;-193;33.8474884;4.7958221;40.8159142;0.0504409;0.0826331
956149.5;1214921.5;4;2.2990537;0.0006742;0.0014768;30.0384026;17.064888;7.9841065;34.9070854;23.2350903;13.574379;37.094223;13.5285616;0.0522281;0.1261454;4.7876439;9.28E-05;172.9772034;0.1222642;0.9247736;0.1049378;0.0003898;0.6191135;0.0817776;-199.6667023;-0.9924976;-0.3120567;0.4463736;33.4165611;-229;35.0036736;4.7995467;40.6652336;0.0523329;0.0837994
960610.5;1214921.5;4;2.0104859;0.0006088;2.1340439;25.9519463;43.3908691;7.9847808;34.6687202;17.0600243;15.2292423;36.9532089;14.5150928;0.1397966;0.4081928;4.3758054;0.0016445;241.1809998;-0.8761471;0.9292043;0.103908;0.000439;0.5440006;0.0908412;-162.8889008;-0.4820438;-0.1744498;0.9855758;69.2041168;-199;34.749588;5.4619527;40.601532;0.051589;0.0823453
965071.5;1214921.5;4;1.7096283;0.0005408;4.3593173;21.6926041;70.8265915;7.9881644;34.4195213;10.6213961;16.9538116;36.6177521;14.049448;0.2308848;0.7017602;4.3218446;0.0032622;264.805603;-0.9958932;0.9501533;0.103224;0.0004882;0.4688877;0.0380461;-45.7777786;-0.0905359;-0.1323877;1.98496;147.2653046;-108;36.9907303;5.4752393;40.8829422;0.1331978;0.0806854
969532.5;1214921.5;8;1.6720212;0.0005323;4.6374764;21.1601868;74.2560577;7.987731;34.3883705;9.8165674;17.169384;36.7254066;14.1301479;0.2422708;0.7384561;4.3872089;0.0034644;277.644989;-0.9911113;0.9629414;0.1031385;0.0005374;0.3937747;0.0308146;0;0.1330349;-0.0650839;1.447606;134.7460022;37;41.5116119;5.4712315;41.1607018;0.4968281;0.0762204
973993.5;1214921.5;4;1.4361801;0.0007448;13.4456549;17.9614563;149.6321259;7.9866772;32.9270554;14.4158249;18.4921341;36.9214287;9.7739906;0.2960006;1.2540967;4.1182661;0.0198396;279.3908081;-0.9865983;0.9579849;0.1532701;0.0007233;0.4477128;0.0297342;0;0.163168;0.3872549;0.845978;81.5812531;241;48.2549057;5.4564762;41.5892296;1.5530556;0
951688.5;1210460.5;4;2.4196987;0.0007116;1.00E-06;31.5414886;9.2831688;7.9808884;34.8821449;27.0872746;12.9495764;37.6210136;13.3329325;0.0140567;0.0330893;5.3315582;0;144.7276001;0.5774646;0.909902;0.1197894;0.0003108;0.7326959;0.0961622;-218.7142944;-0.8164157;-0.0064937;0.1612238;14.7813997;-219;33.9786148;5.0208502;41.0266762;0.0112635;0.0794149
956149.5;1210460.5;4;2.3752148;0.0007158;2.00E-06;31.1052094;10.3545017;7.9824777;34.9061203;25.4777756;13.1855288;37.5139961;13.548522;0.0157175;0.0356384;4.8134003;0;126.2537994;0.806405;0.9162343;0.1102051;0.0003685;0.6487832;0.1033341;-218.2221985;-0.5913636;-0.3832198;0.0298583;17.5041409;-237;35.3392639;5.1141477;40.920536;0.011686;0.0853512
960610.5;1210460.5;8;1.9183152;0.0006287;2.1981642;24.4607754;54.1637344;7.9837818;34.4289207;17.6472378;16.1102791;37.370224;14.8101101;0.1251465;0.4505233;4.3824053;0.0033613;273.1798096;-0.9984604;0.932685;0.1027845;0.0004263;0.5648705;0.107287;-179;0.0554701;-0.4064516;0.8680752;59.740181;-242;34.4339409;5.4752393;40.7853775;0.0109431;0.0898388
965071.5;1210460.5;8;1.4434843;0.0005375;4.4918985;17.546423;99.831131;7.9840508;33.9299316;9.5462208;19.1519337;37.0656013;13.8858156;0.239261;0.8833358;4.2649121;0.0068687;277.9305115;-0.9904362;0.9605592;0.0954579;0.0004841;0.4809578;0.0986075;-47.5555611;0.1379714;-0.0825197;2.6042809;167.9676971;-87;36.0192146;5.4752393;40.5426674;0.0054358;0.0906858
969532.5;1210460.5;4;1.2492331;0.0007447;8.3637104;14.6613398;129.1768799;7.9858923;33.6641769;7.7287827;20.6522427;36.5134964;11.6258049;0.2828052;1.1276296;4.6459122;0.0064964;286.8924866;-0.9568515;0.9612504;0.1176396;0.0005687;0.4496563;0.046341;0;0.2905775;0.4690954;2.186502;154.3851013;228;40.2702065;5.470768;40.670063;0.3525889;0.1099963
951688.5;1205999.5;8;2.4849083;0.0007061;1.00E-06;32.1793747;7.7190113;7.9792352;34.8685608;29.4517918;12.6059799;37.5330009;14.5383883;0.0116366;0.029412;5.3491445;0;298.6441956;-0.8776134;0.9133178;0.1286651;0.0003184;0.7311367;0.1226264;-209.8000031;0.479369;-0.2494623;0.2176553;33.8549805;-233;36.1512718;4.939086;41.022316;0;0.0853894
956149.5;1205999.5;8;2.3776841;0.0007156;2.00E-06;31.1298981;10.3014936;7.9808965;34.9054642;25.5700588;13.172471;37.2974777;10.4898682;0.0156;0.0354448;5.0418897;0;335.441803;-0.4156175;0.925002;0.120357;0.0003767;0.6462336;0.1210582;-202;0.9095395;-0.1238938;0.5329672;40.3112907;-216;35.3750114;4.8856778;40.8677788;0;0.0953653
960610.5;1205999.5;8;1.594395;0.0006775;5.2868862;19.4588814;88.6988831;7.982305;33.7524796;16.2715111;18.7272263;36.9651184;11.1132097;0.1414515;0.6971199;4.7864861;0.0078793;306.6647949;-0.8021428;0.9425417;0.109637;0.000435;0.5613305;0.1167032;-154.1110992;0.5971322;-0.2063492;0.9864613;68.2551498;-196;35.0547562;5.3324175;40.5848923;0;0.1069215
965071.5;1205999.5;3;0.7817119;0.0006372;10.8036346;7.3260598;170.3925781;7.9827771;32.54776;6.7374501;24.4988632;36.2738953;10.9658384;0.2726025;1.3873012;4.7232356;0.0161011;280.961792;-0.9817541;0.9588193;0.098812;0.0004934;0.4764274;0.1020206;0;0.1901549;-0.1660364;3.0024281;205.5231934;-97;34.4014053;5.3633966;39.8263512;0;0.1137623
969532.5;1205999.5;3;1.0627118;0.0007911;19.0086994;9.1275539;156.8980408;7.9861851;32.7056313;7.5199966;23.8607521;36.3196335;9.7436275;0.3101369;1.4318117;4.8402061;0.0132206;285.1400146;-0.9652906;0.9636536;0.1235395;0.0005867;0.4739759;0.0942329;0;0.2611783;0.2824859;2.10098;184.1925049;236;40.5192871;5.47047;40.7612724;0.4034458;0.1286523
956149.5;1201538.5;8;2.2335019;0.0006361;0.0050105;29.1551189;22.8263512;7.9793348;34.9142151;21.2851715;13.8407307;36.8242149;8.7578726;0.0780092;0.1888142;5.3521833;0.0001029;338.8731079;-0.360435;0.9372039;0.1114766;0.0003849;0.643684;0.1372359;-146.4286041;0.9327843;0.010989;0.886174;71.531929;-144;37.1527634;4.2482266;40.5248985;0;0.1096466
960610.5;1201538.5;3;1.3864228;0.0007002;9.1112623;16.4235439;108.5784149;7.9806099;33.4177246;13.4038792;20.0876236;36.2389755;10.9521265;0.1859213;0.8998989;5.3511229;0.0099055;323.3034973;-0.5975769;0.9526277;0.1147344;0.0004438;0.5577905;0.1237046;-97.5555573;0.8018116;-0.1182122;1.273036;81.2364273;-129;34.5943565;5.124609;40.1500626;0;0.1385498
965071.5;1201538.5;3;0.5119073;0.0007682;18.6133308;3.2424965;197.6491241;7.9811387;31.8541641;5.5025034;26.5567856;35.1183357;11.3934498;0.2969798;1.6383113;5.3763657;0.0201322;286.5802002;-0.9584212;0.9716573;0.1187544;0.0005027;0.4718969;0.1047475;0;0.2853572;-0.1576182;2.8832991;187.0780945;-39;36.0491676;5.3313036;39.5158844;0;0.1806548
969532.5;1201538.5;3;0.8346993;0.0008578;30.8825359;2.5965967;175.0858917;7.9841137;32.2653503;6.7160645;25.5134125;36.0923729;9.1543283;0.3200556;1.8102117;4.9893279;0.0219124;277.6062012;-0.9912012;0.9619898;0.1332213;0.0005563;0.4889438;0.1050976;0;0.1323638;0.5134181;2.6297469;172.0413055;375;41.2687263;5.4656744;40.3515663;0.3912691;0.1641587
956149.5;1197077.5;8;2.0013289;0.000509;0.0130243;25.9806595;42.8979301;7.9782286;34.9286041;14.3739815;14.9177809;36.5495338;9.3429203;0.1779344;0.4343215;5.466814;0.0002675;315;-0.7071069;0.9387601;0.0911768;0.0003931;0.6411344;0.134341;-93.8333435;0.7071066;-0.0088384;0.315539;41.8067589;-95;39.8530045;4.3289452;40.0170479;0;0.1175894
960610.5;1197077.5;3;1.2480191;0.0007073;13.3770313;14.5681381;119.6645813;7.9794407;33.2879791;9.6411047;20.694088;35.9966736;11.0919619;0.2472899;1.0763873;5.5571976;0.0104367;289.403595;-0.9432017;0.9528897;0.1187788;0.0004525;0.5542505;0.1199796;-60.8888893;0.3322206;0.2520046;0.8406571;61.4499702;-12;40.8475456;5.2751708;39.5320396;0;0.1613598
965071.5;1197077.5;3;0.5568458;0.0007831;20.5480328;4.0303025;204.9615936;7.981782;32.2264252;6.0235853;26.2587032;36.0563583;10.2971182;0.3101317;1.5807587;5.4766603;0.0192057;270.9614868;-0.9998592;0.9604133;0.1391843;0.0004953;0.4816389;0.1034627;0;0.016781;-0.0559965;2.294524;170.4723969;50;41.6246986;5.4702826;39.0360909;0.0329057;0.159819
969532.5;1197077.5;4;0.6903055;0.0008781;28.5670376;1.9934993;156.3500061;7.9850187;32.3369713;7.2937598;25.8800564;36.1388741;8.898201;0.3251261;1.999621;5.1123161;0.0236217;260.9118958;-0.9874467;0.9605519;0.1549165;0.0005598;0.5005795;0.1079035;0;-0.1579527;0.2789855;1.656026;156.5276947;271;46.6774635;5.470489;41.3469162;0.2395062;0.1697411
956149.5;1192616.5;4;1.5748686;0.0003962;1.1160945;19.3835468;88.2495193;7.9773812;34.4868622;9.4751673;18.1955509;36.3877716;14.8394947;0.2436225;0.7382418;5.4701853;0.0038399;248.1985931;-0.9284766;0.929562;0.1006793;0.0004012;0.6385849;0.120601;-76.6666565;-0.3713908;-0.2037037;0.1555959;30.8202705;-95;42.1965332;5.3270144;39.8461914;0;0.1187156
960610.5;1192616.5;4;1.0068395;0.0006818;15.7041025;10.8675766;144.6806641;7.9784937;32.9835739;6.9356122;22.5119991;36.0323906;14.5597582;0.286917;1.2647908;5.559576;0.0126385;262.6676941;-0.9918225;0.9419225;0.1354284;0.0004613;0.5507104;0.1092917;-30.3333302;-0.1276245;-0.2453901;0.8803561;76.6594162;-88;38.5631599;5.4166059;39.2402802;0;0.1566979
965071.5;1192616.5;4;0.4404466;0.0009858;30.9026051;2.3267727;201.7525482;7.9810452;31.4213829;4.9925079;26.8495369;36.2731934;10.0077019;0.327006;1.7989384;5.6054206;0.021738;260.2279968;-0.9854909;0.9649569;0.1724851;0.0005214;0.462836;0.0987539;0;-0.1697285;-0.1657754;1.805771;137.4199982;4;45.0053024;5.3956537;39.0948486;0.0488805;0.2002607
956149.5;1188155.5;3;0.9840111;0.0002955;3.1457508;9.8903437;154.9918976;7.9765439;33.6591644;6.2791324;23.3354683;36.3645859;11.4931412;0.2803408;1.0915885;5.4486012;0.0102956;6.5462909;0.1140059;0.9289542;0.1353992;0.0004094;0.6360353;0.11356;-44.3333282;0.9934801;-0.1051852;0.7884259;77.9201889;-68;43.2300606;5.2669888;40.2288704;0;0.1283631
960610.5;1188155.5;3;0.6786957;0.0006287;16.3907394;5.6057267;181.4835968;7.9780469;32.5313873;5.1247425;25.3549767;36.0492516;11.3793964;0.3081473;1.4632764;5.560699;0.0162539;310.8554077;-0.7563632;0.9278902;0.162744;0.0004701;0.5471704;0.1042461;-7;0.654152;-0.4042553;0.9421956;88.0921173;-102;40.3867569;5.3236799;38.7635841;0;0.1679865
965071.5;1188155.5;3;0.7149172;0.0009218;26.4885559;2.6853247;193.9767151;7.9808049;32.3655434;8.5099802;27.1038322;36.3891945;10.7544003;0.3282903;1.7064687;5.6228271;0.0203635;272.1210938;-0.9993148;0.9668611;0.1661419;0.0005246;0.4575153;0.1160775;0;0.0370118;0.2605042;1.604269;123.4225006;133;45.2854729;5.4623494;39.4928284;0.0917518;0.2247485
956149.5;1183694.5;8;1.3686557;0.000545;3.9933755;14.7707281;140.5215454;7.9818583;33.9424667;11.0908699;24.654068;36.4922142;11.5875998;0.2946879;1.0974288;5.5568461;0.0123814;13.9914503;0.241777;0.9665509;0.1547431;0.0004222;0.5994071;0.1264987;0;0.9703318;0.0822591;1.493471;183.3309021;123;39.9682007;5.2904639;40.8565063;0.010929;0.1945229
960610.5;1183694.5;3;1.1734183;0.0005549;15.2324419;6.4888802;165.4708405;7.9780655;32.8218689;8.190856;26.0534668;36.5240555;9.6095972;0.3115112;1.530915;5.7015815;0.0132433;356.3890076;-0.0629817;0.9756225;0.1651478;0.0004788;0.5436304;0.1046544;0;0.9980147;-0.2242685;1.98717;150.8905029;-36;41.7478485;5.1638904;39.0694199;0.0203874;0.1798488
965071.5;1183694.5;3;1.1610146;0.0008037;22.4414196;2.1894355;148.3666077;7.9797692;32.7377548;11.5962296;26.3368454;36.7239456;9.6433716;0.3197505;1.458843;5.5218325;0.0170816;0.3558698;0.0062111;0.9768616;0.1743023;0.0005131;0.4740436;0.1115688;0;0.9999807;-0.0641498;0.7752765;172.1582947;66;45.5704346;5.4281263;40.3312874;0.1599966;0.2247273
956149.5;1179233.5;3;1.4164662;0.0006346;6.2614012;10.989152;133.5574951;7.9784427;33.1629295;13.4687624;22.0908051;36.5881271;11.4649839;0.2920381;1.2026803;5.3942137;0.0115085;300.7981873;-0.8589755;0.9757727;0.157501;0.0004464;0.6046814;0.1360595;0;0.5120167;-0.1178197;0.9529651;156.4575043;112;40.1983337;5.3155875;41.5545311;0.0266409;0.216971
965071.5;1179233.5;4;1.4938227;0.0007079;21.6669712;3.7619915;65.0594635;7.9828596;33.3832092;9.8979635;24.2336769;36.8657837;8.5010738;0.309065;1.4573509;5.4460115;0.0143282;68.3643417;0.9295472;0.9701195;0.1899352;0.0005354;0.4922959;0.1095189;0;0.3687032;-0.0849057;0.9272408;179.1459045;103;44.7504082;5.437129;38.649559;0.3559035;0.2274221
956149.5;1174772.5;4;1.608439;0.0006338;6.0134578;9.0407171;90.9030304;7.9775186;33.347847;14.5029936;20.5456238;36.5925865;13.1019449;0.3058383;1.0601178;5.4063644;0.0121194;185.4976959;-0.0958052;0.9770018;0.1644471;0.0004855;0.604315;0.1411707;0;-0.9954001;0.1011765;0.9884332;157.0108032;201;40.6657906;5.3219728;39.5526772;0.0434383;0.2142885
956149.5;1170311.5;4;1.7490455;0.0004992;2.5581329;15.9435167;74.00177;7.9768424;33.9916382;12.9687986;16.1415234;37.0893097;14.2183161;0.2597936;1.0357593;5.4556189;0.0078075;177.7093964;0.039968;0.9750193;0.1589802;0.0004192;0.6271745;0.1266578;0;-0.9992009;-0.0522059;0.9236448;91.3923416;16;38.1368179;5.4084239;38.4369659;0.0426642;0.2080512
960610.5;1170311.5;4;1.5828508;0.0005791;14.1286364;8.6179752;102.2851181;7.9758105;33.6460266;11.6995783;19.4122581;36.9680214;11.8147573;0.2912166;1.2391167;5.5021539;0.0089238;165.5791931;0.2490411;0.977747;0.1823874;0.0005626;0.5045952;0.1089939;0;-0.9684929;-0.026348;0.5800753;83.7046738;20;40.514122;5.4334745;37.3972855;0.0654434;0.2174641
956149.5;1165850.5;4;1.8886546;0.0003998;0.0362016;23.3263531;66.7557907;7.971559;34.8735428;15.4837246;15.8013105;36.8098335;13.5841541;0.3060151;0.7854585;5.4261103;0.0017884;213.4078064;-0.5505947;0.9799796;0.1499881;0.0004193;0.6250901;0.081179;-27.6000004;-0.8347726;-0.4018519;0.542245;44.4009018;-71;39.7559814;4.999156;38.4763527;0;0.1755112
960610.5;1165850.5;4;1.5572419;0.0005743;14.8028154;17.5914459;97.4749908;7.9746494;34.1048393;11.3659649;17.4356556;37.1651192;12.2651529;0.2852578;1.0243955;5.5779352;0.0099773;221.4049988;-0.6613771;0.9701986;0.1745191;0.0005291;0.4989136;0.0973543;-13.8571396;-0.7500536;-0.009768;0.4344333;43.6002197;-15;40.5441246;5.4133611;37.0347099;0.0328574;0.1948386
965071.5;1165850.5;4;1.4089805;0.0007408;21.8735256;10.6783695;126.8249054;7.9740505;32.9699249;10.340764;21.5236816;37.1644745;11.0382433;0.2610138;1.2994198;5.5637722;0.0124754;260.5376892;-0.9863939;0.9738891;0.1777603;0.0005955;0.4720351;0.0955202;0;-0.164399;0.0540816;0.3319728;42.0233192;12;42.3996582;5.4652767;37.5709915;0.1239936;0.2578116
960610.5;1161389.5;4;1.6993672;0.0007154;11.8438511;20.0957146;92.6295166;7.9720492;33.5804672;21.3850555;17.7884445;36.8192673;13.7750006;0.2096532;0.8945197;5.5423489;0.0085742;228.3549042;-0.747275;0.9694172;0.1538543;0.0004839;0.557276;0.0726259;-38.5;-0.664515;-0.3897638;0.6594265;49.5067291;-88;37.8887863;5.4153099;38.8737068;0;0.1872778
965071.5;1161389.5;4;1.3156421;0.0008276;22.3973618;14.5211077;151.7338715;7.9735951;32.973671;9.6608982;23.1524372;37.1743088;12.5935001;0.2745226;1.1773403;5.6763754;0.0154028;280.4914856;-0.983282;0.9701338;0.1838315;0.0005484;0.4915462;0.0816854;0;0.1820892;0.0037037;0.9696043;117.2080994;29;43.6355247;5.4242392;37.9729729;0.0599638;0.2297922
969532.5;1161389.5;3;1.0729791;0.00092;25.4030266;13.2685299;155.9428101;7.9719596;32.5316582;11.7101698;24.2481003;37.3594017;9.7226543;0.3010891;1.300544;5.6592426;0.01695;332.9410095;-0.4549071;0.9690354;0.1634269;0.0006227;0.4653703;0.0695107;0;0.8905389;-0.0045267;0.8326954;122.8786011;52;44.3097153;5.4701252;36.4346123;0.1920807;0.2494415
965071.5;1156928.5;4;0.668962;0.0009606;28.9655361;5.6809564;180.4278259;7.9710426;31.8516922;8.4199829;25.081871;37.0825157;12.9669018;0.2957275;1.6225152;5.622293;0.0196982;238.6882935;-0.8543523;0.9433091;0.184211;0.0005498;0.4994102;0.0800084;-10.4285698;-0.5196943;-0.1754938;1.812479;150.3014984;-98;41.2781525;5.4338017;37.1861267;0;0.217874
969532.5;1156928.5;4;0.9239209;0.0008867;24.8333988;11.2440586;154.712204;7.9695964;32.6903229;9.1475992;24.5249577;37.2521935;11.7902164;0.2817413;1.349141;5.7834897;0.0167583;252.7653961;-0.9550994;0.9680921;0.1632669;0.0006006;0.4383314;0.0761876;0;-0.2962856;0.5233324;2.6636009;181.2917023;307;44.3654022;5.4731421;35.5277176;0.1536088;0.2081781
965071.5;1152467.5;4;1.4402871;0.0007732;13.5173969;17.5665817;101.8848953;7.9702816;33.4946213;14.5073948;19.08144;37.2073517;14.2732668;0.176612;0.8460777;5.6514935;0.009201;233.9055023;-0.8080468;0.9498876;0.1416282;0.0005133;0.5057495;0.0873619;-32.5999985;-0.5891182;-0.3194389;1.6126209;174.184494;-192;42.4635696;5.4205284;39.0023041;0.0016212;0.1921195
969532.5;1152467.5;4;1.0474644;0.0008453;20.2741852;11.7100019;137.1940765;7.9708848;32.8031883;8.9305525;22.0697975;37.1710892;14.2095461;0.2337042;1.1965986;5.7033076;0.0138158;247.1401062;-0.9214575;0.9708177;0.1545865;0.0005761;0.448152;0.0709098;0;-0.3884792;-0.2573719;2.209523;195.2397003;-83;42.2188606;5.4332657;38.6487389;0.0027743;0.218481
973993.5;1152467.5;4;0.9472122;0.0009027;29.9067039;8.5403643;151.0134888;7.9664974;32.7251549;10.4998922;24.3353367;37.5391502;10.5842361;0.2933646;1.3507317;5.759037;0.0218817;240.5592957;-0.870865;0.9638852;0.1717773;0.000625;0.4413005;0.0759116;0;-0.4915222;0.4564356;2.173954;179.3739929;306;45.2798042;5.4546571;35.9830093;0.3130134;0.2601227
969532.5;1148006.5;8;1.3507195;0.0007755;14.4511232;16.3250122;106.0779648;7.969491;33.4302254;11.1211681;19.790966;37.3039322;13.7953968;0.1864886;0.8973623;5.7403579;0.0098409;270.9352112;-0.9998668;0.9702958;0.1348261;0.0005127;0.4556448;0.0859772;0;0.0163214;-0.2745267;2.2608459;188.7868958;-97;39.061409;5.4338017;38.6125259;0.0133433;0.1829312
973993.5;1148006.5;3;1.0221626;0.0007653;23.4733639;14.0035448;151.4503479;7.9674802;32.7925072;11.2343178;23.959837;37.4917679;11.658783;0.2767324;1.3435174;5.8046966;0.0208241;265.2276001;-0.996533;0.9625404;0.1554184;0.0005474;0.4397042;0.0887504;0;-0.0831986;0.2375102;1.735888;176.4669037;175;43.3039589;5.4718199;37.4930534;0.2604473;0.2526218
969532.5;1143545.5;8;1.4654889;0.0008044;14.7856846;17.6801758;99.030426;7.9678845;33.4140472;14.9014826;19.3617916;37.4554672;13.6449652;0.1683306;0.8564404;5.7723994;0.0098482;260.7701111;-0.9870527;0.9471707;0.1230934;0.0004494;0.4631375;0.099129;0;-0.160396;-0.4059299;1.820787;148.8860016;-101;41.055645;5.4208894;38.4193993;0.0287688;0.2058015
973993.5;1143545.5;4;0.970759;0.0008674;23.7332535;9.3397675;164.8281403;7.9647541;32.5034256;11.7850447;23.4089966;37.7421913;12.1108303;0.2310872;1.2990882;5.8559775;0.0204379;254.552002;-0.9638728;0.9642603;0.1632543;0.0004864;0.4222448;0.0912856;0;-0.2663628;0.6096137;1.4219249;136.5240021;270;41.3758469;5.4678125;35.8775063;0.3226312;0.2643919
973993.5;1139084.5;4;0.6071844;0.0009639;31.7232437;4.7407689;185.4239807;7.967185;31.770689;7.7671304;25.6236362;37.843174;9.4023952;0.3051718;1.6868353;5.9485359;0.0206961;202.9886932;-0.39055;0.9661949;0.1610835;0.0004365;0.4192379;0.0944178;-5.2857141;-0.9205817;0.0143509;1.2657011;128.480896;1;39.1201324;5.3956537;35.3095512;0.3596447;0.2907072
978454.5;1139084.5;4;1.2113345;0.0009381;22.7363701;11.0698614;158.1168976;7.9635124;32.4723206;17.0785236;22.3439827;37.9426193;11.0302286;0.2035301;1.5315421;5.7848902;0.0115308;180.8905029;-0.0155422;0.9693308;0.1341187;0.0004913;0.4253314;0.1168396;0;-0.9998792;-0.1536926;0.3098369;114.3658981;15;43.5677452;5.4569645;33.0701714;1.0032228;0.3469007
969532.5;1134623.5;8;2.1118891;0.0007633;7.553153;26.3748913;47.9828339;7.9630547;34.1099396;26.9447289;15.3561983;37.8853493;11.9986181;0.0782856;0.4188003;5.7923627;0.0049277;262.2781982;-0.9909321;0.9464889;0.0920172;0.0003226;0.4781231;0.1089665;-93.4000015;-0.1343637;-0.4414201;0.7645395;64.1890869;-168;38.9125061;5.4107356;37.0581932;0.106784;0.2191707
973993.5;1134623.5;4;1.6069403;0.0008321;16.1853275;18.9586811;96.4061966;7.9644685;33.2648849;21.284523;18.8341122;37.9754906;12.0215483;0.1584646;0.8706133;5.9856668;0.0105592;244.3493958;-0.9014505;0.9615065;0.1173374;0.000369;0.428799;0.0978488;-57.375;-0.4328822;-0.0362022;1.034462;69.3702698;-64;38.1152229;5.4379821;35.4736099;0.4568904;0.2777666
978454.5;1134623.5;8;1.7416397;0.000906;8.9186563;19.0515499;76.6048431;7.9639153;33.8897209;21.9146214;20.5526295;37.8932495;11.7827673;0.1492276;1.1076009;5.8258424;0.0068539;258.343811;-0.9793773;0.9774772;0.1052519;0.0004261;0.4237854;0.1126821;0;-0.2020397;0.0062762;0.9374213;68.8458405;10;40.4893723;5.4444981;32.388504;1.0500625;0.3105072
969532.5;1130162.5;8;2.6268456;0.0006972;0.3021261;33.4750671;5.4608903;7.962513;34.7928848;35.0283546;11.9056692;37.8081017;14.7073021;0.0085478;0.0363141;5.7962208;0.0001971;277.7446899;-0.9908783;0.9354954;0.072978;0.0002592;0.4856159;0.1148026;-112.6667023;0.1347597;-0.4839744;0.6074665;45.507019;-163;40.2629585;5.0070581;36.0845108;0.1853694;0.2256501
973993.5;1130162.5;8;2.6066961;0.0007004;0.6474131;33.17659;7.3884239;7.9624052;34.7590828;34.801918;12.0445881;37.7621956;13.2783737;0.0117573;0.0543913;5.802496;0.0004224;271.578186;-0.9996207;0.9447616;0.0735912;0.0003015;0.4383601;0.1075519;-75.2222214;0.027542;0.0124844;0.9906821;65.0534363;-73;37.6460457;5.2853189;34.3971062;0.4114249;0.2709517
978454.5;1130162.5;8;2.6024983;0.0007011;0.7193479;33.1144104;7.7899938;7.9622231;34.7520409;34.7547417;12.0735292;37.684391;11.4491472;0.0124259;0.0581573;5.8131318;0.0004693;277.4313965;-0.9916005;0.9669237;0.073719;0.0003599;0.4401757;0.095263;0;0.1293388;-0.1335227;1.265689;111.8212967;-17;39.8539429;5.2881165;32.7879791;0.7945547;0.3327919
982915.5;1130162.5;3;1.868359;0.0008508;4.2409225;22.1341782;34.8321304;7.9623494;33.9761925;31.6008377;16.148262;38.146328;9.82897;0.2184361;0.7088909;5.5273552;0.0084831;328.1340027;-0.5279339;0.9656492;0.1231064;0.0004679;0.4806639;0.1329043;0;0.8492854;-0.1655405;0.4195843;107.452301;30;41.3099976;5.3761086;31.4077988;2.1399601;0.3763536
969532.5;1125701.5;8;2.6118951;0.0006977;0;33.4219093;4.4271431;7.9620466;34.8322601;34.0314445;11.9760218;37.7097244;8.2837496;0.0066024;0.0215832;5.7989917;0;305.1915894;-0.8172294;0.9469607;0.0736791;0.0002405;0.4932473;0.1197921;-87.8333435;0.5763124;-0.3497807;0.6795779;50.4724884;-141;38.9870911;4.8347468;35.739399;0.2639394;0.2421162
973993.5;1125701.5;8;2.5701621;0.0007019;0;33.0188179;5.2675123;7.9621367;34.8447456;32.5007629;12.2204838;37.6967583;10.0898809;0.0077055;0.0229662;5.8062296;0;294.7261047;-0.9083177;0.9655833;0.0712203;0.0002813;0.447794;0.1072364;-59;0.418281;-0.0470588;0.9171073;58.3266716;-67;36.0719452;5.0061731;33.1719322;0.5355468;0.2860521
978454.5;1125701.5;8;2.5614676;0.0007028;0;32.9348412;5.4425893;7.9622231;34.8473473;32.1818695;12.2714138;37.684391;9.5774937;0.0079353;0.0232543;5.8131318;0;276.0456848;-0.9944381;0.9729587;0.070708;0.0003401;0.4506117;0.095263;0;0.1053227;-0.0376421;1.310479;103.7360992;6;36.8711433;5.0180817;30.8597107;0.7945547;0.3433003
969532.5;1121240.5;8;2.5739052;0.0007011;0;33.0577354;5.1972303;7.9626665;34.8436584;32.6397285;12.1994562;36.9186554;7.0956745;0.0076045;0.0228415;5.7794299;0;336.0992126;-0.4051542;0.9576029;0.0752385;0.0002961;0.5011095;0.1121906;-42.7142906;0.9142483;-0.1830357;0.7566856;52.9331512;-72;40.070961;4.8904281;35.3707085;0.475538;0.2808249
973993.5;1121240.5;8;2.4885719;0.0007093;0;32.2360153;6.9247255;7.9618521;34.8691673;29.5118427;12.6992245;37.2632675;6.2076473;0.0098562;0.0256627;5.9499116;0;318.6852112;-0.6601963;0.9655849;0.0706483;0.0003396;0.4570157;0.1116225;-30.125;0.7510931;0.1195313;0.6710327;53.8340912;-11;37.9121056;4.6464114;32.0199242;0.8353603;0.3462279
978454.5;1121240.5;4;2.1169779;0.0007235;2.8768754;29.1255417;13.7508202;7.9609866;34.4369812;27.0822906;15.4182758;37.4440842;8.736475;0.1036113;0.4405506;5.6700277;0.0025362;243.5590057;-0.895393;0.9641327;0.1023511;0.0003958;0.443523;0.1211973;0;-0.4452769;-0.0920039;0.6632789;110.9421005;7;38.5006561;5.2069821;29.9450264;1.7896034;0.3603051
951688.5;1116779.5;8;2.8369446;0.0006245;0.0006678;36.6802368;29.9581985;7.9605236;34.6761665;63.7986488;8.5054932;36.2041817;6.296628;0.0500245;0.1302043;5.3250914;7.08E-05;330.5317993;-0.4919406;0.9495783;0.1074504;0.0001668;0.6799094;0.1347388;-138;0.8706288;-0.2805755;0.9070337;117.705101;-216;41.1628838;4.2169013;34.4231491;0.1080527;0.1773746
960610.5;1116779.5;8;2.4452291;0.0006034;0.0007212;31.325449;23.5546932;7.961019;34.8119354;30.865139;12.220418;36.2323227;7.4750152;0.0765553;0.1910418;5.6470571;8.88E-05;352.8884888;-0.1238002;0.9538755;0.1124782;0.0002593;0.5944406;0.1147833;0;0.9923072;-0.3587629;0.842729;67.7719727;-66;44.4027519;4.4791813;33.3519554;0.19762;0.2612185
965071.5;1116779.5;8;2.3654704;0.0006253;8.01E-05;30.4564056;20.9847527;7.9622598;34.8717842;26.4341812;12.9517174;36.1459656;6.1089773;0.0565912;0.1395195;5.7068715;3.38E-05;5.8189712;0.1013857;0.9648452;0.1022662;0.0003055;0.5517063;0.1090371;-4.166667;0.9948472;-0.2041667;0.5066285;68.693573;-45;42.8656464;4.7990184;31.3041592;0.468145;0.2727863
969532.5;1116779.5;8;2.0267932;0.0007136;6.0670767;25.5571651;50.7796173;7.9633284;34.2704239;22.8072376;15.5222645;36.0735474;7.674674;0.0966199;0.4268208;5.7585316;0.004248;322.3859863;-0.610338;0.9605092;0.1202769;0.0003518;0.5089719;0.1040697;0;0.7921411;-0.0168335;0.865207;94.8136673;18;40.3622513;5.2268095;29.5379372;0.701592;0.335198
973993.5;1116779.5;8;2.0233059;0.0007807;1.0416209;29.2524052;20.8335648;7.9605117;34.7496567;23.7599277;17.27145;36.7680511;7.8820724;0.0858477;0.5722423;5.7721982;0.0020187;352.4238892;-0.1318437;0.9699619;0.1090984;0.0003793;0.4416368;0.1096814;0;0.9912705;-0.0472399;0.9860748;98.0942001;19;37.9255066;5.1564784;30.045681;1.5866542;0.3340078
947227.5;1112318.5;8;3.110554;0.0006743;5.72E-05;40.2294006;13.6780767;7.9600811;34.6135674;67.3307343;7.3302746;35.8149071;10.219758;0.0082759;0.0294371;5.1955338;6.10E-06;274.7878113;-0.9965107;0.9483869;0.1099002;0.0001652;0.7226338;0.1372329;-218.6667023;0.0834657;-0.088581;2.210552;246.0850983;-289;39.6599274;4.7614164;33.7895203;0.3519455;0.1601308
951688.5;1112318.5;8;2.550478;0.0005736;0.001431;32.9354782;32.2513199;7.9601645;34.744381;41.6849937;10.9825077;35.8431892;12.4920683;0.1022108;0.2561635;5.2676597;0.0001517;305.5513916;-0.8135947;0.9687524;0.1280744;0.0002115;0.6823339;0.1185716;-85.7142868;0.5814324;0.1245972;1.562202;137.6307068;-36;45.1838799;4.5531855;33.2582741;0.3611095;0.2057995
956149.5;1112318.5;8;1.990402;0.0004729;0.0028048;25.6415558;50.8245621;7.9604034;34.8751984;16.0392513;14.6347408;36.0036812;8.3489237;0.1961458;0.4828899;5.4218564;0.0002972;323.4171143;-0.5959859;0.9712988;0.1462485;0.0002604;0.640959;0.1169486;-7.4285712;0.8029949;-0.0103821;0.9614332;108.2639999;-11;40.1739464;4.3709717;32.2549858;0.26872;0.266494
960610.5;1112318.5;8;2.0102887;0.0005731;0.2393701;22.4817753;28.331543;7.9614224;34.8250237;16.7653809;14.6874638;35.6174469;7.1293254;0.144365;0.3268597;5.4940443;0.0013451;4.6028681;0.0802488;0.9706205;0.1298804;0.0003157;0.6528311;0.1363813;0;0.9967749;0.6108248;0.7600586;63.2580719;128;42.9569244;4.5118799;30.6721039;0.6798711;0.2488348
965071.5;1112318.5;8;1.813622;0.0006249;0.45747;24.8396568;17.6587944;7.9620571;34.9525375;18.4533997;14.7843876;35.7474785;6.9287663;0.1296956;0.4684906;5.5319409;0.0036164;38.5092316;0.6226407;0.9724691;0.1330748;0.0003907;0.5223497;0.1213636;0;0.7825079;0.0134021;0.3815447;67.51474;12;41.5822792;4.7433882;29.634304;1.1161277;0.3045523
942766.5;1107857.5;12;2.9232054;0.0006739;0;38.5251923;40.6217079;7.9595814;34.6785698;89.6489639;6.5665984;35.621212;12.9388704;0.0082905;0.0265251;5.1311846;2.00E-07;280.5187988;-0.9831952;0.9200044;0.1118999;0.0001729;0.7541771;0.1397449;-373.2000122;0.1825576;-0.5303754;3.1884971;228.4743958;-684;43.5791435;4.875021;33.3682785;0.5761796;0.1415996
947227.5;1107857.5;8;2.7993636;0.0006953;3.97E-05;36.3123398;11.2785807;7.959692;34.7259598;47.4734116;9.867135;35.508255;16.4972057;0.0142639;0.0384969;5.168654;4.60E-06;275.0325928;-0.9961449;0.9376047;0.1354839;0.0002067;0.7235948;0.1172208;-198;0.0877229;0.0011211;4.1100788;295.8930969;-197;40.4756546;5.0406675;32.620594;0.6288564;0.17114
951688.5;1107857.5;8;2.1238806;0.0004766;0.0767485;25.3767128;41.4353256;7.9599404;34.7677078;27.4012623;12.9592352;35.3140907;9.9943733;0.1301127;0.2191079;5.2112937;0.0008313;309.8642883;-0.7675642;0.9690858;0.1633001;0.0002383;0.6816549;0.1086436;-34.25;0.6409721;0.2902415;2.002634;150.3544006;110;40.1073303;4.9376216;29.3973618;0.2327301;0.1928283
942766.5;1103396.5;7;2.7128208;0.0006865;0;35.905571;40.9117203;7.9592237;34.7559586;77.8111801;8.1788769;35.430088;11.9690962;0.0132534;0.0347788;5.1570563;5.00E-07;286.4075012;-0.9592771;0.9062316;0.1228184;0.0002076;0.7529465;0.1271424;-336;0.2824667;-0.3447368;3.4679339;279.1350098;-598;42.8427391;4.8491278;32.6406784;0.6924503;0.1477758
947227.5;1103396.5;8;2.4071825;0.0007198;9.10E-06;31.4899235;13.5667706;7.9594598;34.8670197;28.3798504;12.6675692;35.4090157;12.0331879;0.021401;0.0487922;5.1727219;1.80E-06;285.1879883;-0.9650714;0.9190186;0.1639017;0.0002481;0.7245559;0.1141474;-160;0.2619869;0.0658174;5.272666;339.3460999;-98;38.2745895;5.0388975;31.4304523;0.69531;0.1823889
951688.5;1103396.5;8;1.7880362;0.0005118;0.2897105;21.413311;62.9323463;7.9586554;34.7626572;15.1078472;18.1168232;35.2212601;9.0619316;0.1446432;0.473348;5.0377092;0.0025789;305.206604;-0.8170783;0.957145;0.211451;0.0003687;0.7044767;0.0969831;0;0.5765268;0.3346154;1.614437;139.3168945;208;39.8150902;4.7005792;27.5471191;0.5698958;0.1875821
942766.5;1098935.5;7;2.6474719;0.0006869;0;35.0693512;39.8617592;7.9588122;34.7725372;71.7367325;8.7943306;35.2042122;9.82516;0.0164253;0.0409514;5.1928358;7.00E-07;259.7651978;-0.9840879;0.8861867;0.1337479;0.0002384;0.7543627;0.113758;-345.333313;-0.1776823;-0.2200605;3.050626;278.1687927;-515;42.7283096;4.8032031;32.3255501;0.8084778;0.1513546
947227.5;1098935.5;8;2.2539985;0.0007147;0.0010108;29.6167126;17.0925045;7.9583125;34.8999062;21.7667961;13.6616259;35.173336;6.0870228;0.0288538;0.0673713;5.164166;9.83E-05;257.5343018;-0.9764254;0.9177886;0.1815999;0.0002849;0.7281209;0.0912861;-185.7778015;-0.215855;0.2746881;4.8887162;330.5486145;76;39.7734261;4.517962;30.6956291;0.9034024;0.1895302
951688.5;1098935.5;4;1.6480376;0.000464;0.0997197;18.7673779;80.7518539;7.9596219;34.5058594;11.1973972;21.0660095;35.214283;9.1117468;0.1668158;0.5145127;4.9365163;0.0057045;207.9080048;-0.4680538;0.9320222;0.2246067;0.000402;0.7294557;0.0824405;0;-0.8837;0.4765;1.775916;153.4158936;258;40.1372528;4.7550473;26.5599861;1.3737242;0.2210128
956149.5;1098935.5;4;1.073271;0.0003355;0.5120159;9.2425852;146.4505463;7.9586535;33.9950829;5.5533185;24.5871639;35.25243;8.6156187;0.3005814;1.0262166;4.9007449;0.0122033;131.2686005;0.7516257;0.9574769;0.2227294;0.0004267;0.662372;0.0834048;0;-0.6595898;-0.0485009;1.15095;112.2811966;50;44.338913;4.539629;26.3910732;1.8775574;0.3151577
960610.5;1098935.5;4;0.8447088;0.0004626;2.8553779;5.9781861;161.829483;7.9620409;33.4339142;5.2168765;23.8469982;35.2953682;8.5880871;0.3082436;1.1360252;4.8140635;0.0099496;172.5686035;0.1293394;0.9636177;0.1924974;0.0004495;0.6815562;0.089284;0;-0.9916004;0.1837607;0.1861604;23.9629307;31;45.3869133;4.5633187;25.4608383;2.0437336;0.4024425
942766.5;1094474.5;11;2.6418433;0.0006821;0;34.9674721;38.2600517;7.9584289;34.76408;68.0354309;8.9993267;35.2580681;7.7678375;0.0188597;0.0462671;5.2156477;1.00E-06;244.3482056;-0.9014414;0.8762812;0.144682;0.0002417;0.7743068;0.1104068;-370.2000122;-0.4329011;-0.4212711;3.3740771;265.697113;-695;43.474041;4.2833042;32.1056099;0.9553561;0.1576555
947227.5;1094474.5;7;2.2021365;0.0006977;0.0024143;28.9934349;21.0496731;7.9583535;34.8877144;20.4148788;13.8934097;35.1861267;6.6463962;0.0362753;0.0889466;5.0624204;0.0002334;238.7792053;-0.855176;0.8982369;0.19452;0.0002889;0.7499138;0.0847722;-230;-0.5183378;-0.0125918;3.920625;299.7282104;-242;38.4543266;4.0838289;30.0658817;1.4444238;0.1919392
951688.5;1094474.5;4;1.5230725;0.0004666;0.0660893;18.2225456;96.2550888;7.959322;34.2852745;13.0216856;19.2292271;35.2169304;9.2626562;0.1698533;0.6242539;5.1744413;0.006342;209.7572021;-0.496326;0.9182096;0.2077501;0.0003436;0.7125615;0.0792415;-69.7777786;-0.8681362;0.0051539;2.76951;198.1889038;-66;40.8834381;4.2080669;28.037859;1.5707055;0.2384854
956149.5;1094474.5;4;0.7015339;0.0001869;0.1431239;5.1918111;187.2394104;7.9595361;33.5564384;4.077323;25.6845551;35.2592201;9.1096621;0.3314575;1.2718742;4.939796;0.0137323;189.9539032;-0.172855;0.9418647;0.2237561;0.0003993;0.6733579;0.0737104;0;-0.9849473;-0.078208;0.9842578;109.5699005;-28;44.2286949;4.3474536;25.8685684;2.1700916;0.3187537
960610.5;1094474.5;3;0.5863002;0.0003363;1.1638582;3.9484582;195.342041;7.9608536;33.164856;4.4955454;26.1032658;35.3055954;8.5572367;0.3250176;1.3399105;4.6471801;0.0114119;224.4929962;-0.7008216;0.9609333;0.1867611;0.0004824;0.6743479;0.077617;0;-0.7133365;-0.0655271;0.2565282;22.9900703;7;46.5428581;4.610024;24.2382736;2.1846235;0.3904673
965071.5;1094474.5;14;0.6887311;0.0007112;6.0563111;7.1883955;194.026123;7.9599514;32.7998543;6.6729884;23.8681831;35.4460373;8.847702;0.3060565;1.3559378;4.5392556;0.0126004;307.0768127;-0.7978286;0.9707974;0.1613145;0.0005098;0.6541272;0.0774032;0;0.6028844;-0.1080493;0.4446328;65.3271179;23;45.3495483;4.7094769;25.5966549;2.8156815;0.4361413
947227.5;1090013.5;7;2.4348006;0.0006872;0.0093559;31.7183132;18.6316051;7.9585657;34.803093;30.9870777;12.3371639;35.3956032;8.4192114;0.0304042;0.0820953;5.1839509;0.000291;252.149704;-0.9518605;0.8936747;0.1744211;0.0002929;0.7717068;0.0864314;-322.5;-0.3065313;-0.2424483;2.3865271;206.7483978;-475;40.898201;4.2324758;29.7360554;1.510111;0.1955262
951688.5;1090013.5;3;1.5399014;0.0004626;0.2338973;18.0868034;105.2623901;7.9592185;34.1305084;17.6095963;19.1762257;35.4098473;9.759861;0.1759618;0.6931317;5.1202526;0.0072418;253.4384003;-0.9585139;0.9096304;0.1923411;0.0003468;0.7332345;0.0664463;-166.5;-0.285046;-0.0318681;2.1108029;149.509201;-181;42.4204674;4.3103471;27.4410496;1.9025093;0.2421009
956149.5;1090013.5;4;0.6450023;0.000238;0.4584387;4.4552937;191.8931732;7.9602537;33.4579239;4.2321143;26.0152893;35.3698502;9.2469225;0.3215194;1.3041681;5.0307045;0.0141927;251.1865997;-0.9465736;0.9300175;0.210261;0.0004016;0.6924869;0.0619031;-66.6666565;-0.322488;0.1648999;1.229262;92.1966476;-20;43.3007545;4.4263902;25.3123569;2.081213;0.3093239
960610.5;1090013.5;9;0.6077148;0.0002286;0.4677946;3.8873143;195.5027924;7.9610691;33.4298973;3.6747191;26.3002491;35.3383484;9.6516352;0.3275843;1.329628;4.9601851;0.0144823;262.4238892;-0.9912705;0.9444438;0.2110077;0.0004563;0.6517392;0.0583254;-1;-0.1318439;0.1044776;0.3287205;22.9540596;6;50.0036697;4.4782686;23.636013;2.2219419;0.4088967
965071.5;1090013.5;10;0.6336334;0.0007049;9.3878851;6.0894308;188.792572;7.9583697;32.5718994;5.3832479;26.0091534;35.5051765;8.4428291;0.3131577;1.3825077;4.6154971;0.0132451;269.6048889;-0.9999762;0.9679051;0.1766641;0.0005313;0.6195512;0.0794966;0;-0.0068964;-0.0802239;0.6982416;62.5728302;23;46.9895782;4.6507611;23.8076115;2.7154295;0.4758323
951688.5;1085552.5;7;1.7017444;0.000502;0.4907842;19.9493675;105.2718811;7.9590216;33.9923592;26.6569595;18.0843868;35.5746307;10.0353003;0.1600359;0.7028135;5.112215;0.007568;262.4856873;-0.9914121;0.8981453;0.1614603;0.0003501;0.7539075;0.0801078;-199.5713959;-0.1307746;-0.1679749;1.816021;156.3009033;-276;47.9750366;4.3846068;27.0116558;1.9135355;0.2392709
956149.5;1085552.5;3;0.5657192;0.0003234;0.961937;3.4515893;198.1240234;7.9600515;33.3097992;4.6108775;26.4588375;35.5653648;9.7183256;0.3034554;1.3472682;5.0232038;0.0148329;256.2164917;-0.9712029;0.9084005;0.1883074;0.0004038;0.7116158;0.0733616;-101.8889008;-0.238254;0.17332;1.764621;120.555603;-44;46.3611298;4.5886807;24.8871899;2.1313736;0.2938764
960610.5;1085552.5;7;0.5183849;0.000316;0.9815684;2.7641821;201.9928741;7.9608626;33.2813606;3.6922905;26.8077736;35.5580635;9.546977;0.3094312;1.3741206;4.9531078;0.0151356;253.2808075;-0.9577259;0.9264085;0.189426;0.0004576;0.6693241;0.0680491;-8;-0.2876821;0.1041667;0.4407918;30.5068302;2;51.0138245;4.6158309;23.2141724;2.3029213;0.3780124
965071.5;1085552.5;10;0.604025;0.000672;14.7239237;2.6139779;198.0993805;7.9598684;32.8145485;4.7364135;26.5156612;35.7044525;9.0985098;0.3333214;1.5068564;4.8084354;0.0164917;255.8932037;-0.969843;0.9632672;0.1834653;0.0005518;0.6128972;0.0706772;0;-0.2437306;-0.1235167;0.6322253;66.9910736;22;49.5255661;4.8691878;22.7331619;2.7192264;0.4627345
951688.5;1081091.5;7;1.9595262;0.0005275;0.4503134;23.686245;89.1331863;7.9587545;34.1421852;33.9433136;15.9415808;35.798069;10.1817617;0.1532692;0.6260927;5.1013169;0.0058511;250.667099;-0.9436113;0.8769518;0.1485227;0.0003533;0.7745805;0.0986318;-255.2857056;-0.3310555;-0.1195959;2.330946;200.1712036;-328;42.514389;4.3763041;27.1664658;1.9284863;0.2392707
956149.5;1081091.5;7;0.8594043;0.0003796;0.8826142;8.0547628;166.2744751;7.9597774;33.6736832;6.4942989;23.8818092;35.8304672;10.0232363;0.2962202;1.2079514;5.0130343;0.0114681;264.1278992;-0.9947528;0.8931376;0.178992;0.0004061;0.7307448;0.0888986;-126.555603;-0.1023082;0.1570544;2.0388069;136.4006958;-73;52.3096581;4.4243736;24.9786129;2.1993883;0.2946804
960610.5;1081091.5;3;0.7277955;0.0004807;7.0294023;6.2148013;176.7791748;7.9605823;33.270195;5.2777328;24.7729301;35.8559837;9.4120369;0.3146878;1.3706288;4.9435115;0.0140878;258.3406982;-0.9793666;0.9342181;0.1886813;0.0004588;0.686909;0.0812336;-17.8888893;-0.2020916;0.1534937;0.516275;34.5525208;-3;49.8690681;4.6054521;23.2556782;2.4127235;0.3776213
965071.5;1081091.5;9;0.5642158;0.0008898;25.6469994;3.9805036;186.640152;7.9581041;32.9067421;4.4156036;26.5147495;36.0165024;9.1845303;0.3352421;1.6276506;4.930172;0.0185424;269.2319946;-0.9999102;0.9588597;0.1929393;0.0005352;0.6142499;0.0748641;0;-0.013404;-0.1069959;0.5987695;43.0893402;15;51.7018089;4.8735781;22.3567696;2.6608529;0.4826661
947227.5;1076630.5;15;3.1282961;0.0006719;0.0063293;40.6159363;16.4582558;7.9576383;34.600563;69.82827;7.0700755;35.7760048;8.7438946;0.0103576;0.038242;5.1654615;9.62E-05;270;-1;0.8492539;0.1211649;0.000305;0.8370855;0.1375555;-461.2000122;0;-0.5888888;2.0217049;153.0169067;-652;44.603096;3.994772;30.3357372;1.4948763;0.1990571
951688.5;1076630.5;11;2.2984867;0.0005415;0.1582322;29.0090771;59.3306465;7.9584155;34.5356827;39.7395821;12.9094925;35.97649;10.214571;0.1542528;0.4762619;5.0935006;0.0024054;260.383606;-0.9859483;0.8556735;0.1507678;0.0003565;0.7952535;0.1131143;-316.25;-0.1670507;-0.0392919;3.2347929;222.8271027;-339;44.379734;4.224421;27.6188908;1.8898484;0.2398906
956149.5;1076630.5;7;1.4686775;0.000411;0.310135;17.4022179;102.2030411;7.9594483;34.4707985;9.6508932;18.7489109;36.037365;10.2433815;0.2981479;0.9142817;5.0055776;0.0047146;269.1423035;-0.9998879;0.8838091;0.1803706;0.0004083;0.7498737;0.0998136;-138;-0.0149688;0.1858407;2.143779;143.3061981;-75;50.5636559;4.3248153;25.3332062;2.1980989;0.2959034
960610.5;1076630.5;3;1.0112839;0.0006219;13.6110353;10.705018;144.8600769;7.9602613;33.3346405;7.0638924;22.2053699;36.0853043;9.343812;0.3300615;1.3435835;4.9363379;0.0125623;268.7507935;-0.9997623;0.9230869;0.1990388;0.0004601;0.7044939;0.0893392;-23.2222195;-0.0218016;0.2222222;0.515376;36.8985901;-3;48.7372856;4.5816922;23.5332298;2.4408462;0.3842584
965071.5;1076630.5;5;0.4273748;0.0009206;31.9707432;2.1241083;201.3022156;7.9598422;31.7693481;5.2226062;26.6427097;36.3799629;8.5115709;0.3658541;1.911242;4.8459134;0.023267;248.8643951;-0.9327298;0.9594525;0.223116;0.0005118;0.6591141;0.0765864;0;-0.3605761;-0.2131687;0.5386459;43.8856506;-2;52.5237427;4.5994916;21.6762085;3.0519102;0.4944208
969532.5;1076630.5;5;0.8893871;0.001279;24.3482857;3.5851235;152.4513245;7.9569292;32.6023636;6.5434761;25.911871;36.9799767;9.0020847;0.3311686;1.6208937;4.5712409;0.022514;230.3977966;-0.7704881;0.9637548;0.1901554;0.0005884;0.6249551;0.082919;0;-0.6374543;0.2487562;0.5791508;47.1581306;75;49.3691254;4.8035655;21.1324329;3.210839;0.5123779
947227.5;1072169.5;11;3.1251051;0.0006717;7.00E-07;40.562294;15.8191843;7.9572253;34.6207962;69.4555206;7.0588627;35.8617325;9.9866247;0.0102062;0.0345199;5.1633716;1.96E-05;315.0581055;-0.7063894;0.8591405;0.1325017;0.000309;0.8588785;0.1550472;-414.7142944;0.7078235;-0.5562457;2.23717;152.9889984;-645;41.4590797;4.0018854;30.6854229;1.422094;0.2017787
951688.5;1072169.5;11;2.464457;0.0005495;1.72E-05;31.5908318;41.2065506;7.9580402;34.7620468;40.3790474;11.480382;36.1319847;10.531621;0.1504676;0.3832112;5.087255;0.0004888;283.864502;-0.9708653;0.8741055;0.1590578;0.0003598;0.8159266;0.125538;-310.2221985;0.239626;-0.0526995;3.3722711;215.6889954;-342;43.3122063;4.0999351;27.8138809;1.8239104;0.2403398
956149.5;1072169.5;7;1.8038087;0.0004274;3.37E-05;22.6193695;66.5939178;7.9590912;34.9032936;11.3025742;15.9019012;36.2146111;9.9697542;0.2907289;0.7319024;4.9995031;0.0009581;277.1025085;-0.9923266;0.8907642;0.1856139;0.0004106;0.7690027;0.108374;-125;0.1236442;0.1432749;2.0244009;134.0496979;-76;46.532814;4.265326;25.5483456;2.1615038;0.297378
960610.5;1072169.5;7;1.1155902;0.0006714;16.0733871;12.3988686;132.9951477;7.959919;33.3599281;7.7287579;21.2443409;36.2796783;9.527894;0.3316567;1.3235718;4.930398;0.0120063;278.8016968;-0.9882239;0.9220113;0.2003372;0.0004613;0.7220788;0.0948574;-20.3333302;0.1530149;0.1925926;0.503527;34.0261307;-3;48.8326073;4.5706229;23.7642384;2.4273586;0.3910244
965071.5;1072169.5;5;0.6343374;0.0010957;26.8507748;5.3160634;174.7854767;7.9585114;32.6309128;4.792417;25.8041019;36.6602516;8.9222698;0.3280209;1.6489928;4.7895184;0.0187219;260.1341858;-0.9852117;0.9620883;0.2030575;0.0005158;0.6326696;0.0866799;0;-0.1713415;-0.039886;0.2248407;23.0672703;11;53.2737007;4.7039118;22.1756401;2.9014282;0.4926553
969532.5;1072169.5;5;1.0132059;0.0012556;29.124754;3.3503537;155.5695496;7.9574065;32.8104935;6.5920596;25.6179085;37.0139618;9.1361084;0.3272963;1.6933174;4.6272469;0.0190309;252.8240967;-0.9554026;0.9716595;0.1840238;0.0006016;0.6479199;0.087214;0;-0.2953063;-0.1396469;0.1848129;32.1107788;19;49.6287918;4.8861794;20.9786682;3.0845842;0.5329087
942766.5;1067708.5;15;3.1187284;0.0006727;0;40.4550819;22.378685;7.9560962;34.6311531;77.9103546;6.5211487;35.6321678;7.5319772;0.0043619;0.0199905;5.2374115;0;26.3491096;0.4438395;0.8516794;0.127585;0.000258;0.8920813;0.2073277;-345.6000061;0.8961063;0.0717842;1.142697;166.0019073;-311;43.5219498;4.0654912;34.3420677;0.9626389;0.1715716
947227.5;1067708.5;11;3.0370138;0.0006754;3.00E-07;38.9110069;9.1464329;7.9567952;34.6769028;58.672493;8.1349964;36.007328;9.2613621;0.0098294;0.0334802;5.165987;1.52E-05;348.1863098;-0.2047302;0.8695192;0.1535592;0.0003083;0.8797186;0.1673932;-305.875;0.9788185;-0.138587;2.1473031;149.763504;-376;41.3551521;4.0202422;30.9013577;1.3735988;0.2009914
951688.5;1067708.5;7;2.4259837;0.0005508;7.80E-06;30.9331303;36.8842583;7.9576135;34.7908897;34.9241066;11.9456987;36.3115349;10.5157518;0.1410466;0.3572643;5.0885377;0.0003794;304.611908;-0.8230181;0.8927248;0.1744919;0.0003588;0.8371052;0.1331662;-228;0.5680151;-0.0161031;2.654511;187.9113007;-238;39.1311188;4.0242934;27.8281193;1.7725842;0.2451582
956149.5;1067708.5;7;1.8149538;0.0004261;1.54E-05;22.9552536;64.6220856;7.9587259;34.9048729;11.1757183;15.7564011;36.4398994;11.1241055;0.2722638;0.6810484;4.9961567;0.0007436;287.927887;-0.9514446;0.9161811;0.1954246;0.0004093;0.7901703;0.1130837;-97;0.3078201;0.1403509;1.605711;114.0243988;-49;41.8880768;4.2591963;25.6655712;2.1418931;0.3030808
960610.5;1067708.5;7;1.1221809;0.0006693;16.3152313;12.5942955;131.9898376;7.9596019;33.3648567;7.7870135;21.1490326;36.5409851;10.8286161;0.3231528;1.3009928;4.9234061;0.0119824;281.0353088;-0.9815093;0.9372318;0.1950961;0.0004598;0.7432353;0.0972687;-13.8888903;0.1914145;0.154321;0.3941336;28.6024303;0;46.4763908;4.6199255;23.9625645;2.4327242;0.3959
965071.5;1067708.5;5;0.7000325;0.0009483;26.0093899;7.3082929;179.9425201;7.9583502;32.6938171;4.404325;25.3178368;37.1666374;9.2295094;0.3244858;1.7257427;4.7798142;0.0161048;258.3884888;-0.9795349;0.9634022;0.1968601;0.0005253;0.6528645;0.0925219;0;-0.2012743;0.2525252;0.1196272;8.2342253;14;52.3904953;4.7488699;21.7652092;2.7785723;0.4940051
969532.5;1067708.5;5;0.9364434;0.0011164;25.5076771;8.7699757;139.2135773;7.9565907;33.0650978;7.2408886;24.6025867;37.3165627;9.2496328;0.3250779;1.6653569;4.5024061;0.0178498;288.0343018;-0.9508715;0.9747123;0.1894391;0.0006075;0.6502975;0.0978623;0;0.3095858;-0.1764019;0.4355291;37.7473106;16;49.2201309;4.8245354;22.2308846;2.9069242;0.5485333
942766.5;1063247.5;15;3.0038466;0.000672;0;38.8335152;17.2611446;7.9557204;34.6777573;64.6387329;7.7963877;35.8326721;8.3075953;0.0096382;0.0309353;5.2391925;8.00E-07;347.8200073;-0.210983;0.857803;0.1463384;0.0002568;0.9098654;0.2214273;-231.6667023;0.9774897;-0.0052287;0.8292328;87.7262192;-233;42.4836922;3.9592407;34.740181;0.9581737;0.1701092
947227.5;1063247.5;11;2.8130507;0.0006689;0.004079;35.9180145;10.2590704;7.9563537;34.7513924;45.46315;9.8237429;36.1949577;9.6764641;0.0193623;0.0553009;5.1719069;6.89E-05;335.9960022;-0.4068005;0.8766657;0.1728464;0.000307;0.9004226;0.1761264;-208;0.913517;0.1660517;1.3492481;85.5089264;-163;39.2859421;3.9960971;31.2527142;1.3421562;0.2020116
951688.5;1063247.5;7;2.2003875;0.000541;0.1019742;27.7157917;49.1808434;7.9571505;34.6806259;27.6502056;13.7359543;36.5079803;11.190093;0.144871;0.4163449;5.0951066;0.0016881;307.8637085;-0.7894734;0.9020967;0.1853793;0.0003573;0.8583561;0.1374274;-137.7778015;0.6137848;-0.0034722;1.425012;106.632103;-139;34.3546753;4.0214787;28.1722393;1.7315173;0.2433536
956149.5;1063247.5;3;1.5877243;0.0004131;0.1998694;19.5135708;88.1026154;7.9583545;34.6098595;9.8372612;17.6481647;36.6989212;11.7304392;0.2703798;0.7773889;4.9947257;0.0033073;286.2279968;-0.9601573;0.9294694;0.1979121;0.0004076;0.8116291;0.1150896;-64.8888931;0.2794601;0.171802;1.028049;76.5251465;-24;46.1271553;4.2166233;26.100399;2.1342082;0.2985972
960610.5;1063247.5;9;1.0060757;0.0006225;13.7192764;10.791955;144.8728027;7.9593029;33.2565956;7.1326818;22.1634521;36.8492851;10.6219187;0.3196178;1.3210101;4.9156756;0.0128966;276.2590027;-0.9940392;0.9583648;0.1876474;0.0004579;0.7649021;0.0974985;-8.1111107;0.1090234;0.0970017;0.2502955;19.29562;-2;51.3231926;4.6119604;24.3227844;2.4513271;0.3919731
965071.5;1063247.5;5;0.7829882;0.0008622;23.0894184;6.7113714;179.8776093;7.9580135;32.6979828;4.5195999;25.4051971;37.1981773;9.7180367;0.3204139;1.5583771;4.8655291;0.0183549;267.7687988;-0.9992419;0.968453;0.1924261;0.0005082;0.7181752;0.0907532;0;-0.0389315;-0.2077295;0.1236935;8.3901768;4;53.416256;4.5441504;22.2695923;2.7509589;0.5132962
969532.5;1063247.5;5;0.9109079;0.0009095;28.6754761;8.6565132;152.9098969;7.9569864;33.1082191;7.2987108;24.7913036;37.2820244;9.1579523;0.3130743;1.5651653;4.5380497;0.0189895;269.513092;-0.9999639;0.976579;0.1829315;0.0006393;0.6933428;0.0985724;0;-0.0084981;-0.2128764;0.5666356;37.8558006;17;50.749279;4.8918304;22.5640144;3.1319208;0.5429531
942766.5;1058786.5;11;2.7546732;0.0006624;0;35.8800354;20.3594894;7.9554148;34.751091;50.6046028;9.5720549;35.9779129;9.1270218;0.0237081;0.060123;5.2416434;2.90E-06;301.5924988;-0.8517956;0.8623021;0.1603706;0.0002557;0.9276494;0.2302563;-165.8000031;0.5238743;-0.1803571;0.4013883;41.2863197;-186;42.4213409;3.9106967;35.0027924;0.9549685;0.1705231
947227.5;1058786.5;11;2.3626351;0.0006451;0.014956;30.6888428;24.3473587;7.955955;34.8565178;28.2099419;12.5335112;36.3689766;8.0645962;0.0454114;0.1152224;5.1800113;0.0002195;309.0150146;-0.7769806;0.8782809;0.189183;0.0003056;0.9211266;0.1826771;-147;0.6295245;0.2;0.5660488;41.9136009;-121;37.6436653;4.0296273;31.7328854;1.3109275;0.2018749
951688.5;1058786.5;3;1.6629195;0.0005129;0.3738999;20.2323933;89.17556;7.9567051;34.3385162;17.3447037;17.7344398;36.7138023;11.175909;0.1707711;0.617138;5.1052165;0.0053603;283.3681946;-0.9729044;0.9011098;0.1886887;0.0003557;0.8796071;0.1418737;-93.1111069;0.2312077;-0.0855315;0.7011722;49.7090302;-105;37.548275;4.0564404;28.8301449;1.6874686;0.2396647
956149.5;1058786.5;3;0.9632038;0.0003806;0.7328439;9.7759418;154.0037537;7.9579735;33.8205147;6.479466;22.9353676;36.9440422;10.472991;0.2961308;1.1190536;4.9978013;0.0105012;272.5791931;-0.998987;0.92741;0.1881944;0.0004058;0.833088;0.1178622;-48.2222214;0.0449997;0.1695053;0.7133921;49.7365913;-25;51.5995369;4.363956;26.8373337;2.1150174;0.2964434
960610.5;1058786.5;9;0.6854773;0.0005013;6.3936582;5.6600018;180.9029236;7.9589882;32.9596863;5.2907047;25.0274239;37.1267853;9.4057751;0.3243641;1.4120212;4.9103651;0.0153743;267.0750122;-0.9986972;0.9545509;0.1765196;0.000456;0.7865689;0.0970854;-7.4444451;-0.0510285;0.126615;0.2201974;14.5305099;-2;53.3862343;4.5753794;24.7975159;2.462352;0.3889048
965071.5;1058786.5;5;0.7129356;0.0007402;19.0676785;8.3879251;195.8340149;7.9571042;32.5866394;4.4858665;25.8538055;37.3503304;11.0281029;0.3242334;1.4566001;4.9610143;0.0169788;270;-1;0.9699198;0.1874377;0.0005576;0.7480968;0.0934912;0;0;0.1545894;0.1316257;8.3680754;11;52.1294632;4.5812368;22.8651791;2.7444971;0.4821251
969532.5;1058786.5;5;0.9682666;0.0008885;25.6392307;9.2376909;151.9287415;7.9562936;32.7486;6.1713181;25.1074543;37.6737404;9.5286026;0.3191739;1.5794065;4.5790162;0.0184465;257.0645142;-0.9746229;0.9742916;0.1839441;0.0006394;0.7049887;0.0895996;0;-0.2238532;-0.125649;0.466088;35.1033707;21;51.2741165;4.8589859;22.3028355;3.3595746;0.5262886
947227.5;1054325.5;7;2.1098471;0.0006371;0.0199403;27.7343369;30.7573338;7.9555979;34.9130821;18.12673;14.2036285;36.5300446;7.4143524;0.0569462;0.1421549;5.1901937;0.0003167;214.5742035;-0.5674729;0.8877409;0.1915806;0.0003042;0.9418306;0.1871518;-142;-0.8233921;0.1616162;0.288522;36.2609596;-126;41.3200264;4.0131044;32.1681671;1.2799023;0.2030467
951688.5;1054325.5;8;1.3346187;0.0004842;0.4985073;15.5543337;114.2405548;7.9562755;34.1269073;11.1481447;20.3221741;36.9285431;9.4130077;0.1888128;0.7437599;5.1186953;0.0077529;244.7796936;-0.9046759;0.8962259;0.1862123;0.0003541;0.900858;0.1464959;-102.2221985;-0.4261004;-0.0043942;0.7646912;54.1454391;-103;39.2293816;4.1818609;29.4142189;1.6405835;0.2418543
956149.5;1054325.5;3;0.5593902;0.0003314;0.9770744;3.3743289;197.7237854;7.9575825;33.3407326;4.1695595;26.4407177;37.1759491;9.4030409;0.3206793;1.3453648;5.0051632;0.0151891;256.7101135;-0.9732196;0.9183161;0.1808439;0.0004041;0.8545468;0.1213639;-53.1111107;-0.2298774;0.1416853;0.74712;51.3581009;-32;47.7702255;4.3181305;27.4816971;2.0848823;0.2956033
960610.5;1054325.5;9;0.4827891;0.0003948;1.1203856;2.3364148;204.5393829;7.9586844;32.8348961;3.989929;26.908041;37.3559303;9.5130033;0.3308685;1.4601221;4.9075871;0.0167911;258.1784973;-0.9787906;0.9473617;0.1694638;0.0004541;0.8082357;0.0961392;-10.6666698;-0.2048633;0.1313131;0.2820738;20.7150002;-2;53.5451469;4.4263048;25.3965397;2.4658754;0.3860892
965071.5;1054325.5;5;0.6899059;0.0006487;14.7755489;3.8263912;204.9839935;7.9590912;32.8295593;4.2071867;26.2718048;37.2728996;10.692379;0.3295141;1.414246;4.8619075;0.0175986;263.65979;-0.9938837;0.9779787;0.1776985;0.000504;0.7619246;0.0657578;0;-0.1104315;-0.1296296;0.1308206;8.9869595;5;51.285656;4.5602498;22.3732471;2.6398191;0.5057992
969532.5;1054325.5;5;1.0335926;0.0008625;22.4551773;7.9607191;155.9736328;7.956233;32.951149;6.1090946;25.5380306;37.6988525;8.9402199;0.316211;1.4777359;4.6142049;0.0203644;247.8336029;-0.9260924;0.9703478;0.1789605;0.0006521;0.7498461;0.0903006;0;-0.3772968;-0.1493056;0.2807921;23.2580605;15;51.567318;4.5952172;23.0094833;3.3411369;0.5316932
947227.5;1049864.5;7;2.3370113;0.0006673;0.0106137;30.304018;18.5199814;7.9552851;34.8517113;25.4563694;13.3488789;36.5937271;7.167572;0.0332318;0.0889713;5.2090664;0.0002844;191.5314026;-0.1999047;0.8999149;0.1601263;0.0003028;0.9625345;0.18992;-206.3332977;-0.9798154;0.0148402;1.14008;98.9910202;-202;43.390522;3.9870262;32.5457268;1.2404252;0.2032248
951688.5;1049864.5;8;1.5142955;0.0004542;0.2653416;17.6892433;103.0476837;7.9559479;34.2322273;14.9304485;19.4837971;37.0283775;9.677103;0.1877697;0.6902514;5.1342616;0.0070377;226.2864075;-0.7228028;0.9108652;0.1696843;0.0003526;0.9221089;0.1494374;-158.3332977;-0.6910544;0.020202;1.5164469;106.802002;-151;38.5818748;4.1080923;29.903368;1.5907726;0.2422655
956149.5;1049864.5;8;0.6915795;0.0002412;0.5200695;5.0744696;187.5753784;7.9573097;33.6127396;4.4045267;25.6187153;37.2935295;8.8102589;0.3423077;1.2915314;5.0100546;0.013791;244.4779053;-0.902419;0.9231853;0.1792423;0.0004024;0.8760057;0.1235246;-80.2222214;-0.4308595;0.0973831;1.1435961;80.2063675;-55;45.3363953;4.2355351;28.00704;2.055419;0.2931792
960610.5;1049864.5;7;0.5998365;0.0002953;0.7160733;3.8307598;195.4984894;7.9584789;33.2451057;4.0089121;26.1980171;37.4754944;9.348156;0.3459419;1.3816252;4.9037428;0.0151686;250.5373993;-0.9428594;0.9431574;0.1734278;0.0004522;0.8299025;0.0971452;-21.1111107;-0.3331909;0.1692627;0.4528489;33.9524002;-3;47.8971443;4.41221;26.2639771;2.4559047;0.3637227
965071.5;1049864.5;9;0.7215933;0.0006486;12.633935;2.449482;203.9993286;7.9590011;32.8437424;4.2668033;26.2303238;37.3314323;9.2603712;0.3377351;1.3590305;4.8581314;0.0186302;288.6455994;-0.9475143;0.962696;0.1842097;0.000502;0.7837994;0.0650874;0;0.3197135;-0.0600907;0.2761379;26.6601791;7;52.8442116;4.56282;23.8222694;2.6414819;0.4600921
947227.5;1045403.5;11;2.5792272;0.00069;0.0029071;33.1861191;9.3306198;7.9550281;34.7846642;34.9541473;12.1091461;36.5322037;7.2289228;0.0138618;0.0451821;5.2391109;0.0002336;227.5070038;-0.7373596;0.9079303;0.1304042;0.0003014;0.9832385;0.1904941;-264;-0.6755005;-0.5368853;1.29724;84.8433838;-395;42.6944466;3.8997488;32.9093323;1.1900815;0.1981685
951688.5;1045403.5;3;1.7406162;0.0004451;0.0726774;20.6728058;88.4452362;7.95575;34.3602943;20.1555099;18.0526485;36.9804802;9.3391991;0.1790236;0.610155;5.1525121;0.0058397;241.9929962;-0.8828905;0.9218178;0.154319;0.000351;0.9433598;0.1502182;-201.25;-0.469579;-0.1757353;1.568639;107.0686035;-261;39.0917282;4.0186911;30.3065243;1.5372002;0.2374559
956149.5;1045403.5;3;0.9020051;0.0002003;0.1424476;8.1594934;167.5598602;7.9571881;33.9359207;5.3568721;23.9961491;37.2641182;8.2980051;0.3441854;1.1751279;5.0117693;0.0114457;248.9792938;-0.9334508;0.93752;0.1782339;0.0004006;0.8974646;0.1239608;-118.444397;-0.3587056;0.0598846;1.574789;102.2471008;-100;41.6872253;4.1397104;28.4057159;2.0268199;0.2772885
960610.5;1045403.5;8;0.8250055;0.0002523;3.042748;7.0958815;173.9099121;7.9583621;33.7399406;4.7737675;24.4809074;37.4769821;9.0951614;0.3546206;1.2680066;4.8978329;0.0128357;250.4873047;-0.9425673;0.9521028;0.1818309;0.0004502;0.8515693;0.1008287;-36.2222214;-0.3340163;0.1494523;0.701602;48.304081;-15;46.9833641;4.5429568;26.9088287;2.4268742;0.3297707
965071.5;1045403.5;9;0.5893486;0.0007088;21.7869301;4.4166927;194.6435242;7.956141;32.8179398;4.2702036;26.2132511;37.8613968;8.3118057;0.3451806;1.4068435;4.677125;0.0209172;265.872406;-0.9974062;0.9655285;0.205072;0.0004999;0.8056741;0.09427;0;-0.0719778;-0.0555555;0.4683159;31.5915298;5;53.6620064;4.5141587;24.1122055;2.7217367;0.4025941
951688.5;1040942.5;7;2.1441844;0.0005155;0.033919;26.8812504;60.8864441;7.9555326;34.5748138;30.8630505;14.3689613;36.8408012;8.0986748;0.1410057;0.4290249;5.1916137;0.0028068;261.049408;-0.9878229;0.9301575;0.1433719;0.0003462;0.9615169;0.1538245;-242.4286041;-0.155582;-0.2324455;1.299762;104.3508987;-311;37.187809;3.9867814;30.5584526;1.4718509;0.2315837
956149.5;1040942.5;3;1.4097294;0.0003464;0.0664813;16.5070744;110.0492554;7.9570088;34.4535599;9.0352535;19.3314438;37.1415443;9.3715353;0.2710107;0.8209579;5.0113297;0.0055013;257.9992981;-0.9781451;0.9453164;0.1794794;0.0003942;0.9173961;0.1278981;-156.1110992;-0.2079236;0.0655625;1.775058;113.7847977;-135;42.3243332;4.0192986;28.5816307;1.9520959;0.2683617
960610.5;1040942.5;8;1.0326177;0.0005519;12.2992983;11.0006657;144.3925018;7.9581785;33.5220413;7.1473622;22.0931797;37.3851891;9.1242752;0.31608;1.2488931;4.8630338;0.012491;255.0155945;-0.965996;0.964116;0.1913593;0.0004423;0.8732752;0.1070468;-54.5555611;-0.2585569;0.1199727;0.8939213;58.4391594;-35;48.9827576;4.5294175;27.0248833;2.3505628;0.3161073
965071.5;1040942.5;6;0.4351707;0.0009183;33.3886261;2.2518764;200.0747833;7.9561334;31.9246387;5.4604168;26.4984226;37.688488;8.6603346;0.3844482;1.9585767;4.6585383;0.0243491;261.230896;-0.9883108;0.9664169;0.2092484;0.0004904;0.8291543;0.0946273;0;-0.1524526;-0.0482026;0.6106684;44.9768105;5;54.9405365;4.5740733;23.7534885;2.6247029;0.3858823
969532.5;1040942.5;5;0.5328891;0.0010547;28.8947487;4.3923497;185.7926331;7.9553576;32.5366783;4.792119;26.7129517;38.1496849;7.9734168;0.3737506;1.6704818;4.1281819;0.0242783;265.7320862;-0.997227;0.9680881;0.180221;0.0006017;0.8291376;0.0931244;0;-0.0744198;0.0170455;0.2156931;36.5319519;36;51.7492752;4.5691853;22.5508232;2.9382246;0.4390096
951688.5;1036481.5;7;2.5064595;0.000583;5.20E-06;32.4572487;35.7306175;7.9552803;34.7640686;40.4407806;11.1026516;36.5397148;5.2101336;0.1027467;0.2578842;5.267385;0.0001439;253.8932953;-0.9607466;0.9293587;0.1311634;0.0003394;0.9778178;0.1624;-253;-0.2774276;-0.3387097;1.1743931;94.6484833;-337;40.9365349;3.8931577;30.7658176;1.3857905;0.2303252
956149.5;1036481.5;7;1.8719646;0.000486;1.01E-05;24.0929985;57.6833496;7.9567275;34.9100456;12.6626625;15.1653452;36.8551178;9.6697426;0.1971961;0.4862616;5.0071025;0.0002821;258.8237915;-0.9810357;0.9443678;0.1762359;0.0003851;0.9364111;0.1379921;-186.555603;-0.193827;0.0820562;1.887519;121.9927979;-158;44.3043556;3.9229023;28.7255554;1.796255;0.2663079
960610.5;1036481.5;3;1.1488965;0.0007126;17.049942;13.1574202;128.1326599;7.9579148;33.4131813;8.592926;20.8222103;37.146946;9.2069788;0.2911273;1.2261679;4.7842674;0.0123188;256.0716858;-0.9705976;0.9626445;0.1930279;0.0004308;0.8950045;0.1164356;-73.6666565;-0.2407081;0.1038526;1.0335259;68.0048981;-53;56.539753;4.5026708;26.9904995;2.2064917;0.3114
965071.5;1036481.5;6;0.4219773;0.0009533;34.8411751;2.1100442;200.690506;7.9581928;31.8448887;5.5539885;26.5483875;37.402729;9.005949;0.3850359;1.9883146;4.6791096;0.0248728;256.2806091;-0.971469;0.9800224;0.2085902;0.0004764;0.8535979;0.1026879;-5.2222219;-0.2371665;0.0014245;0.7038602;44.3189888;-5;56.0027962;4.5739093;23.522768;2.7186449;0.3846093
969532.5;1036481.5;5;0.4774677;0.0012581;27.2865639;1.3152378;189.9389343;7.9553809;32.3205299;4.3351703;26.9825287;38.2268867;7.7244902;0.3893069;1.9438087;4.2386842;0.0260379;250.4738007;-0.9424889;0.9680452;0.1812578;0.0005568;0.8275774;0.0913063;0;-0.3342374;0.6166181;0.5330687;31.4636192;83;52.4172287;4.5815377;21.8838177;2.8220644;0.4404387
951688.5;1032020.5;7;2.5796826;0.000631;2.50E-06;33.6061478;27.3955612;7.9551144;34.7764587;42.1098442;10.7579803;36.412735;8.2548189;0.0628007;0.1566697;5.3180022;7.12E-05;244.7729034;-0.9046259;0.9222686;0.1101263;0.0003326;0.9941186;0.1729772;-297.333313;-0.4262065;-0.2736954;1.321715;109.8007965;-383;40.5478821;3.8865309;30.8627415;1.3324977;0.2277287
956149.5;1032020.5;7;2.0157781;0.0005796;5.00E-06;26.3473129;41.3302803;7.9565215;34.938446;15.9332638;14.4895086;36.7325592;10.13873;0.1189018;0.2878813;5.0045519;0.0001395;254.987793;-0.9658706;0.9350749;0.1415693;0.0003759;0.9554262;0.1500086;-222.8889008;-0.2590253;0.0691122;2.124614;138.6517944;-194;35.8532944;3.9003484;28.790205;1.6882008;0.2638899
960610.5;1032020.5;3;1.2275017;0.0007693;17.0847206;14.3940248;119.1343155;7.9577236;33.4361267;10.4209538;20.4489155;37.0622253;9.2582893;0.2495991;1.12277;4.7358437;0.0123544;255.8901062;-0.96983;0.9482995;0.1672912;0.0004192;0.9167339;0.1273674;-95;-0.2437824;0.0932203;1.211374;79.9027176;-73;52.3093758;4.3977456;26.6102142;2.1123593;0.3106938
965071.5;1032020.5;6;0.4294701;0.0009694;34.9122505;2.2366304;199.715271;7.9581661;31.8614426;5.8070903;26.5051861;37.4283714;9.0641384;0.3835397;1.9882534;4.6329422;0.0250973;250.6477051;-0.943499;0.9695193;0.1927644;0.0004625;0.8780414;0.1059398;-17.4444408;-0.3313754;0.0136561;0.697507;49.8867798;-15;57.238205;4.5665121;23.2973213;2.790205;0.3899295
969532.5;1032020.5;5;0.4597358;0.0012311;26.6630993;1.6233617;196.3855743;7.955327;32.4792519;4.4390016;27.055439;38.3304329;7.4695888;0.394529;1.9622891;4.1355443;0.0267747;231.7722015;-0.7855561;0.9659195;0.1747409;0.0005415;0.8336225;0.0974295;0;-0.6187904;-0.0667476;0.365761;31.8529301;10;52.7296753;4.6312399;21.0602608;2.940048;0.4843539
951688.5;1027559.5;11;2.6572323;0.000677;0;34.7910233;19.4249859;7.9551625;34.7855186;44.247715;10.3686228;36.7172356;7.4030361;0.0241168;0.0588789;5.306282;1.50E-06;235.596405;-0.8250777;0.9102344;0.0894797;0.0003259;1.0104194;0.1885151;-372.333313;-0.5650194;-0.2321568;1.7154239;142.5314941;-471;46.511097;3.8989379;30.9138241;1.3604119;0.2230283
956149.5;1027559.5;7;2.1674578;0.0006697;0;28.6564426;25.2130489;7.956501;34.960495;19.5784473;13.7644367;37.0160942;7.0561528;0.0430813;0.0962112;5.0061588;2.90E-06;250.3110962;-0.9415357;0.9203049;0.1076289;0.0003667;0.9744413;0.1667894;-281.2221985;-0.3369132;0.0736671;2.6423759;174.1134949;-241;40.0920105;3.9265299;28.8294201;1.6985742;0.2620878
960610.5;1027559.5;3;1.3143609;0.0008161;16.7758751;15.7072821;110.0156784;7.9576573;33.4747734;12.4377069;20.0299854;37.3080635;9.45117;0.209085;1.0151813;4.7461185;0.0122612;255.8775024;-0.9697765;0.9291764;0.1417318;0.0004076;0.9384632;0.1440897;-122.444397;-0.2439951;0.0834209;1.552217;104.7188034;-96;50.4585838;4.394352;26.3749733;2.1118109;0.3130513
965071.5;1027559.5;9;0.4454671;0.0009692;34.2811356;2.4618354;198.2537231;7.9581404;31.9168453;6.0590758;26.4203053;37.5744896;9.0643578;0.3814816;1.9724835;4.6346216;0.0250523;263.9497986;-0.9944299;0.9468986;0.1765283;0.0004485;0.902485;0.1177804;-34.6666718;-0.1054004;0.1047619;0.7005216;48.4332314;-20;55.7134247;4.4981513;22.5491829;2.8032644;0.3969079
969532.5;1027559.5;5;0.4902134;0.0010563;23.7327442;2.1499927;195.3993225;7.9555016;33.0297318;4.4275246;26.8035297;38.2643318;8.1695795;0.3733557;1.8539524;4.4252753;0.0234167;262.0491943;-0.9903873;0.9646922;0.183446;0.0004894;0.8665069;0.1048269;0;-0.1383223;0.0590278;0.2901161;19.3320599;12;52.4642868;4.4552832;21.0190868;3.1506505;0.5056954
973993.5;1027559.5;5;0.8939679;0.0010037;27.3771915;4.5976586;160.1566162;7.9553518;33.3105164;8.384778;25.0212173;38.5603294;8.2827816;0.3465446;1.5832598;3.2821574;0.0227872;224.012207;-0.6948121;0.9666731;0.1544864;0.0005847;0.83363;0.1122731;0;-0.7191914;0.1698842;0.1316844;11.6215801;26;51.0107384;4.4342699;21.499445;3.5628686;0.5019922
951688.5;1023098.5;11;2.8342865;0.000677;0;36.8033142;19.8375168;7.9552078;34.7180214;57.1681938;8.9514666;36.9865494;7.4874482;0.0144632;0.0398318;5.295567;8.00E-07;235.0399017;-0.8195512;0.89755;0.0778162;0.0003191;1.0267203;0.202574;-414.25;-0.5730059;-0.5416667;1.887432;144.0023956;-619;46.3091888;3.9230921;30.7950268;1.3864306;0.2243131
956149.5;1023098.5;11;2.5000648;0.0006789;0;32.2263565;14.5200987;7.9564819;34.8364143;31.8390217;11.9069605;37.267746;7.3280525;0.0241604;0.0588784;5.0081549;1.50E-06;266.6953125;-0.998337;0.9054385;0.0903902;0.0003576;0.9934564;0.18166;-291.4285889;-0.0576467;-0.0661022;2.448899;179.5731964;-326;42.6196213;3.9849081;28.7743797;1.7066456;0.2628137
960610.5;1023098.5;7;1.5910592;0.0006378;8.5636168;18.7835522;98.1301346;7.9575949;33.8745766;18.7951374;18.5614548;37.5315819;7.6939788;0.1918939;0.8112074;4.7565832;0.009205;270.4657898;-0.999967;0.9117555;0.1202481;0.0003961;0.9601925;0.1587382;-122.25;0.00813;-0.0175841;1.579163;109.635498;-128;53.6712494;4.3786907;26.5529079;2.106797;0.3107132
965071.5;1023098.5;9;0.657063;0.0005949;17.4995651;4.9552741;185.6065826;7.9581118;32.8657761;6.285398;25.3767757;37.7310715;9.2042875;0.3664984;1.5954181;4.6378303;0.0188085;266.0289917;-0.9975992;0.9220838;0.1508575;0.0004346;0.9269286;0.1283754;-44;-0.0692518;0.2046784;0.8575636;61.5972595;-9;54.7527237;4.3933253;23.5872059;2.8031821;0.3948619
969532.5;1023098.5;5;0.5624055;0.0006519;17.5315742;4.3261814;185.5343018;7.9555588;33.2492332;4.8067064;26.2367878;38.2315445;8.5319271;0.365175;1.700073;4.4288445;0.0177471;259.2611084;-0.9824865;0.9646378;0.1629817;0.0005091;0.8653386;0.1182171;0;-0.1863335;0.0386473;0.189521;13.7741899;7;53.24646;4.3433599;21.360569;3.2555497;0.462026
973993.5;1023098.5;5;0.7683233;0.0008371;15.3930025;6.1780314;134.4660645;7.9552107;32.71661;10.6631031;24.9883633;38.4762268;8.3174419;0.3642446;1.5614249;4.4687057;0.0171562;253.009201;-0.9563515;0.966582;0.1498158;0.0005799;0.8792531;0.1077602;0;-0.2922187;0.0705128;0.1208487;11.0877199;19;52.4116364;4.4230905;22.4158325;3.8645959;0.5050862
960610.5;1018637.5;7;1.8677577;0.0004595;0.351359;21.8598213;86.2445984;7.9575458;34.2743835;25.1525688;17.0929241;37.6723938;7.0729809;0.1747027;0.6072333;4.7677526;0.0061487;264.9320068;-0.9960905;0.9131003;0.0987644;0.0003845;0.9819218;0.165701;-142.875;-0.0883385;-0.0452949;1.580475;129.9994965;-159;54.0105591;4.1428299;26.6888771;2.0852339;0.3054674
965071.5;1018637.5;9;0.8686589;0.0002205;0.7179945;7.4487128;172.9594574;7.9580717;33.8147049;6.5117202;24.3332443;37.9264412;8.6647072;0.3515152;1.2183527;4.6467075;0.0125648;266.388092;-0.9980137;0.9343795;0.1251867;0.0004206;0.9513721;0.1343544;-50.8888893;-0.0629975;0.3125837;0.9681581;69.0916367;1;54.0814972;4.1246438;24.4730129;2.7543993;0.3761437
969532.5;1018637.5;9;0.7437716;0.0001906;0.7638239;5.6473241;183.7988129;7.9585252;33.7572441;4.1816139;25.2382851;38.1455574;8.2020683;0.3736168;1.2947426;4.5423059;0.0133668;254.2487946;-0.9624497;0.9586476;0.1284894;0.0004568;0.9208225;0.107318;0;-0.2714603;-0.2444444;0.1300899;9.8657656;-4;52.6378555;4.3317351;22.5618286;3.3315544;0.4805275
973993.5;1018637.5;5;0.8694559;0.0007115;9.4237347;7.0750527;147.245163;7.9552264;33.628624;10.4657774;24.5459595;38.4663773;7.9386344;0.3631768;1.4897723;4.2848983;0.0168925;261.0274048;-0.987763;0.9700831;0.1620303;0.000604;0.8707789;0.1101473;0;-0.1559626;0.019943;0.1852585;11.3213396;15;51.9712219;4.414607;21.7268543;3.6792603;0.5112987
956149.5;1014176.5;11;2.7610509;0.0006921;0;35.0353279;3.8454089;7.9564562;34.7588463;40.9761772;10.7322893;37.5182152;9.4019766;0.0049457;0.0201424;5.0152764;0;284.2799072;-0.9691023;0.8898676;0.073881;0.0003686;1.0232546;0.1964955;-211.8000031;0.2466591;-0.6093617;1.37287;87.3003998;-355;41.4610558;3.988466;28.4424782;1.6907607;0.2618883
960610.5;1014176.5;7;1.9656094;0.000474;0.0053148;23.521841;72.0807037;7.9574933;34.5085869;24.0527401;16.2394829;37.7943726;6.7711043;0.1788864;0.5560982;4.7800207;0.0043104;267.2886047;-0.9988804;0.909939;0.0884503;0.0004039;0.9944602;0.1721703;-135.625;-0.0473056;-0.0572332;1.763921;120.2226028;-156;46.4639091;4.0339718;26.5616074;2.043124;0.3022862
965071.5;1014176.5;9;1.1448843;0.0002458;0.0108607;11.6555405;144.0072021;7.9580321;34.2437401;7.6018696;21.8613682;38.0992928;7.3950243;0.3603774;1.1153532;4.6558218;0.0088082;270.5866089;-0.9999476;0.934285;0.1033364;0.0004391;0.9656657;0.1398686;-51.8888893;0.0102385;0.2555556;0.9406087;66.8238907;-11;54.5840302;4.0691695;24.4039993;2.6862011;0.3581844
969532.5;1014176.5;9;1.0422938;0.0002172;0.011554;10.1722527;152.9980164;7.958497;34.2106323;5.5455108;22.5641022;38.3622856;7.0476532;0.3830637;1.1852602;4.5487008;0.0093704;257.3998108;-0.9759161;0.9593218;0.1051972;0.0004744;0.9368712;0.1120083;0;-0.2181461;0.0143369;0.1398084;9.8218699;1;53.8436203;4.2640324;22.5430641;3.240855;0.4416962
973993.5;1014176.5;9;0.9796339;0.0006582;10.6734638;8.8664532;138.1003571;7.955267;33.3222466;9.0236702;23.7273979;38.4099236;8.1219616;0.3641219;1.52349;4.3774195;0.0147357;257.8687134;-0.9776685;0.9702989;0.1600644;0.0006325;0.8831861;0.1094122;0;-0.210153;-0.02849;0.1756784;12.17871;11;50.9707222;4.4404535;22.4559097;3.4873827;0.5230485
978454.5;1014176.5;5;1.2292067;0.000899;23.7543411;8.8694;139.8406219;7.9552479;32.7756767;15.2746401;24.7537594;38.4210854;7.9044533;0.3439991;1.5127162;3.9639592;0.0158936;210.3235931;-0.5048834;0.9479938;0.185075;0.0006716;0.8769114;0.1063913;0;-0.8631876;0.2053571;0.0985594;8.5841427;24;49.1352997;4.4308462;22.8616791;4.3025489;0.5532955
956149.5;1009715.5;11;2.671855;0.0006959;0;34.0860863;4.3293743;7.9564438;34.8127785;37.1838913;11.5255413;37.5315742;8.9164543;0.0054617;0.0203014;5.0204654;0;292.9525146;-0.9208283;0.8807928;0.0753918;0.0004377;1.0203178;0.1988517;-220.5713959;0.3899682;-0.1508678;1.275817;112.1388016;-269;40.1247444;3.9911232;28.1601086;1.5814545;0.2647657
960610.5;1009715.5;7;2.0556853;0.0004968;0.0012799;25.1223717;57.8177528;7.9574194;34.7355881;22.6286812;15.4127865;37.7982254;7.9117012;0.1839994;0.5116083;4.7991776;0.002525;288.7367859;-0.9470039;0.9000607;0.0786219;0.0004747;0.9916801;0.1755435;-131.8889008;0.3212221;0.0342619;1.733481;114.8974991;-120;43.6247368;4.0013037;26.4006557;1.8721297;0.3028203
965071.5;1009715.5;9;1.4239198;0.0002884;0.0026155;15.936862;114.3460312;7.9579949;34.6501656;8.7295771;19.3273888;38.1308975;7.5802832;0.3702762;1.0242698;4.6664267;0.0051598;281.1193848;-0.9812274;0.9221032;0.0816523;0.0005117;0.9630425;0.1424671;-42.5555611;0.1928544;0.1691437;0.7573798;55.7077904;-16;53.8146439;4.0933805;24.3113976;2.4962173;0.3551581
969532.5;1009715.5;9;1.3449491;0.0002624;0.0027824;14.7886734;121.4120636;7.9584908;34.6394882;6.9921885;19.8167133;38.4178238;7.5680733;0.3935609;1.0883524;4.5519285;0.0054892;273.5035095;-0.998131;0.9437115;0.0820311;0.0005486;0.9344048;0.1139386;0;0.0611101;-0.1;0.1576032;9.9442892;-3;53.2140846;4.2555981;22.5094128;3.0344927;0.4373894
973993.5;1009715.5;9;1.0109203;0.0006412;18.0383606;9.6447191;151.3280182;7.9553084;33.2047195;8.8869638;23.3760719;38.6363945;8.5610094;0.3480225;1.5412297;4.1971025;0.014332;285.7511902;-0.9624498;0.9673436;0.1464972;0.0006352;0.885289;0.1057884;0;0.2714598;-0.0617284;0.1951344;15.4128399;11;52.4072189;4.4899101;22.3052025;3.3873103;0.5262277
978454.5;1009715.5;9;1.2416748;0.0008883;27.2565994;9.220459;135.7641144;7.9552765;32.7263222;15.6373692;25.3274212;38.4593544;8.2720375;0.3366168;1.6869895;4.0874934;0.0157705;330.4462891;-0.4932387;0.9643816;0.1700107;0.0007272;0.8703071;0.1027824;0;0.869894;-0.1052632;0.1789912;18.4752102;19;50.4177551;4.4132519;23.0448208;4.0473762;0.5877702
982915.5;1009715.5;9;1.3198397;0.0008727;27.647665;11.4777899;118.3644638;7.9551773;32.7568398;23.996769;25.142149;38.6441269;9.1844978;0.3169277;1.7789048;3.9014747;0.017136;350.9724121;-0.1569105;0.9310831;0.1795093;0.0007674;0.851933;0.1265916;0;0.9876128;-0.4962406;0.1739095;20.3800602;7;48.6775208;4.3881063;22.4819069;4.7804241;0.5921776
987376.5;1009715.5;9;1.4087371;0.0008709;29.0289402;15.5034475;103.1760483;7.9552503;32.9324837;32.5525475;23.56633;38.7475662;8.8383522;0.3127933;1.6369828;3.9163423;0.0194943;287.1026917;-0.9557791;0.8475028;0.1662309;0.0008253;0.8203418;0.1657456;0;0.2940856;0.3464912;0.218329;23.6259899;58;48.9895248;4.4606314;20.5271702;4.8714185;0.6237301
951688.5;1005254.5;15;2.8221865;0.0006863;0;36.7166557;19.2005367;7.955442;34.7431526;57.4293633;9.1556702;37.3076859;7.8124008;0.0106798;0.0310269;5.2490616;2.00E-07;293.730896;-0.9154456;0.8478041;0.0768864;0.0004681;1.045862;0.2203215;-248.1999969;0.4024419;-0.5081272;1.451552;96.696228;-392;42.0025673;3.9074285;28.9943027;1.3489619;0.2408797
956149.5;1005254.5;11;2.4748755;0.0006962;0;32.0079803;11.3336372;7.9564409;34.8841476;30.180336;12.4624109;37.5352592;8.5641708;0.0167448;0.0416207;5.0225859;4.00E-07;287.2076111;-0.9552389;0.8642811;0.0848553;0.0005068;1.0173811;0.2010614;-183.25;0.2958356;0.0062849;1.6110899;115.4985962;-181;37.2482796;3.9928503;27.3928642;1.4814376;0.2731157
960610.5;1005254.5;14;1.9991379;0.0005043;0.0005229;24.8588467;55.8952141;7.9573569;34.7990303;19.1741333;15.4105911;37.7897186;7.8378153;0.1866641;0.4997289;4.8139577;0.0019251;296.1087952;-0.8979601;0.8835;0.0784052;0.0005455;0.9889002;0.1787118;-90;0.4400768;0.071161;1.261842;84.9993362;-71;49.4861107;3.9668651;25.7344589;1.714674;0.3109777
965071.5;1005254.5;13;1.5178167;0.0003036;0.0010684;17.6036072;102.73629;7.9579644;34.7040787;8.8741417;18.3431816;38.143837;9.029232;0.3637075;0.9772943;4.671473;0.0039335;291.3262024;-0.9315249;0.9089357;0.0713283;0.0005842;0.9604192;0.1449133;-28.4444408;0.3636777;0.1689624;0.5031585;38.956131;-8;52.7589493;4.1111751;23.8649406;2.3213181;0.3616631
969532.5;1005254.5;9;1.1928347;0.0004549;8.8075647;12.9497261;132.2160187;7.9584885;34.0109024;7.104733;20.6993828;38.4492607;9.7734718;0.3929977;1.297419;4.5485797;0.0096791;278.3257141;-0.9894611;0.946947;0.0896555;0.0006229;0.9319384;0.1157621;0;0.1447991;0.0222222;0.1330277;9.067647;1;55.0259171;4.526154;22.2524815;2.8445485;0.4415171
973993.5;1005254.5;9;0.8690149;0.0006892;25.6419296;11.1438427;151.4372101;7.9553127;33.1177788;8.1422062;23.4800949;38.4936333;8.5832472;0.3607451;1.5875999;4.2178102;0.015637;268.8146973;-0.999786;0.9646311;0.1343924;0.000702;0.8754508;0.106477;0;-0.0206856;0.0144033;0.2328017;15.6544504;14;52.3045197;4.5004973;21.8354187;3.4992101;0.5417698
951688.5;1000793.5;15;2.7062707;0.0006919;0;35.3782272;17.3840485;7.9556336;34.7878647;46.9633369;10.1129236;37.2130699;6.941339;0.0172212;0.0434461;5.206604;4.00E-07;311.7489929;-0.7460688;0.8331472;0.0873984;0.0005355;1.0427685;0.2202487;-194.3332977;0.6658688;-0.2830375;1.520779;114.2580032;-290;41.1421967;3.9007578;28.158041;1.3818299;0.2464687
956149.5;1000793.5;11;2.2624981;0.0006959;0;29.7686062;19.269371;7.9565878;34.9580078;22.7180252;13.4197969;37.3937759;6.8761444;0.029566;0.065963;4.9786811;9.00E-07;300.3606873;-0.862861;0.8506327;0.0954549;0.0005759;1.0144444;0.2010751;-143.1110992;0.5054414;0.090963;1.777892;118.8280029;-109;38.0980492;3.9007936;26.6256199;1.5207586;0.279278
960610.5;1000793.5;14;1.9216442;0.0005095;0.000234;24.3290272;55.7355919;7.9574623;34.8391037;15.4295158;15.5261822;37.5957947;8.2965384;0.188979;0.4925083;4.7630806;0.0014946;298.6289063;-0.8777416;0.8737078;0.0795617;0.0006163;0.9861202;0.1788079;-53.4444389;0.4791343;0.1086282;0.7972956;56.2042084;-34;49.2743797;3.9464285;25.0682621;1.7602984;0.3182643
965071.5;1000793.5;13;1.585265;0.0003148;0.0004783;18.896841;93.7053299;7.9580441;34.7076302;8.8782587;17.5803719;37.8768082;9.0385818;0.3547863;0.93662;4.5931444;0.0030533;292.1193848;-0.9264015;0.8986338;0.0626272;0.0006567;0.957796;0.1450765;-15;0.3765371;0.1733333;0.2685696;22.5585709;-2;52.2424355;4.1481838;23.4184856;2.3726902;0.3705591
969532.5;1000793.5;9;1.0614074;0.0005843;14.9005079;11.2780523;142.4233093;7.9585452;33.5388794;7.0574818;21.5477371;38.1191788;9.4979296;0.3917002;1.4504573;4.4465742;0.0129139;278.1300964;-0.9899495;0.9305144;0.0969347;0.0006971;0.9294719;0.1159832;0;0.141421;-0.2575758;0.1021538;7.6594172;-3;53.3244629;4.5350866;21.9955521;2.9008782;0.4477313
973993.5;1000793.5;9;0.9159038;0.0007047;23.1623917;11.0230989;142.1171875;7.9555974;33.2530556;9.0784092;24.430891;38.3082161;9.096859;0.3817883;1.6420146;4.2338691;0.0150578;271.591095;-0.9996144;0.9636295;0.1420224;0.0007978;0.8766797;0.1122695;0;0.027767;-0.1636364;0.2312359;19.1137009;9;52.3386459;4.4639702;21.1742496;3.6232021;0.5326642
951688.5;996332.5;15;2.6478817;0.0006808;0;34.6080818;18.5539265;7.9558253;34.7975807;42.9122925;10.5251417;37.118454;7.6836929;0.023608;0.0578392;5.1641469;1.80E-06;322.4715881;-0.6091551;0.8284832;0.0946877;0.0006029;1.039675;0.2201759;-123.8332977;0.7930511;-0.0610063;0.8379071;84.3986893;-140;41.644516;3.8925762;27.0492783;1.4146976;0.2595706
956149.5;996332.5;11;2.1656766;0.0006713;0;28.6196213;25.4304123;7.9567342;34.9740524;19.6322842;13.7949696;37.2522926;7.437449;0.0420841;0.0941734;4.9347768;3.60E-06;300.1413879;-0.864789;0.857704;0.1009133;0.000645;1.0115076;0.2010888;-89;0.5021355;0.1236749;1.1506701;84.9522705;-54;40.1945992;3.8903229;25.7007465;1.5600797;0.291556
960610.5;996332.5;14;1.8444492;0.0004948;0.0003307;23.2700157;62.0137825;7.9575677;34.8483887;13.673604;15.9663639;37.4018707;8.0250425;0.1995683;0.5229188;4.712203;0.0017761;300.7355042;-0.8595361;0.8921108;0.0864297;0.0006871;0.9833402;0.178904;-29;0.5110751;0.1121495;0.4145806;32.3865509;-17;50.5303879;4.0360212;24.266325;1.8059226;0.3362798
965071.5;996332.5;9;1.5302205;0.000311;0.0006757;17.9481869;99.8887558;7.9581232;34.7095871;8.4680252;18.0900002;37.6097755;9.4879389;0.3630964;0.9687256;4.5148158;0.0036255;285.1409912;-0.965286;0.9250669;0.0710457;0.0007293;0.9551728;0.1452398;-7.4444451;0.2611953;0.0626781;0.141348;11.2458496;-5;52.0161247;4.165822;22.5135918;2.4240623;0.4043014
969532.5;996332.5;9;1.1287802;0.0005195;11.7014351;12.1229153;137.2413177;7.9586024;33.787014;7.1055636;21.108736;37.7890968;8.5723133;0.393763;1.3743534;4.3445692;0.0112585;289.6120911;-0.9419866;0.972156;0.0950577;0.0007714;0.9270054;0.1162043;0;0.3356504;-0.0233918;0.1482522;11.0799599;4;55.0931168;4.5164628;21.0018597;2.9572079;0.4939591
973993.5;996332.5;9;1.0796241;0.000739;22.6671009;11.3709373;140.3602905;7.9554434;33.3431015;10.3756437;24.5865269;38.2002754;9.3432541;0.3630856;1.6414678;4.2792387;0.0169876;293.1986084;-0.9191452;0.9665896;0.1311072;0.000859;0.8770204;0.1209132;0;0.3939191;-0.0767677;0.256719;16.4369392;14;51.678875;4.504178;20.8866196;3.977546;0.5617202
951688.5;991871.5;15;2.6046317;0.0006655;0;33.987484;20.5096912;7.9564686;34.7980843;40.5494003;10.7939301;37.030262;8.2100773;0.0299541;0.0727516;4.9472761;3.50E-06;292.9075928;-0.9211341;0.8329933;0.101129;0.0006702;1.0365814;0.217106;-73;0.3892454;-0.416;0.6639118;47.0070915;-125;42.2045441;3.8865309;25.9370651;1.6788749;0.2748565
956149.5;991871.5;11;2.0992646;0.0006403;0;27.7575779;31.1244297;7.9572091;34.9748878;17.6982746;14.0169268;37.1019363;8.7382126;0.0545224;0.1234017;4.6036439;6.90E-06;289.0705872;-0.9451164;0.8595868;0.1050188;0.0007141;1.0085708;0.1984139;-52.1111107;0.3267339;0.2038429;0.7319746;48.5098991;-25;41.3720741;3.9409022;24.7738781;1.8717643;0.3114925
960610.5;991871.5;14;1.7673326;0.0004748;0.0005287;22.0717411;69.9861298;7.9578881;34.849575;12.4410372;16.4919643;37.1760139;8.1851521;0.2123351;0.5632323;4.2801251;0.0022449;301.8908081;-0.8490567;0.8965186;0.0948008;0.0007579;0.9805602;0.1766274;-16.2222195;0.5283018;0.1882086;0.1701501;14.6725597;-7;51.9346695;4.167841;23.4626675;2.1556091;0.3599456
965071.5;991871.5;9;1.442941;0.0003033;0.0010805;16.4095612;110.0759659;7.9583368;34.7111244;7.9487519;18.9344807;37.2590065;9.1553774;0.3759411;1.0199838;4.0311451;0.00458;282.6192932;-0.9758431;0.9358783;0.0839693;0.0008018;0.9525496;0.1433731;-3.1111109;0.2184723;-0.1527778;0.1102102;8.9373674;-8;53.0539856;4.2348304;21.6028957;2.7765245;0.4413897
969532.5;991871.5;9;1.3029557;0.0003511;3.4770312;14.3144417;123.813858;7.958724;34.4247589;7.215364;19.9763088;37.3305855;8.4015512;0.3982463;1.1761786;3.8164003;0.0069773;292.2759094;-0.9253693;0.9788416;0.0890779;0.0008456;0.924539;0.1146913;0;0.3790669;-0.1017214;0.2879499;21.4464607;5;54.8132095;4.3189774;19.9988441;3.3120637;0.5491893
973993.5;991871.5;9;1.19188;0.0007499;24.866024;13.6110945;130.6135406;7.955699;33.6506691;10.8363056;24.5884209;37.4624405;9.2247906;0.3435537;1.5529245;3.9853213;0.0161283;306.1702881;-0.8072668;0.9706432;0.135865;0.0009672;0.868512;0.1242765;0;0.5901866;0.0508475;0.2366219;20.2854595;30;51.9793854;4.4585824;20.7459259;3.8847468;0.5711149
951688.5;987410.5;15;2.5946488;0.0006724;0;33.7386856;18.2561016;7.9571176;34.7969551;38.7246895;10.9898148;36.9421501;8.3244181;0.0273675;0.0667065;4.7281981;2.80E-06;315;-0.7071069;0.8513747;0.1185176;0.0007303;1.0278403;0.2139982;-47.4285698;0.7071066;-0.2566783;0.5697732;41.8154297;-79;40.4094658;3.9060457;24.3369064;1.9459801;0.2992718
956149.5;987410.5;11;2.1247122;0.0006536;0;28.0788536;28.8607578;7.9576888;34.9617386;18.3871822;13.9403248;36.9514656;8.5809193;0.0494524;0.1115541;4.2688751;5.50E-06;300.0852051;-0.8652806;0.8612105;0.1195697;0.0007769;1.0012267;0.195705;-31.2222195;0.5012878;0.131888;0.5027231;39.8686104;-15;41.4188042;4.0792909;23.2552605;2.1868966;0.3432125
960610.5;987410.5;14;1.8273704;0.0005055;0.0003872;23.0221462;63.0639458;7.9582109;34.8772354;13.3213806;16.0409279;36.9497566;8.7496243;0.1945605;0.5090219;3.8432217;0.0017233;315;-0.7071069;0.8900358;0.1118731;0.0008235;0.9746132;0.1743206;-9.1111107;0.7071066;0.0917874;0.0658325;6.5395279;-7;51.9315529;4.1428504;22.0721951;2.5091448;0.3963717
965071.5;987410.5;9;1.5375326;0.0003519;0.0007913;17.9916611;98.2931595;7.9585524;34.7818947;8.9195662;18.104578;36.907177;8.599453;0.3450175;0.921821;3.5423439;0.0035156;287.1984863;-0.9552858;0.9274446;0.1037963;0.0008701;0.9479997;0.1414807;0;0.2956839;-0.2740741;0.1411473;10.6016502;-8;51.6225815;4.2087302;20.5132828;3.1327977;0.4784698
969532.5;987410.5;9;1.3970766;0.0005122;12.3803444;11.9169941;114.8753204;7.9563808;34.3676147;8.6243544;21.1010151;37.0221634;9.1310368;0.3492519;1.3197687;3.7132211;0.0076176;277.0899048;-0.9923537;0.9698422;0.1006104;0.0008884;0.9000213;0.1284421;0;0.123427;0.0046948;0.3251266;21.34375;15;51.3639755;4.3861461;20.2768574;3.6440308;0.5586337
973993.5;987410.5;9;1.3552845;0.0007435;26.8921471;8.3413677;112.6699219;7.9557128;33.2437515;13.2832546;23.4779625;36.9882584;9.2981119;0.3437268;1.5358691;3.4047956;0.0150295;277.2532043;-0.9919979;0.967526;0.1319308;0.0009936;0.876159;0.1168587;0;0.1262543;0.6305419;0.2669916;17.2863007;63;50.9572678;4.4815512;19.7731724;4.6095805;0.5928279
947227.5;982949.5;15;3.008744;0.0006919;0;38.3985863;5.2181044;7.957274;34.6474648;54.0870514;8.5705776;36.692276;9.8297205;0.0050324;0.0212711;5.0990124;0;302.735199;-0.8411784;0.8609404;0.1424064;0.0006758;0.9948484;0.2439319;-45;0.5407578;-0.3611111;0.3205858;29.1204395;-71;39.9499969;3.9924977;24.9754105;1.9127556;0.2821162
951688.5;982949.5;11;2.5983644;0.0006885;0;33.6429825;14.2692461;7.958087;34.7951469;37.121582;11.1556816;36.8828583;8.8995056;0.0211028;0.052032;4.5156732;1.10E-06;301.9500122;-0.8485103;0.8718;0.140414;0.0007391;0.9795651;0.2059895;-30.875;0.5291788;0.2061688;0.3518665;29.56534;-15;37.4313469;4.0909362;22.6899605;2.3562908;0.3291017
956149.5;982949.5;14;2.1879845;0.0006851;0;28.8873768;23.3203888;7.9583998;34.9428329;20.1561165;13.7407866;36.8820343;8.291831;0.0371731;0.0827929;3.8072376;2.20E-06;315.6094971;-0.699545;0.8859077;0.1384216;0.0007956;0.9630309;0.1872926;-15.5555601;0.7145886;0.1760462;0.2133993;22.8332691;-2;49.6998253;4.1358218;21.6798992;2.615257;0.3795074
960610.5;982949.5;14;1.9438837;0.0005571;0.0001059;24.8572998;50.0087166;7.9586849;34.915802;15.0717468;15.187747;36.850666;8.1171913;0.1642101;0.4158899;3.1740544;0.0007939;343.0725098;-0.2911617;0.9031278;0.1325284;0.0008522;0.9464967;0.166226;-5.7777781;0.9566739;-0.015873;0.0385915;3.880944;-6;51.3182411;4.1783457;20.625452;2.9344394;0.4325934
965071.5;982949.5;9;1.7070122;0.0004238;0.0002165;20.8587666;77.4638748;7.9588709;34.881176;10.5039463;16.5852222;36.7061157;9.787672;0.2960716;0.762132;2.819747;0.0016199;287.8503113;-0.9518605;0.9387708;0.1264657;0.0009088;0.9299625;0.1363773;0;0.3065313;-0.1994949;0.1989915;14.8382196;-4;50.2250214;4.1936889;19.4065151;3.4767752;0.5135832
969532.5;982949.5;9;1.2571496;0.0006673;19.1746674;13.951767;96.9674377;7.9570889;33.7522163;10.3503361;22.8927479;36.5808372;9.1458054;0.3431719;1.3822333;3.0954907;0.0104975;279.5828857;-0.9860456;0.9670312;0.1211638;0.0009693;0.8924869;0.1300221;0;0.1664753;0.028169;0.2506967;21.9696808;22;50.0819092;4.3165298;19.3025818;4.3265324;0.5915481
947227.5;978488.5;11;2.9627595;0.0006909;0;37.6395378;4.2206554;7.9582558;34.6722107;50.7486687;8.9774342;36.7102623;10.1448889;0.005532;0.0225014;5.0145307;5.00E-07;269.1185913;-0.9998817;0.8735865;0.1547408;0.0006758;0.937754;0.2324592;-36.5;-0.0153831;-0.2578125;0.208699;26.4338799;-53;39.9601898;4.0514765;24.2369137;2.2500257;0.3041458
951688.5;978488.5;11;2.5407829;0.0006654;0;32.7634926;17.4844608;7.9590878;34.8065376;34.6144295;11.4911995;36.8263321;8.2885866;0.0335086;0.0827989;4.3037767;1.16E-05;293.6293945;-0.9161574;0.8877281;0.1642504;0.0007478;0.9312901;0.1975109;-23.5714302;0.4008187;0.2401656;0.2803329;25.0932999;-7;37.7828293;4.1176057;21.8930588;2.7803338;0.3628175
956149.5;978488.5;14;2.1188064;0.0006399;0;27.8874454;30.7482643;7.9591327;34.9408607;18.4801846;14.0049658;36.8203697;9.4472666;0.0614851;0.1430963;3.3334351;2.27E-05;243.4349976;-0.8944273;0.907741;0.1737601;0.0008144;0.9248351;0.1783333;-6.875;-0.4472134;0.1442308;0.0287146;4.1363478;-5;49.9524498;4.1855216;20.8135815;3.0544751;0.4208201
960610.5;978488.5;13;1.7397656;0.0006314;4.9258051;21.944128;69.2834702;7.9591737;34.5079346;13.7969484;16.5796185;36.7637711;9.0168104;0.1865381;0.6172521;2.4826155;0.0042002;297.6459961;-0.8858317;0.9326555;0.1587389;0.0008809;0.9183803;0.1575763;-1.5555561;0.4640067;-0.0679012;0.0761072;9.4998379;-4;48.3287926;4.2484207;19.8526077;3.3666148;0.4942393
965071.5;978488.5;9;1.3625919;0.0006238;10.0657759;15.9544086;108.9174347;7.9591999;34.0503464;9.6115818;19.1569176;36.5195122;10.1714487;0.3158118;1.1094016;2.0747311;0.0085588;294.0013123;-0.9135363;0.9528292;0.1426512;0.0009475;0.9119254;0.130966;0;0.4067571;-0.2566138;0.2407242;15.6544504;-1;50.5587807;4.267705;19.1697369;3.8195734;0.5781885
969532.5;978488.5;9;1.1735111;0.0008742;27.0377045;12.6840973;108.9270096;7.9563999;32.7617302;10.3381834;24.5539341;36.549881;9.2882862;0.3523776;1.6345105;2.3730249;0.0150523;298.8427124;-0.8759477;0.964505;0.1474108;0.0010715;0.8688297;0.1205567;0;0.482406;0.1869489;0.2528865;18.5219193;36;50.4707603;4.4133983;18.537096;4.5834908;0.6169684
956149.5;974027.5;9;1.9701577;0.0005486;0;25.8024387;45.9570885;7.9596133;34.9490471;14.7373352;14.5473757;36.6588898;8.014822;0.1077519;0.2568386;3.2559242;5.75E-05;265.1008911;-0.9963467;0.9325898;0.2189906;0.0008331;0.8866394;0.163133;-6.625;-0.0854008;-0.1053922;0.1127755;12.9801502;-12;46.8983879;4.1640067;20.0848427;3.4840038;0.4901974
960610.5;974027.5;9;1.343269;0.0007194;12.8070927;16.181963;107.9562149;7.9595962;33.8322067;10.7070522;19.3185196;36.6305161;9.0473719;0.2404732;0.9953106;2.3701224;0.0102079;301.4768066;-0.8528513;0.9514735;0.1882826;0.0009096;0.8902638;0.1459588;0;0.522154;-0.191358;0.1844501;12.1055002;-4;48.6184502;4.2563238;19.1464844;3.7332859;0.5820981
965071.5;974027.5;9;0.7098314;0.0009006;26.1710148;6.3871746;171.7406921;7.9594526;32.6614494;7.23317;24.1832409;36.4771614;10.1431999;0.3767635;1.7608464;2.0450494;0.0207984;291.8013916;-0.9284766;0.9756774;0.1549463;0.0009861;0.8938882;0.1298805;0;0.3713908;0.2388889;0.1728842;13.4669199;24;50.2017097;4.2441301;18.2704506;3.9512439;0.6395347
969532.5;974027.5;5;1.2450942;0.0009814;31.605629;9.2994719;110.8135757;7.9573445;32.8172188;10.6133957;25.1620846;36.4531097;9.6385841;0.3601325;1.6766362;1.8927381;0.0206768;255.9638062;-0.9701425;0.9700025;0.1479893;0.0010384;0.8512602;0.1287666;0;-0.2425354;-0.0395833;0.1985508;16.7327309;25;48.5869522;4.3741212;15.9663105;4.8325481;0.6461354
947227.5;969566.5;7;2.7761943;0.0006956;0.0689834;35.3281784;6.1742692;7.9598827;34.7462692;42.2934074;10.4284754;36.3348846;9.46453;0.0103417;0.0385993;5.0921636;0.0001834;312.7359924;-0.7344883;0.8969557;0.1551041;0.0006759;0.8235651;0.1934926;-58.5;0.6786214;-0.5939227;0.9768056;66.4849625;-166;42.4714699;4.1132693;23.199976;3.0180182;0.3899515
951688.5;969566.5;14;2.1391578;0.0006695;1.7245848;27.0184364;50.0566864;7.9600286;34.4921455;26.8540573;14.1881952;36.4795876;7.4618425;0.1171555;0.4481443;4.3667102;0.0045839;285.0184021;-0.9658428;0.9152834;0.1812792;0.0007654;0.8347399;0.1643046;-33.2857094;0.2591285;0.0015444;0.6813724;58.7433014;-33;44.9813309;4.1720996;20.8270092;3.6460183;0.4990792
956149.5;969566.5;9;1.5021211;0.0006434;3.3801863;18.7086945;93.9391022;7.9600444;34.2380219;11.4147091;17.947916;36.4780388;8.3141994;0.2239694;0.8576892;3.2553058;0.0089844;314.4490967;-0.7138729;0.9512426;0.2074542;0.0008518;0.8484436;0.1467217;0;0.7002753;-0.1466346;0.2360987;17.4279804;-6;44.5652657;4.2520533;19.5324287;3.9116526;0.5805075
960610.5;969566.5;9;0.9126332;0.0008347;19.7499561;11.1836519;128.035553;7.9595633;33.1382408;11.2993689;24.6235924;36.4645004;9.2366428;0.3501793;1.572057;2.799314;0.0178028;308.7580872;-0.7797963;0.9701254;0.1792496;0.0008667;0.8237939;0.1455667;0;0.6260334;0.25;0.1461517;12.2019997;18;49.2707291;4.2922282;18.495327;4.2534084;0.642453
965071.5;969566.5;5;0.8759911;0.0009318;31.751442;5.8474588;144.193924;7.9588084;32.6163445;9.9508543;25.1162109;36.2911682;9.9445133;0.3587363;1.7859404;2.4228492;0.0212506;242.7447052;-0.8889746;0.9770189;0.1753424;0.0010022;0.8176239;0.1301992;0;-0.4579565;0.012931;0.0595871;8.6593523;16;49.6283112;4.350419;17.0630798;4.9824867;0.6696731
969532.5;969566.5;5;1.3015853;0.0008854;29.3869209;4.3311357;108.8603287;7.9586787;33.2812119;13.0113649;24.7493591;36.3544197;10.2433605;0.3415874;1.6921237;1.4828744;0.0226179;220.0729065;-0.6437616;0.9680501;0.1669474;0.0010685;0.822414;0.1305569;0;-0.7652261;-0.1156462;0.1321532;15.7339001;20;47.7486649;4.4220462;15.4391308;5.1991553;0.6753605
947227.5;965105.5;11;2.5396473;0.0007092;0.1963373;32.7155304;10.146862;7.9603896;34.8010826;33.027626;12.2129183;36.0201645;7.436295;0.016665;0.062069;5.2371407;0.0005191;331.5947876;-0.4757047;0.9168919;0.1429314;0.0006759;0.7664706;0.1737297;-35.8571396;0.8796051;-0.0732791;0.7153251;59.2559319;-50;44.6225281;4.1746292;22.8019218;3.0795228;0.4420659
951688.5;965105.5;14;1.692047;0.0006909;0.6120822;22.5537052;75.7945099;7.9616094;34.4291153;17.7831821;17.223465;36.1384239;8.7045803;0.1742829;0.6054943;4.7514;0.0046573;313.3989868;-0.7265867;0.9502755;0.1594784;0.000709;0.7823629;0.1733701;-19.2222195;0.6870748;0.1773172;0.731214;57.6729813;15;44.9180832;4.2806578;21.1537437;3.4480164;0.5044916
956149.5;965105.5;9;0.7638332;0.0008958;9.6205301;7.3767838;169.6522827;7.9604607;32.918438;8.4476557;23.7668743;36.0639839;9.9054537;0.3993759;1.8707086;3.4739184;0.0254352;336.1460876;-0.404406;0.9623658;0.1478841;0.0008706;0.8102478;0.1322507;0;0.9145796;0.0756173;0.2580005;20.0450096;19;49.5739441;4.2559357;19.034935;3.873518;0.6578408
960610.5;965105.5;9;0.6332656;0.0008869;23.2767735;2.8153954;132.4212799;7.9620142;32.9581184;10.1892929;26.3893471;36.3750839;9.7901669;0.38739;1.8061514;3.1143742;0.0223712;5.332159;0.0929295;0.9799998;0.1922276;0.0008517;0.7643929;0.1374963;0;0.9956727;-0.0305556;0.1209126;12.0824003;16;49.1960716;4.3164573;18.1211586;4.3617353;0.6854171
965071.5;965105.5;5;1.0409055;0.0009245;32.9237404;2.5645337;132.4761047;7.9603105;32.983078;12.81143;25.3107586;36.4004555;10.0337982;0.3431741;1.761043;2.3199742;0.0256682;91.4688034;0.9996715;0.976687;0.1975725;0.00097;0.7630829;0.1433443;0;-0.0256326;-0.3390805;0.0626231;9.0997562;10;50.0180817;4.3882055;16.4692688;5.2678003;0.6867942
942766.5;960644.5;8;2.5081048;0.0006662;0.0680003;32.1545143;37.3473167;7.9606752;34.5319977;46.1106911;11.8500843;35.8052406;7.8862085;0.051915;0.2216;5.764607;0.0025459;268.8617859;-0.9998027;0.9095119;0.1236654;0.0005656;0.7159044;0.1861151;-37.1666718;-0.0198637;-0.0084175;0.2424307;32.0853882;-38;41.0851974;4.186389;25.6524067;2.3003004;0.3466752
947227.5;960644.5;14;1.9712555;0.0006576;0.4807651;24.7089424;55.8333511;7.9608059;34.3971367;22.7714424;16.2475471;35.6715469;8.3921909;0.1002144;0.4334643;5.411788;0.0052896;291.1842957;-0.9324227;0.9302125;0.147542;0.000676;0.7093762;0.1541004;-8.25;0.3613695;0.0292208;0.3597952;27.9497299;-6;39.9473305;4.2355146;23.2096977;3.0392923;0.4694836
951688.5;960644.5;9;0.9593959;0.0007128;2.4619098;14.1921873;137.526535;7.9621439;33.2619858;11.3935709;23.0119534;36.1708755;8.5833454;0.2920974;1.1078029;4.8644862;0.0126844;292.7297058;-0.9223378;0.9679144;0.1535464;0.0007145;0.7495514;0.1626977;0;0.3863846;0.2453102;0.2575707;22.8348904;27;47.0540962;4.378696;19.9438896;3.2784379;0.563557
956149.5;960644.5;9;0.6430154;0.0007693;15.9672775;8.1006384;161.6547546;7.9626951;32.8603439;8.8700228;25.6542168;36.2018776;9.3228741;0.3659064;1.5939213;4.0470443;0.0204476;279.4623108;-0.986394;0.9793252;0.1682098;0.0007755;0.7404816;0.1519313;0;0.1643986;0.2037037;0.0390561;7.233325;27;51.1245804;4.3785362;18.5712757;3.7278433;0.6899568
960610.5;960644.5;9;0.8433672;0.0007185;24.0098171;1.762684;151.2487335;7.9621553;33.3064423;8.71138;26.592371;36.1511497;10.0232353;0.4030475;1.769112;3.1294224;0.0237646;307.875;-0.7893525;0.9816484;0.1959869;0.0008657;0.7576611;0.1457517;0;0.6139402;0.625;0.0366041;8.1461267;39;51.433876;4.3329077;17.530262;4.4393921;0.7107527
938305.5;956183.5;7;2.7700834;0.0006827;0.0240405;35.3100777;17.6893368;7.9600911;34.6756134;49.8946457;10.2273178;35.7541695;8.83113;0.0206522;0.0905107;5.9417648;0.0009001;272.0454102;-0.9993629;0.891377;0.1220146;0.0004213;0.7308181;0.2012157;-60.4000015;0.0356913;-0.6070175;0.3597881;25.9121609;-95;45.4229889;4.0996242;27.5021763;1.7777849;0.2765092
942766.5;956183.5;8;1.8788979;0.0005987;0.2163645;22.6550312;85.0395279;7.9602909;34.0657806;30.2651253;16.6751328;35.8226967;7.2389598;0.1487783;0.6544699;5.8396673;0.0081005;260.1571045;-0.9852801;0.9182653;0.147466;0.0005234;0.7234849;0.1786055;-38.25;-0.1709478;0.0025253;0.5164347;35.2659492;-38;44.1439476;4.181891;26.1274128;2.1779838;0.3537787
947227.5;956183.5;9;1.0106834;0.0005291;0.9508255;10.3276958;150.8180847;7.9606628;33.4510231;11.344779;22.9414845;35.623642;8.5279255;0.2750309;1.2160443;5.5412083;0.0153014;268.8114929;-0.9997848;0.9549709;0.1719874;0.0006255;0.7161517;0.1519944;-6.333333;-0.0207423;0.1497585;0.3869292;25.38591;4;47.4197617;4.294558;22.5440941;2.861079;0.4726192
951688.5;956183.5;5;0.6016685;0.0006505;5.3056288;7.0962744;178.790451;7.9629183;32.6914864;7.9895477;25.8253117;36.2215157;8.9061947;0.359727;1.3553469;5.1453247;0.0180458;248.3339996;-0.9293521;0.9736159;0.1597103;0.0007538;0.7306464;0.1524372;0;-0.3691947;0.2121212;0.1260868;11.3038797;20;49.805088;4.3757296;20.0799561;3.189122;0.5668846
956149.5;956183.5;5;0.677436;0.0007393;22.2748051;7.6164336;192.4259949;7.9621983;32.9901962;6.6149988;25.2101841;36.4105759;9.8253136;0.3704137;1.7390087;4.2101049;0.0214264;194.0361938;-0.2425355;0.9807757;0.1664152;0.0008459;0.7651206;0.1473564;0;-0.9701425;-0.1975309;0.0926573;7.3936911;17;48.7903366;4.3801613;18.6246777;3.7544563;0.6599979
960610.5;956183.5;5;0.8524311;0.0006949;24.096899;6.42629;132.1218109;7.9637675;33.3285713;9.7954378;25.6055508;36.4724121;9.4219999;0.3343799;1.8703144;3.0273013;0.0202697;164.8760071;0.2609091;0.9793306;0.1946389;0.0008583;0.7552401;0.1488487;0;-0.9653634;0.0055556;0.1230461;11.9974003;19;48.5529022;4.3703289;17.0367432;4.5102057;0.7259695
938305.5;951722.5;8;2.5114434;0.0006841;0.0545272;31.7624989;18.6479187;7.9593863;34.7254944;34.0152321;12.4120779;35.8209686;6.8781571;0.0329486;0.1327261;5.9701147;0.0013361;234.6808014;-0.8159438;0.897022;0.1370372;0.0003824;0.7485579;0.1938733;-77.6666565;-0.5781312;-0.0858586;0.3914837;46.6821404;-89;45.269249;4.0366368;27.4805756;1.723341;0.2795681
942766.5;951722.5;3;1.4359527;0.0005754;0.4907448;16.2018719;116.7156982;7.9594359;33.7456779;18.8614445;19.9346848;35.9334297;7.6246266;0.2174882;0.957634;5.9377246;0.0120238;260.5163879;-0.9863328;0.9179763;0.1617649;0.0004751;0.7403047;0.1765701;-51.8888893;-0.164765;0.0578298;0.7111534;52.7729797;-42;45.5420418;4.1964846;25.7623215;1.9766012;0.3546646
947227.5;951722.5;9;0.4034552;0.0004834;1.5791014;1.2741278;210.6800079;7.9618864;32.7883148;4.3699422;27.1453228;36.2153206;8.6643686;0.394838;1.7563502;5.6830559;0.0223779;266.7789917;-0.9984202;0.9498821;0.1857702;0.0005679;0.7320516;0.1483649;-6.666667;-0.0561881;0.0752688;0.3713814;23.8280907;-2;51.7608681;4.283709;22.0348911;2.8173707;0.4638897
951688.5;951722.5;5;0.4718774;0.0006943;4.8342161;2.5050664;206.8135834;7.9625421;32.4586868;5.9363556;26.6478405;36.4069939;8.7203064;0.3921373;1.6950384;5.2536864;0.0232327;258.690094;-0.9805806;0.970444;0.1838932;0.0007232;0.7228693;0.1431109;0;-0.1961164;0.2995169;0.0982189;8.5302658;18;50.4000359;4.3546548;19.8606339;3.1670084;0.5429677
956149.5;951722.5;5;0.7544898;0.0007109;18.088829;3.2494473;180.6585846;7.9614882;32.9547386;6.2238536;25.3372936;36.5761299;9.1850882;0.3482197;1.8210745;4.181695;0.0222477;286.3894958;-0.9593655;0.9779044;0.1827961;0.000783;0.7602556;0.1324416;0;0.2821662;-0.4305556;0.0284441;4.148479;12;49.8896294;4.3936186;18.5882702;3.7116182;0.6746629
938305.5;947261.5;8;2.260144;0.0006888;0.1083502;29.1358776;27.4209652;7.9593139;34.7718277;25.3681812;13.6839638;36.0042343;5.7101083;0.0475226;0.1651152;5.9563103;0.0014704;249.1210022;-0.9343351;0.9025945;0.1378807;0.0003436;0.7662976;0.1906759;-80.8000031;-0.3563958;-0.6530303;0.8331748;47.3218803;-167;42.0500832;4.0653296;27.4342785;1.6926248;0.2698535
942766.5;947261.5;3;1.3034436;0.0006258;0.9751518;14.8259192;121.6984787;7.9593344;33.6690865;14.8608999;20.5850773;36.1912346;7.3429379;0.2392758;1.0446213;5.8952508;0.013228;265.0539856;-0.9962764;0.9257561;0.1602273;0.0004269;0.7571245;0.1702897;-55.375;-0.0862161;0.1234848;0.670226;50.5938187;-35;43.6135178;4.1047854;24.955864;1.9249115;0.3415729
947227.5;947261.5;10;0.3851335;0.0005759;2.4710701;1.1000239;212.0039368;7.9625001;32.59795;4.8148146;27.1989994;36.4457283;8.5638914;0.4229628;1.8928657;5.662611;0.0245623;242.2415009;-0.8849182;0.953292;0.1817823;0.0005102;0.7479513;0.1363017;-17.7777805;-0.4657465;0.1660425;0.4135726;28.0546207;-3;50.884594;4.2933178;20.9265804;2.8994935;0.4364231
951688.5;947261.5;5;0.4537821;0.000725;11.5605965;2.1684337;208.7923126;7.9613748;32.3694916;5.4841747;27.0293922;36.7296944;7.633121;0.4047897;1.939187;5.1218619;0.0231206;228.1107941;-0.7444378;0.9704084;0.1848155;0.0006178;0.7808896;0.120863;0;-0.6676918;0.2884615;0.2091554;16.1176205;18;52.2927208;4.2269812;19.5007362;2.9667842;0.5705787
956149.5;947261.5;5;0.644859;0.0007757;24.8040352;3.2578931;198.5083008;7.9612565;32.8284454;5.9750352;26.320631;36.8006821;8.8638639;0.3474988;1.9693172;4.0746884;0.0221421;233.1300964;-0.7999999;0.9755951;0.1910223;0.0007376;0.7369558;0.1239956;0;-0.6000001;0.039039;0.0963116;9.6391687;16;48.163887;4.3523397;18.5508804;3.4436016;0.6415234
942766.5;942800.5;3;1.2730358;0.0006328;1.1364827;14.6210604;120.6847687;7.959722;33.7046204;12.7948618;20.7073936;36.4840164;6.6870694;0.249823;1.0462394;5.774888;0.0129408;262.586792;-0.9916415;0.9229593;0.1577977;0.0003787;0.7739443;0.1627467;-61.7142906;-0.1290243;-0.0566202;0.4354285;49.2565117;-71;43.6273155;4.1730914;24.8737068;1.9773353;0.3182394
947227.5;942800.5;3;0.4452661;0.0005883;2.7769122;1.9171609;206.6492615;7.9599972;32.6411285;5.1566806;26.7803917;36.6946526;8.0122166;0.4370648;1.8866805;5.4065981;0.0240403;236.9176941;-0.8378872;0.9427718;0.1799047;0.0004526;0.7638512;0.125154;-30.4444408;-0.5458435;-0.0355555;0.4616892;30.0780907;-34;43.8735085;4.1782327;21.0965958;2.367111;0.397651
951688.5;942800.5;5;0.4496055;0.0007369;17.3184967;2.4707274;211.1658325;7.9602399;32.4192047;5.4824157;27.0587807;36.8802605;8.6984787;0.401445;1.9010283;5.0820761;0.0242483;230.0057983;-0.7661098;0.9525176;0.1931396;0.0005601;0.7978407;0.0920289;-6.5555549;-0.6427097;-0.0421456;0.3121897;19.6757698;-9;47.6529732;4.2955356;18.4550915;2.7105651;0.5121424
956149.5;942800.5;5;0.5292252;0.0008172;24.4504719;2.9367557;194.9855042;7.9603906;32.6030579;5.3697948;26.8353539;37.016674;8.5657301;0.3554799;1.9846007;4.0489922;0.0194181;225;-0.7071067;0.9744058;0.1812599;0.0006984;0.7664562;0.1018043;0;-0.7071068;0.0676328;0.1952268;13.5601101;11;50.2141418;4.3833737;19.1743603;3.0023;0.6139436
960610.5;942800.5;5;0.5715171;0.0008707;32.4374428;7.7932191;185.66362;7.9611859;32.6824875;5.9124527;26.6510906;37.028389;8.9522266;0.3285193;2.0039084;2.660099;0.0185746;229.5287933;-0.7607327;0.9749542;0.1638171;0.0008048;0.8706567;0.102799;0;-0.6490653;-0.1065759;0.2299957;15.9706497;15;48.7669487;4.3772621;17.6602592;3.0934818;0.6723974
978454.5;942800.5;1;0.5725611;0.001013;30.7919121;3.33496;164.1658936;7.9624181;32.0304604;9.3161573;26.0076065;37.9191704;8.9280529;0.2518165;1.8655027;0.4349521;0.0188621;159.9812012;0.3423278;0.9768908;0.1443398;0.0010577;0.9324644;0.096801;0;-0.9395806;-0.1138393;0.2203846;18.9798393;15;50.7826996;4.3665318;11.709919;4.5284343;0.8022291
982915.5;942800.5;1;0.7823408;0.0008776;25.3953876;2.3221331;195.7861633;7.9636984;32.2599068;12.5839758;25.2289791;38.2408447;8.557395;0.3908098;1.8921053;0.43509;0.019381;241.6992035;-0.8804711;0.9708548;0.1390748;0.0011708;0.9433334;0.0882773;0;-0.4740998;-0.119863;0.2844026;25.9891796;22;47.9282227;4.4309039;11.7018785;4.9687572;0.7684841
987376.5;942800.5;1;0.7024162;0.0010693;30.3382511;5.2496023;188.7939911;7.963305;32.7572021;15.0216532;25.4565125;38.4651222;8.6395111;0.4002297;1.8087592;0.434972;0.0205845;247.2118073;-0.9219432;0.9339935;0.1612099;0.0012033;0.9330069;0.1118636;0;-0.3873251;0.3926941;0.2942432;25.4143391;68;49.9090729;4.3807082;11.715374;5.4032254;0.7444491
942766.5;938339.5;3;1.4905885;0.0005347;0.5132006;17.2602882;105.1081543;7.9600554;34.0124435;15.4269104;19.5472412;36.643425;6.7547216;0.233072;0.8405317;5.6836176;0.0090316;256.5441895;-0.9725495;0.9214998;0.1532018;0.0003304;0.7907641;0.1638016;-60;-0.2326961;-0.4583333;0.2690297;19.3477001;-82;46.3662338;4.0558872;25.3293419;1.8798324;0.2995253
947227.5;938339.5;7;0.6959305;0.0004059;1.6593043;5.1415973;185.075119;7.9602103;33.2514915;5.2483883;25.2148151;36.8107529;7.9836788;0.4171115;1.5339367;5.2304287;0.0169454;254.4635925;-0.9634606;0.9343011;0.1831523;0.0003949;0.7797509;0.1238716;-46.4444389;-0.2678503;0.08828;0.4015167;25.382021;-40;49.2598114;4.1570363;22.4043579;2.3046339;0.3678577
951688.5;938339.5;5;0.5073658;0.000753;18.6736927;2.8573079;197.2360687;7.9603534;32.5943527;5.6542931;26.1934395;36.9406013;8.5670271;0.4176807;1.8360842;4.7968187;0.0222395;246.1613007;-0.9146865;0.9496547;0.1748389;0.0005023;0.8147917;0.0944448;-19.5555592;-0.404164;0.0250896;0.3018421;19.4885197;-18;51.5047188;4.301888;20.2486897;2.6128871;0.4701098
956149.5;938339.5;5;0.4342051;0.0009052;27.4841194;3.777853;203.0789948;7.9609447;32.5392075;5.0011439;27.0664616;37.2350121;8.4067326;0.362557;2.0246749;3.9633272;0.0232164;240.6900024;-0.8719838;0.9600484;0.1683671;0.0006608;0.7810769;0.0877792;-2.5555561;-0.4895348;0.0555556;0.2098564;14.0563202;0;51.6355705;4.3828683;19.7569637;2.7710261;0.5539441
960610.5;938339.5;5;0.458002;0.0009733;24.7223568;4.6330237;185.0115967;7.9603453;32.5770454;4.6893425;27.1044369;37.2916451;8.401145;0.3419029;1.9724928;2.8905003;0.0186172;246.3706055;-0.9161572;0.9674373;0.1528391;0.00073;0.8719451;0.0819427;0;-0.4008191;-0.090703;0.1682006;16.4864292;10;48.8240738;4.3614593;18.6625061;2.7432404;0.7052427
965071.5;938339.5;5;0.5407972;0.0008937;27.1750603;9.2059259;192.8291931;7.9617896;32.5674667;5.3540235;26.9933872;37.1681099;8.3200531;0.3356996;2.0707572;1.2306198;0.021855;280.1455078;-0.9843635;0.9687997;0.1409899;0.0008233;0.936188;0.0834609;0;0.1761491;-0.3187134;0.3098286;24.7959595;8;48.2605896;4.3369064;16.4991493;3.0337031;0.7145752
973993.5;938339.5;1;0.4736506;0.0009492;25.056694;1.4835514;185.7588654;7.9621081;32.1942863;6.524189;26.0794582;37.5298958;8.7862549;0.3279974;2.0767787;0.4362095;0.021694;111.2126007;0.9322441;0.9760386;0.1346128;0.0009702;0.964308;0.0732696;0;-0.36183;-0.1912145;0.377082;29.5451107;9;54.5597382;4.3703251;11.7925653;3.7966549;0.7901379
978454.5;938339.5;1;0.4198152;0.0009714;25.5743465;1.0999788;182.3900146;7.9629107;32.2467422;8.4507599;26.1656303;37.9412003;8.5878038;0.3454057;2.0588319;0.4348948;0.0230413;171.8699036;0.1414212;0.9764363;0.1371611;0.0010988;1.0162477;0.0681079;0;-0.9899495;-0.2241379;0.136205;19.5049896;0;53.0443192;4.3268619;11.7081099;4.1802754;0.8165113
982915.5;938339.5;1;0.4584644;0.0010544;29.6977501;2.3535132;208.1612244;7.9652824;32.2361908;9.8657684;26.2706547;38.0356102;8.4923439;0.3763699;1.9976244;0.434775;0.023083;275.0057983;-0.9961858;0.9647188;0.1328931;0.001077;0.9806463;0.0603374;0;0.0872569;-0.4150702;0.4414985;31.9320297;-5;54.6385078;4.3658414;11.6991777;4.5441055;0.820398
987376.5;938339.5;1;0.6541012;0.0010561;25.2148895;3.1622477;192.1390076;7.9612579;32.2975502;12.9767399;26.413166;38.5310707;8.5585728;0.4873932;1.9760679;0.4348213;0.0244997;283.72229;-0.9714569;0.9657929;0.1469107;0.0012808;0.8695861;0.0741457;0;0.2372161;0.255814;0.2842032;27.7437191;67;50.4748535;4.3913445;11.7015285;4.4233451;0.7425357
942766.5;933878.5;8;1.6967458;0.0004621;0.0185063;19.8267536;90.0409698;7.9603829;34.3059425;17.9826527;18.3239403;36.7190971;5.9165564;0.2194982;0.6694093;5.6046267;0.0056152;256.3729858;-0.9718501;0.916862;0.1474848;0.0002822;0.8075839;0.1714556;-66.6666565;-0.2356;-0.3006536;0.2180219;19.0583897;-82;45.2973824;3.9908719;26.3604279;1.6588771;0.2804099
947227.5;933878.5;7;0.9400088;0.00027;0.7000561;8.4060345;163.2378693;7.960434;33.8277779;5.5464039;23.5434322;36.896244;8.1523981;0.4009558;1.2387887;5.0079384;0.0107334;252.5527954;-0.9539937;0.9276215;0.1820103;0.0003372;0.7956508;0.1307418;-55.1111107;-0.2998268;0.0563166;0.3533425;23.5817509;-51;51.0378876;4.1200876;23.8287601;2.1005211;0.3423028
951688.5;933878.5;5;0.6388478;0.0006536;16.6788998;4.5853333;185.9188995;7.9605417;32.9571037;5.7548685;25.3222618;37.040905;8.2397957;0.4094003;1.6587516;4.3226199;0.0187695;239.6567993;-0.8630145;0.9385754;0.1695624;0.0004445;0.8317428;0.0984608;-29.8888893;-0.5051792;-0.0205761;0.3050347;18.7465191;-31;52.8491211;4.3173923;21.7136784;2.4505119;0.4219655
956149.5;933878.5;5;0.3376867;0.0010371;32.6577454;0.7646317;208.5999146;7.9608388;32.0864258;5.9633336;27.1010933;37.117363;8.083025;0.417845;2.0787144;3.2443461;0.0268055;232.4313965;-0.7926241;0.9452371;0.1571145;0.0005592;0.8746955;0.0848986;-13.7777796;-0.6097106;0.17154;0.2632696;17.1773605;-4;50.5342636;4.3365607;20.6310081;2.596889;0.5347137
960610.5;933878.5;5;0.3845214;0.0009478;23.6964569;1.3998437;200.3665161;7.9599133;32.4702606;4.5892658;27.2436352;37.3308296;8.4953489;0.3747538;1.9744449;2.4986658;0.0212591;237.2882996;-0.8414008;0.9468482;0.1516995;0.0006977;0.8925698;0.0865038;0;-0.5404116;0.010101;0.2346537;17.15938;3;51.6252823;4.3502636;18.7327328;2.735254;0.6513322
965071.5;933878.5;1;0.4286209;0.0009429;23.4060211;2.4843154;205.3206024;7.9601583;32.3860435;4.8331304;27.0868893;37.380291;8.4757042;0.3523444;1.991093;1.3807559;0.0215418;239.7967987;-0.8642464;0.9528635;0.1413888;0.0007755;0.9534726;0.0892815;0;-0.5030687;0.2411347;0.3733189;31.4995594;42;46.2409744;4.3482404;17.4090099;3.1135743;0.7725855
973993.5;933878.5;1;0.3082108;0.0011563;36.5840721;0.4613779;209.9375;7.9646478;31.9190922;6.2296648;27.2146282;37.8180351;8.4361238;0.420659;2.1611514;0.4379579;0.0279358;62.5255699;0.8872168;0.970232;0.1296259;0.001018;1.0465064;0.0619047;0;0.4613528;-0.2671756;0.1809241;43.4332199;-7;51.5203056;4.3400068;12.0358162;3.9267182;0.8496692
978454.5;933878.5;1;0.3986951;0.0010222;25.4023952;0.3545234;195.1396027;7.9637704;32.006321;7.2030296;27.1941319;37.9522934;8.2742529;0.3920331;2.0268667;0.4347937;0.0230999;338.936615;-0.3594015;0.9792051;0.1323966;0.0011343;1.0057292;0.064074;0;0.933183;-0.2411924;0.5091445;38.1284409;-6;52.7418365;4.3741951;11.8006268;4.2637858;0.7745337
982915.5;933878.5;1;0.3081641;0.0011588;37.264698;0.4629374;209.938385;7.9688077;31.9182281;6.2328749;27.2152481;38.122139;8.5971985;0.4209754;2.1627519;0.4347874;0.0279548;321.1701965;-0.6270095;0.9814957;0.1301864;0.0010486;0.9905648;0.0604325;0;0.7790116;-0.0382514;0.4224056;39.4912109;38;51.9749107;4.4013548;11.6981153;4.9205422;0.8376247
942766.5;929417.5;7;1.8595998;0.0004867;0.0124459;22.1167278;76.9096069;7.9607964;34.5450211;20.2484303;16.8606682;36.8164444;5.4026823;0.2179976;0.6297109;5.5454521;0.004072;262.7330017;-0.9919676;0.9084244;0.1375078;0.0002377;0.8569595;0.1834906;-70.5;-0.1264927;-0.5125;0.2411093;17.1148109;-91;45.6608009;3.9883418;28.0602837;1.442844;0.2622983
947227.5;929417.5;7;1.1590595;0.0003105;0.3425747;11.8224745;140.4008789;7.9607434;34.2745781;6.6283898;21.4699764;37.0348206;7.818572;0.3992305;1.1625048;4.8414059;0.0078768;258.1929016;-0.9788421;0.9168345;0.1641875;0.0002841;0.8453035;0.1423623;-61.3333282;-0.2046169;0.1222222;0.2902582;19.7033596;-54;50.4831657;4.0382175;25.3887138;1.8820089;0.3221508
951688.5;929417.5;9;0.7855946;0.0005146;8.0112152;6.6514797;173.3822479;7.9607668;33.5005875;5.9723749;24.1797905;37.2065506;8.2337265;0.4095964;1.4994329;4.0354304;0.0159444;242.4179993;-0.8863489;0.9242714;0.1577676;0.0003932;0.8771366;0.1085536;-38.5555611;-0.463018;-0.1623931;0.2426751;16.5939198;-47;52.8695335;4.3192773;23.0107708;2.2544787;0.4006302
956149.5;929417.5;5;0.4121296;0.0007187;15.6798553;1.480485;206.3636169;7.9609795;32.726593;5.3163605;26.8896046;37.2626839;8.0820236;0.4199623;1.8363609;2.9768481;0.024012;235.5278015;-0.8244008;0.927535;0.1513477;0.0005114;0.9151824;0.0928845;-23.8888893;-0.5660064;-0.0020576;0.2609102;17.0192299;-24;49.9126587;4.3286943;21.360508;2.4616609;0.493651
960610.5;929417.5;5;0.3560692;0.0009203;25.8616123;0.8916624;208.7393036;7.961174;32.3434563;5.720839;27.0986538;37.335701;8.0302658;0.4190222;1.9869812;2.1073687;0.0258977;222.5319061;-0.6760004;0.9243644;0.1403755;0.0006295;0.9532282;0.0802015;-6.1111112;-0.7369013;-0.0970266;0.2635728;19.7227707;-13;50.5162048;4.3286943;20.0609264;2.6374664;0.6025597
965071.5;929417.5;1;0.3507429;0.0009599;23.1322212;1.0768471;210.1924438;7.9607501;31.939476;4.4880762;27.3195572;37.5748901;7.3988738;0.3754326;2.114094;1.2940181;0.0257052;201.2893982;-0.3630796;0.9311193;0.1341996;0.0007477;0.9912739;0.086081;0;-0.9317581;-0.0759637;0.3669426;30.8404903;-1;51.0474663;4.3084068;18.2355347;3.0066237;0.7269714
969532.5;929417.5;1;0.365356;0.0009614;24.2516518;2.0461199;206.3238831;7.9610233;32.3338089;4.4617767;27.2872639;38.1332664;8.7244263;0.3615883;2.066771;0.6274278;0.0224978;187.2749939;-0.1266319;0.9626994;0.1320339;0.0008557;1.0369451;0.0648158;0;-0.9919498;-0.3085106;0.3042228;29.5634899;-15;47.945549;4.3588743;15.6287813;3.2184064;0.7791631
973993.5;929417.5;1;0.3682203;0.0010222;25.4525204;2.6237488;211.4854126;7.9611721;32.0551567;4.9225578;27.252594;38.316597;8.9242125;0.3806572;2.106039;0.4369283;0.0262605;284.7654114;-0.9669774;0.9787688;0.1385522;0.0008847;1.0370383;0.0674201;0;0.2548622;-0.1212892;0.4282752;44.7199783;15;52.1740532;4.3235364;13.0511055;3.325578;0.7752255
978454.5;929417.5;1;0.4334207;0.0009611;23.2518597;2.5615048;209.2681732;7.9650269;32.2787514;5.9048338;27.3286304;38.0504227;8.7594643;0.3847226;1.9657371;0.4348469;0.029397;327.0701904;-0.5436116;0.9826807;0.142266;0.001038;1.0494697;0.0544102;0;0.8393369;0.6287262;0.3690989;36.6333199;116;51.6889648;4.341043;12.1798944;3.6177676;0.8492338
982915.5;929417.5;1;0.4668997;0.000897;24.9417076;0.7314654;201.7434845;7.9626169;32.3896141;7.0689902;27.2977524;38.3100395;8.871933;0.4536564;1.9924759;0.4347461;0.0279223;68.3048935;0.9291641;0.9836469;0.1383703;0.0011447;0.9015081;0.0561767;0;0.3696674;0.0018215;0.1606634;32.3446007;53;54.596447;4.3864584;11.7133198;4.0239773;0.7285675
987376.5;929417.5;1;0.5924167;0.0008874;32.9194717;0.6912534;184.1478729;7.9657464;33.0059319;7.9340391;27.2859173;38.7126122;8.5975952;0.4856639;2.0501258;0.4347445;0.0279419;159.3045959;0.3534006;0.9807881;0.1496896;0.0013725;0.843421;0.0585449;0;-0.9354721;-0.0943877;0.1544323;16.6193905;40;51.3543472;4.3669724;11.7055941;4.1976357;0.7476099
942766.5;924956.5;11;2.000221;0.0005084;0.0071215;24.1814384;64.6474152;7.961309;34.7580566;21.8917522;15.5528059;36.9389801;4.9266281;0.2150633;0.5884827;5.5093064;0.0026157;281.309906;-0.9805806;0.897516;0.1279367;0.0001954;0.9258685;0.2006171;-70.8333435;0.1961164;-0.4909909;0.2128069;15.1373301;-89;46.3785973;3.9317801;29.7625484;1.2325314;0.2481448
947227.5;924956.5;14;1.3672266;0.0003454;0.0288373;15.1207848;118.500473;7.961153;34.666256;7.6613855;19.487112;37.2350922;6.5189409;0.3942176;1.0827014;4.7399058;0.0051722;266.6335144;-0.9982744;0.9038642;0.1468171;0.0002336;0.9152079;0.1595035;-64.6666565;-0.0587221;0.1969696;0.2186827;15.3984098;-56;51.2952499;4.0257816;26.9110069;1.646762;0.3136114
951688.5;924956.5;9;0.9355969;0.0003884;0.4044201;8.7906046;160.256485;7.9610572;33.9914169;6.2355933;23.0058937;37.4600945;8.1963835;0.4075999;1.3417017;3.9089985;0.0130534;250.6410065;-0.9434601;0.908753;0.1452294;0.0003459;0.939596;0.1261877;-45.8888893;-0.331486;-0.1419753;0.1888537;12.8965502;-51;51.856266;4.1911607;24.3221989;1.999956;0.3874536
956149.5;924956.5;9;0.5039673;0.0004314;0.780003;2.4604239;202.0124969;7.9611115;33.3165817;4.8098011;26.5246754;37.5088806;8.2623262;0.4209822;1.600702;2.9256618;0.0209346;251.8278961;-0.9501239;0.9099617;0.1436418;0.0004688;0.968991;0.1121968;-33.4444389;-0.3118728;0.0966183;0.2213179;14.66751;-29;50.7465935;4.292098;22.3845119;2.2018855;0.4664063
960610.5;924956.5;9;0.4052934;0.0007534;16.9989929;1.3991513;206.7144012;7.9612365;32.6856308;5.4365163;26.9190369;37.6158752;8.0811872;0.4204713;1.8578095;2.0431027;0.0243518;244.7671967;-0.9045828;0.9058905;0.1328677;0.0005918;0.998386;0.0986118;-18;-0.426298;-0.03125;0.1543823;10.2523699;-19;50.9835663;4.3274441;20.8079643;2.4185126;0.5484751
965071.5;924956.5;1;0.3210958;0.0010875;33.906826;0.5669618;209.8052368;7.9617028;32.056591;6.1524706;27.1775551;38.0058403;7.0092454;0.4193563;2.1148345;1.4278995;0.0275751;248.1985931;-0.9284766;0.8955017;0.1216941;0.0007147;1.027781;0.0840126;-11.6666698;-0.3713908;0.0666667;0.0691539;7.118052;-10;51.7683258;4.3233509;19.2792473;2.746114;0.6371794
969532.5;924956.5;1;0.3326791;0.0010276;23.8011436;0.6297944;212.3456421;7.9602032;32.1330299;4.1990776;27.3729706;38.2446404;9.2642393;0.4047247;2.1285586;0.7447538;0.0290934;280.3048096;-0.9838699;0.9415441;0.1274088;0.0008376;1.057176;0.0764223;0;0.1788854;-0.236715;0.2153584;16.0377598;-8;54.7386703;4.3542418;17.0304508;2.985553;0.7527251
973993.5;924956.5;1;0.3599782;0.0010014;23.3661938;3.5671244;211.9709625;7.9613729;32.0522537;4.0329938;27.3224182;38.5518227;8.9151993;0.4220517;2.0755486;0.4363605;0.0233452;267.8212891;-0.9992771;0.9725398;0.1315603;0.0008583;1.0412906;0.0640895;0;-0.0380162;-0.0195081;0.5911179;41.7029495;31;51.8445435;4.3286772;15.0824451;3.1496141;0.8056167
991837.5;924956.5;1;0.7516429;0.0008411;29.8013859;6.4258499;169.2863159;7.9677548;32.1566658;10.1751709;26.9531326;39.259758;8.3777351;0.4486222;1.9162706;0.4347411;0.0243782;118.9092026;0.8753871;0.9796739;0.1378118;0.0014056;0.7967345;0.080096;0;-0.4834227;0.1057143;0.2457139;17.6612091;25;50.6049805;4.3992653;11.7044611;4.2254567;0.7959535
996298.5;924956.5;1;0.6471592;0.0008815;26.476099;3.7594681;197.2734833;7.9707623;32.1619415;12.5260038;26.1259365;39.2122841;8.6088009;0.4303407;1.8302076;0.4347442;0.0232474;81.2538376;0.9883717;0.9666953;0.145775;0.0014226;0.8189844;0.1077119;0;0.1520572;-0.3;0.0422261;11.3724804;-1;54.3955383;4.3389173;11.7194567;3.9977119;0.728451
1000759.5;924956.5;1;0.7485892;0.0008498;32.5420189;3.6588025;177.9384918;7.970192;32.8516235;14.8753271;25.3832092;39.1172638;8.6586151;0.2646563;1.8397282;0.4349809;0.0180881;214.6952057;-0.56921;0.9387357;0.1495571;0.0012236;0.7956026;0.1339139;0;-0.8221922;0.5066667;0.1522817;9.9944429;19;50.9656525;4.2940555;12.0967302;4.3521066;0.6796538
1005220.5;924956.5;1;1.1317259;0.0004415;25.3684807;6.6543808;157.4714508;7.9777102;32.8942146;20.1981258;22.6887436;39.1466255;9.2611599;0.2794884;1.676733;0.4632894;0.0141265;206.5650024;-0.4472134;0.8486216;0.1572382;0.001089;0.8988014;0.1579382;0;-0.8944272;0.4090909;0.0861437;9.0829506;20;48.1413193;4.7579784;17.8391647;4.1316338;0.5960635
942766.5;920495.5;14;1.9852127;0.0005102;0.0069486;24.6693077;58.4694672;7.9618564;34.7887878;19.1778984;15.3328123;37.1243553;4.2077994;0.2020926;0.5365464;5.4659481;0.0017681;306.8699036;-0.7999999;0.884495;0.1212061;0.0001532;0.9947774;0.2193677;-68.8571396;0.6000001;-0.1861473;0.0802597;11.17943;-75;46.85429;3.9368658;31.4686222;1.0684813;0.2441186
947227.5;920495.5;14;1.4992076;0.0003407;0.0213075;17.5921936;103.1561508;7.9616203;34.6720543;8.35145;18.1383724;37.4899864;6.4740849;0.3661905;0.9782619;4.668488;0.0035312;255.3235931;-0.9673723;0.8896143;0.1326132;0.0001831;0.9851124;0.1792544;-66.3333435;-0.2533592;0.1666667;0.1393839;11.3038797;-60;50.3868179;4.0217185;28.3737679;1.4517785;0.3086456
951688.5;920495.5;9;1.1083883;0.0003514;0.2238609;11.4405775;143.0068207;7.9614363;34.1136932;6.8187947;21.6120129;37.7641487;7.8679605;0.3902548;1.1950836;3.8314497;0.0097003;238.8609924;-0.8559156;0.8926117;0.1274877;0.0002986;1.0020554;0.146942;-52.2222214;-0.5171156;-0.1783626;0.180039;12.3178101;-59;51.4427948;4.150075;25.6562843;1.7826694;0.377676
956149.5;920495.5;9;0.717569;0.0003622;0.4264143;5.2889619;182.8574982;7.96138;33.5553322;5.28614;25.0856533;37.8116112;7.7230392;0.4143192;1.4119053;2.8963275;0.0158694;233.5308075;-0.804176;0.8923836;0.1223623;0.0004263;1.0227996;0.1339621;-42;-0.5943912;0.2045455;0.2295472;14.7648201;-33;49.0212631;4.2136693;23.8740196;1.9836838;0.4441646
960610.5;920495.5;9;0.5300282;0.0006389;9.3378477;2.9979386;197.3923798;7.9614305;32.9456482;5.6252527;26.1432552;37.9284592;6.9704952;0.4310604;1.7836941;2.0104525;0.023039;231.0090027;-0.7772447;0.8878856;0.116711;0.000554;1.0435438;0.1185534;-26.6666698;-0.6291984;0.0148148;0.2168488;14.3759098;-26;47.6494293;4.2771425;22.1842422;2.2510448;0.5100178
965071.5;920495.5;1;0.3513255;0.0009271;18.6279278;0.8747671;210.8265839;7.9618769;32.3337288;6.0457468;27.0958118;38.3024292;7.0701699;0.4474832;2.1622207;1.3070836;0.030252;242.6501007;-0.8882176;0.8779951;0.111037;0.0006817;1.064288;0.0941439;-16.6666698;-0.459423;0.2416666;0.1572267;12.1380901;-7;51.5296936;4.3277969;20.5137978;2.7642789;0.5794759
969532.5;920495.5;1;0.3189554;0.0010633;27.7825203;0.5316322;211.4415131;7.9622617;32.1278458;6.2454839;27.2126846;38.6249771;6.74471;0.4363295;2.1848598;0.7004279;0.0297208;247.9541016;-0.9268834;0.9033692;0.1110227;0.0008094;1.0850322;0.0730907;-0.7777778;-0.3753494;-0.106576;0.2095492;16.3079891;-6;52.9362984;4.3233509;18.4322605;3.2069433;0.6742889
973993.5;920495.5;1;0.3456984;0.0010133;25.1089058;1.4042825;213.7649536;7.9620585;31.9779072;3.9758625;27.3291473;38.7967606;7.071249;0.419027;2.1035864;0.437091;0.0276817;239.6567993;-0.8630145;0.9314868;0.1212532;0.0009371;1.1057764;0.0734069;0;-0.5051792;0.0910308;0.4575467;30.9806805;27;51.3955994;4.296771;16.6996307;2.9565294;0.7957677
978454.5;920495.5;1;0.3997013;0.0009334;24.6384659;3.9656053;209.0805054;7.9633093;32.7060051;4.305068;27.2971344;39.0398598;8.3193684;0.4420201;2.0583928;0.4347448;0.0248485;191.2008057;-0.1942479;0.9634577;0.1177959;0.0010108;1.0444487;0.0679941;0;-0.9809525;0.4810127;0.3305417;25.7638893;69;54.3050079;4.3221526;13.7630711;3.2789712;0.7861135
991837.5;920495.5;1;0.4104716;0.00076;28.6314926;1.0749409;194.6767426;7.9652972;32.6609077;6.6155868;26.7857456;39.5105362;8.3903236;0.373477;1.9912843;0.4347411;0.0248208;139.969696;0.6431921;0.9748371;0.1297064;0.0014257;0.8100225;0.0863794;0;-0.7657049;0.0192308;0.2096352;16.4113808;12;50.5598373;4.302465;11.7269306;3.960103;0.778621
996298.5;920495.5;1;0.5255029;0.0009364;27.0682468;1.4851246;201.1055756;7.9680853;32.3522568;7.3735266;26.0523987;39.4894562;8.0949593;0.3358447;1.9098624;0.4347417;0.0237252;131.1858978;0.7525766;0.9714638;0.140526;0.0014582;0.7965027;0.1071583;0;-0.6585046;-0.3784722;0.0341269;10.6400099;-5;54.5352402;4.3406453;11.7139149;4.1333508;0.7953822
1000759.5;920495.5;1;0.5825863;0.0009058;25.2456532;0.8530853;195.928772;7.9698672;32.2049789;12.9087801;25.7485943;39.2380409;7.0269856;0.2823164;1.9758339;0.4348611;0.0205731;271.9749146;-0.999406;0.939698;0.1564279;0.0013957;0.7548447;0.1099724;0;0.0344623;-0.3851852;0.0931565;10.0455799;-2;54.7529793;4.3122244;11.7986584;4.8048043;0.7585139
1005220.5;920495.5;1;1.0957934;0.0007019;27.630394;9.2726364;172.2372742;7.9731483;33.1048546;17.0731583;22.8103333;39.2171783;9.0618343;0.2903197;1.7582021;0.4432759;0.0170731;315;-0.7071069;0.9067248;0.1517626;0.0011473;0.8291922;0.1387356;0;0.7071066;-0.2345679;0.0045402;9.067647;7;51.0710144;4.3818603;19.1026192;3.5387084;0.5966174
938305.5;916034.5;11;2.3063617;0.0006906;0.0007549;30.1537457;17.5758533;7.9626451;34.9459763;24.1559525;13.5029573;37.1022606;4.9552684;0.0370499;0.0910509;5.758904;0.0001066;90;1;0.8709008;0.1103069;8.93E-05;1.0723561;0.2654094;-71.25;0;0.6973684;0.1155738;7.6933408;-58;45.272686;3.9223003;35.4382858;0.7432211;0.1602406
942766.5;916034.5;14;1.9667745;0.0005105;0.0067272;25.0856743;52.8916168;7.9624577;34.8207397;16.465538;15.1314163;37.4090576;4.9923072;0.1902616;0.4880506;5.4111891;0.0009483;210.9638062;-0.5144957;0.8712376;0.1146277;0.0001109;1.0636865;0.2406855;-68.8571396;-0.857493;-0.4285716;0.0187196;6.9985418;-77;47.164341;3.9725587;32.9221001;0.9775559;0.2318548
947227.5;916034.5;14;1.6268468;0.0003371;0.0139551;19.9821358;88.3038864;7.9621801;34.6823959;9.0279598;16.8334274;37.8312302;5.7977185;0.33853;0.8758425;4.644619;0.0019414;251.5650024;-0.9486833;0.8744776;0.1184096;0.0001326;1.0550168;0.2031305;-67.2222214;-0.3162278;0.0123456;0.1015213;6.9085741;-67;50.616024;3.9971128;29.7198792;1.3204374;0.3043821
951688.5;916034.5;14;1.2790867;0.0003171;0.0500615;14.0628452;125.9357986;7.961956;34.2424355;7.4055877;20.2271442;38.1480331;6.0649557;0.3731002;1.0518553;3.8311679;0.0064175;251.5650024;-0.9486833;0.8759789;0.1097956;0.0002512;1.0645149;0.1726283;-56.8888893;-0.3162278;-0.1651652;0.1319776;10.4715996;-63;51.8905373;4.181098;26.9289398;1.62424;0.3646781
956149.5;916034.5;10;0.9313267;0.0002971;0.086168;8.1435547;163.5677185;7.961864;33.8024788;5.783215;23.6208611;38.2037048;4.7016792;0.4076703;1.2278682;2.9015326;0.0108937;232.7651978;-0.7961622;0.8746006;0.1011816;0.0003837;1.0766082;0.1596048;-48.6666718;-0.6050832;-0.0900901;0.151212;11.5566196;-52;52.2588234;4.2073488;25.157259;1.8311952;0.4264714
960610.5;916034.5;10;0.658079;0.0005246;1.956776;4.651907;187.6592407;7.9618411;33.2162704;5.8156309;25.3328495;38.3275185;6.7963071;0.4402549;1.702077;2.0196919;0.0215257;228.9647064;-0.7543048;0.8695846;0.100688;0.0005162;1.0887016;0.1432315;-35.2222214;-0.6565244;-0.2395062;0.2298276;14.9798203;-46;53.19907;4.2092333;23.2551842;2.1374152;0.4826663
965071.5;916034.5;1;0.3880709;0.0007629;3.9071448;1.2658088;211.1620483;7.9620752;32.6237068;5.9199939;26.9717197;38.7038727;6.8086376;0.4727531;2.1892507;1.3149729;0.0324253;234.3771057;-0.8128677;0.8601539;0.1005475;0.0006487;1.100795;0.1144443;-23.8888893;-0.5824484;0.1308642;0.2507892;15.8004503;-18;48.2067719;4.2920575;20.8698769;2.8114984;0.5393632
969532.5;916034.5;1;0.3336747;0.0009628;18.6814175;0.6643727;212.4133606;7.9622765;32.3061333;6.1629229;27.1898499;39.0284767;6.724122;0.4519936;2.2069972;0.7071527;0.0312535;225.6820984;-0.7154742;0.8569657;0.1012354;0.0007812;1.1128885;0.0896154;-8.7777777;-0.6986392;-0.0197133;0.1907002;15.3679199;-10;50.6999321;4.3262153;18.7999611;3.392895;0.6178235
973993.5;916034.5;1;0.3326746;0.0010118;20.753109;0.4987085;215.3646851;7.9626122;32.5447617;3.9436531;27.3310204;39.4976387;6.9161906;0.4489417;2.1721745;0.4360127;0.0292688;215.3312988;-0.5783038;0.8834491;0.111271;0.0009137;1.1249819;0.092266;0;-0.8158215;-0.1307189;0.3108747;25.5013905;-6;51.1307755;4.298615;17.6462059;3.4189434;0.7299181
978454.5;916034.5;1;0.326643;0.0009371;20.7820129;1.3187889;214.0913544;7.9624;32.3201141;3.8963311;27.2891121;40.1028404;8.0233917;0.4216973;2.238764;0.4347494;0.0252037;189.1470947;-0.1589693;0.9109301;0.1064265;0.0010144;1.0239608;0.0808773;0;-0.9872835;-0.1025641;0.3836995;25.3157806;5;52.1612778;4.3183842;15.2675858;3.3728418;0.765873
982915.5;916034.5;1;0.3228483;0.0008355;22.6900558;2.1162004;215.9461975;7.9629164;32.1628075;4.0022659;27.1882286;40.121521;8.3314133;0.4507899;2.0488784;0.4347411;0.0242109;166.3451996;0.2360714;0.9384475;0.0985343;0.0011611;0.9822271;0.0917424;0;-0.9717357;-0.1153846;0.2923809;23.8140907;6;51.6666794;4.2597051;12.9080868;3.9272673;0.8312101
987376.5;916034.5;1;0.3327916;0.0008541;23.2132664;1.4825915;212.9261017;7.9629593;32.1863708;4.6826096;27.0728569;40.0279846;8.6380272;0.4070342;1.9911915;0.434741;0.0260582;153.8531952;0.4406731;0.9561101;0.1083887;0.001316;0.8945311;0.0816565;0;-0.8976676;-0.3164251;0.09835;14.3458204;-4;53.5356445;4.3293228;12.1996307;4.1319656;0.8242152
991837.5;916034.5;1;0.3371324;0.001002;24.3946114;1.0978907;212.993866;7.9648294;32.4087067;4.855185;26.9264412;39.9009895;8.5684557;0.3704856;2.0037668;0.434741;0.0235573;352.5686035;-0.129339;0.9730773;0.1101336;0.0013322;0.8760358;0.0896399;0;0.9916005;-0.5249042;0.0372322;10.2391195;-7;55.230732;4.311132;11.8068361;4.8045344;0.8582121
996298.5;916034.5;1;0.304836;0.001214;39.2758369;0.428187;209.9731903;7.9719486;31.9591579;6.4656491;27.2121334;39.6419754;6.4321733;0.418354;2.1534209;0.4347414;0.027737;342.1496887;-0.3065312;0.9765557;0.0765033;0.0014339;0.80611;0.0929461;0;0.9518606;0.1604938;0.0994961;9.2376041;12;57.5091934;4.3539596;11.7505417;5.5980954;0.8223222
1000759.5;916034.5;1;0.4837444;0.0009647;27.5653629;0.535586;201.0189667;7.9713163;32.2824974;11.6154766;26.8972301;39.4529495;7.1311016;0.3739958;1.8800317;0.4347659;0.018302;326.7683105;-0.5480265;0.9608561;0.1573361;0.0014317;0.7432263;0.0990219;0;0.8364609;0.05;0.1113036;9.0553856;11;53.6709862;4.3530455;12.4128704;5.6408949;0.7331759
942766.5;911573.5;14;1.8694488;0.0004794;0.0053892;23.8575268;61.1159706;7.9630809;34.8808289;13.7875376;15.3577356;37.6774406;5.1166921;0.2046433;0.518685;5.3909502;0.0007688;185.7743073;-0.1006103;0.8566177;0.1115486;6.87E-05;1.1325954;0.2632969;-75.2857132;-0.9949259;0.0051948;0.1435906;16.4291897;-75;45.7434616;3.9909444;33.81987;0.8829362;0.2201307
947227.5;911573.5;14;1.654622;0.0003593;0.010679;20.4983692;84.7690201;7.9627724;34.7972336;9.3927259;16.5357952;38.1567116;5.045598;0.3193003;0.8198848;4.6370125;0.0015273;256.8490906;-0.973774;0.8586029;0.1042114;8.21E-05;1.1249212;0.2272024;-71.4444427;-0.2275174;0.0236794;0.176381;16.3850307;-70;50.0493202;3.9988868;30.8093586;1.1979526;0.2906314
951688.5;911573.5;14;1.4016477;0.0003428;0.0317385;16.0478916;112.9735641;7.9625201;34.5199203;8.074975;19.0495968;38.5184135;6.6799498;0.3603238;0.9865957;3.8321645;0.0047505;290.942688;-0.9339387;0.8588316;0.0932432;0.0002039;1.1269742;0.1977258;-58;0.3574332;-0.037037;0.1392174;8.8819418;-59;52.3624916;4.2191019;28.0664463;1.4815356;0.3591336
956149.5;911573.5;10;1.1486735;0.0003262;0.052798;11.597415;141.1781006;7.9624062;34.2426071;6.757225;21.5633965;38.5887527;7.2545562;0.4013472;1.1533067;2.9011486;0.0079737;306.3843079;-0.805056;0.8564328;0.0822752;0.0003412;1.1304169;0.1846502;-51.3333282;0.5931988;0.1166666;0.0757679;5.9441848;-49;47.6912994;4.220047;25.9867077;1.6872177;0.4094307
960610.5;911573.5;10;0.862398;0.0004154;1.0173851;7.5750446;168.4699249;7.9623308;33.7309189;6.0437603;23.7261181;38.7257385;5.3632565;0.4173719;1.4479187;2.0166371;0.0154029;254.8988953;-0.9654676;0.8508276;0.0877383;0.0004785;1.1338595;0.1674855;-42.5555611;-0.2605232;-0.248366;0.1047442;9.9678497;-51;54.0434494;4.2593274;23.9065628;2.0200624;0.457754
965071.5;911573.5;2;0.5746744;0.0005093;2.0229952;3.5712872;195.7220764;7.9623976;33.2090416;5.3565683;25.8735752;39.1097145;6.6170068;0.4323098;1.7480915;1.3044662;0.023015;245.5559998;-0.9103664;0.8414548;0.0939159;0.0006157;1.137302;0.1351668;-31.7777805;-0.4138031;-0.0785908;0.2327464;14.7103701;-35;53.7269516;4.2189846;21.8249016;2.8241558;0.508567
969532.5;911573.5;1;0.4453541;0.000751;10.6707525;1.9914244;204.8239441;7.9624758;32.7663193;5.7785468;26.5929031;39.4523964;6.695796;0.4413323;1.9805644;0.6875507;0.0269265;244.3589935;-0.9015229;0.8370954;0.0898841;0.000753;1.1407447;0.1072636;-18.2222195;-0.4327313;0.0617284;0.178053;11.9515495;-16;55.3350601;4.3415389;19.926054;3.534843;0.5650724
973993.5;911573.5;1;0.3386629;0.0010137;20.410244;0.7578323;211.3329163;7.9628482;32.3349037;6.3589783;27.1082134;39.8193474;7.042448;0.4495099;2.203366;0.4354869;0.0303093;240.9454041;-0.8741572;0.8631985;0.0843937;0.0008903;1.1441873;0.101211;-8.666667;-0.4856431;0.025641;0.0826324;6.7986932;-8;53.9677734;4.3459401;18.9842167;3.6882842;0.6403846
978454.5;911573.5;1;0.3068263;0.0009932;20.7930489;0.4229988;216.1938477;7.9622211;32.1564636;3.7691207;27.3282585;40.2069168;8.6139288;0.4363633;2.1705673;0.4347484;0.0294371;216.2537994;-0.5913637;0.8799196;0.0869093;0.0010233;1.0979278;0.0985877;-3.666667;-0.8064049;-0.3555555;0.0597167;5.270463;-9;51.0527306;4.3021083;17.5246773;4.3750348;0.7291424
982915.5;911573.5;1;0.3069519;0.001173;25.0795078;0.432068;211.9658051;7.9627666;32.0101318;6.677134;27.2074585;40.5329781;8.0557241;0.4375855;2.2218468;0.4347412;0.0295357;249.3045959;-0.9354721;0.9254125;0.0734577;0.0011538;1.021847;0.1046172;0;-0.3534005;-0.2878788;0.0772163;6.7986932;-6;58.1557388;4.4000406;15.9631729;4.1882906;0.7903779
987376.5;911573.5;1;0.2986386;0.0010799;23.6757393;0.8492796;217.8021545;7.9617834;32.0372238;4.3493505;27.3512573;40.5370789;8.4174232;0.4020694;2.1580937;0.434741;0.0283508;300.6773071;-0.8600547;0.9615005;0.0814559;0.0013998;0.9676032;0.0946904;0;0.5102019;0.3045267;0.1101167;9.7385578;13;56.1502228;4.3460946;13.896307;4.3363652;0.8062078
991837.5;911573.5;1;0.3185387;0.0010913;24.8732433;2.2142668;217.831131;7.9648051;32.1325912;4.7617126;27.2366543;40.4867859;6.6679425;0.3422749;2.089922;0.434741;0.025831;341.0033875;-0.325513;0.9782918;0.1034242;0.0014147;0.8696853;0.0925721;0;0.9455376;0.4032922;0.1035567;8.799551;20;55.5730133;4.3433266;14.3821497;4.8943567;0.8501233
996298.5;911573.5;1;0.3974796;0.0011002;25.8576622;0.6108931;216.2559204;7.9641013;32.0894279;6.3413434;27.0820026;40.7335396;8.8137493;0.3765083;1.9148179;0.4379;0.0228963;342.5527954;-0.2998266;0.9677739;0.1311434;0.0015452;0.7936045;0.0305444;0;0.9539937;-0.0576132;0.0588912;7.5588231;11;51.2284088;4.3521271;12.1062489;4.9015007;0.8138023
942766.5;907112.5;14;1.7721231;0.0004482;0.0040512;22.6293774;69.3403244;7.9637518;34.9409142;11.1095362;15.5840559;37.9099236;4.8138323;0.219025;0.5493194;5.4466572;0.0005892;214.1315002;-0.5610937;0.8407857;0.1084695;2.64E-05;1.2015045;0.2887543;-105.5714035;-0.8277523;-0.0488722;0.5778682;51.4138908;-113;42.8043365;3.9598651;34.4867744;0.7801887;0.2200504
947227.5;907112.5;14;1.682397;0.0003815;0.0074029;21.0146008;81.2341614;7.9634356;34.9120712;9.7574911;16.2381649;38.4475174;4.2936649;0.3000706;0.7639271;4.6651821;0.0011132;246.4311981;-0.9165804;0.8420196;0.0900131;3.16E-05;1.1948256;0.2517052;-86.1111069;-0.3998504;0.1158249;0.5218688;49.2103119;-67;49.680191;3.9946282;31.5980892;1.0949519;0.283893
951688.5;907112.5;14;1.5242088;0.0003684;0.0134155;18.032938;100.011322;7.9631805;34.7974052;8.7443628;17.8720474;38.8590813;5.7977028;0.3475474;0.9213361;3.8359733;0.0030835;280.8403015;-0.9821552;0.8410767;0.0766909;0.0001565;1.1894337;0.2215281;-55.7777786;0.1880722;0.125926;0.1536294;9.9864101;-52;49.1840706;4.1429467;28.906992;1.3734256;0.3423782
956149.5;907112.5;14;1.3660204;0.0003553;0.019428;15.0512753;118.7884827;7.9630761;34.6827354;7.731235;19.5059319;38.9583092;7.0670114;0.3950241;1.0787451;2.8884683;0.0050537;311.9059143;-0.7442423;0.8376665;0.0633687;0.0002986;1.1842254;0.2083818;-48.2222214;0.6679097;0.2270531;0.0841158;7.1612821;-43;40.425209;4.1767836;26.7055683;1.5619644;0.3926317
960610.5;907112.5;10;1.0667169;0.0003063;0.0779943;10.4981823;149.2806244;7.9629936;34.2455673;6.2718892;22.1193867;39.1221123;6.8030386;0.394489;1.1937603;1.9865354;0.0092802;330.2550964;-0.4961387;0.8313019;0.0747886;0.0004407;1.1790173;0.1908066;-41.6666718;0.8682433;-0.2807017;0.0776489;6.1824121;-47;44.0237617;4.2755256;24.5664864;1.8945187;0.4372016
965071.5;907112.5;10;0.761278;0.0002556;0.1388455;5.8767653;180.2821045;7.9629946;33.7943764;4.7931428;24.7754307;39.5252342;5.2395935;0.3918664;1.3069321;1.2534889;0.0136047;278.9148865;-0.9879195;0.8216749;0.0872843;0.0005828;1.1738092;0.1568179;-33.4444389;0.1549678;-0.2444445;0.1657315;11.4998703;-42;54.2453918;4.2901053;22.6584301;2.7607775;0.4847428
969532.5;907112.5;1;0.5570336;0.0005391;2.6600866;3.3184762;197.2345276;7.9630532;33.2265053;5.3941712;25.9959564;39.901104;6.7231584;0.4306711;1.7541317;0.6133599;0.0225994;264.5361938;-0.9954565;0.8327907;0.0785327;0.0007248;1.1686009;0.1265191;-21.6666698;-0.0952177;0.0196078;0.1854393;11.5373802;-21;56.4050369;4.2320919;20.7938652;3.5780432;0.5305752
973993.5;907112.5;1;0.3672456;0.0008704;5.5328121;1.0549194;212.1799316;7.9635844;32.641964;6.2923098;27.0114059;40.157692;7.1726084;0.475394;2.2490494;0.541628;0.0322613;259.5085144;-0.9832819;0.8547139;0.0667459;0.0008669;1.1633928;0.1175604;-11.7777796;-0.1820896;0.2361111;0.0881542;5.8076148;-8;54.4998055;4.3044829;19.2021084;4.2166281;0.5814568
978454.5;907112.5;1;0.3193997;0.0010273;8.4239817;0.5190415;214.6683502;7.9643664;32.3178558;6.6590948;27.2144718;40.5372047;7.5328717;0.4722477;2.3246253;0.4379;0.0329552;280.3048096;-0.9838699;0.8776063;0.0635246;0.0010197;1.1100423;0.1042177;-6.666667;0.1788854;0.1666667;0.0358932;2.788867;-5;55.786232;4.353724;17.6191845;5.1398258;0.6377162
982915.5;907112.5;1;0.3089071;0.0011384;11.3200045;0.437816;213.8786163;7.9645786;32.0622864;6.8860502;27.2037544;40.6728287;8.4755964;0.4565044;2.2898481;0.4379;0.0312891;280.9807129;-0.9816915;0.9198032;0.0625575;0.0011789;1.0278065;0.0980096;0;0.1904775;-0.0912698;0.1095537;9.1300611;-2;57.3181992;4.3759074;16.1687737;5.1361599;0.7192592
987376.5;907112.5;1;0.3058364;0.0011712;12.4411564;0.4142686;213.6107941;7.9647903;31.9874516;6.9472833;27.2007446;40.8084564;8.553031;0.4515704;2.2784169;0.4379;0.0307719;274.184906;-0.9973337;0.9513121;0.0624205;0.001338;0.9455706;0.0918016;0;0.0729756;-0.1282051;0.1319776;9.7410927;5;56.3124352;4.3586216;14.7183628;5.132494;0.8236079
991837.5;907112.5;1;0.3391954;0.001094;18.4489059;0.3598747;218.1853333;7.9673657;32.1421051;4.583077;27.3464565;40.6762695;8.3488808;0.3951654;1.9257283;0.434741;0.0288052;225;-0.7071067;0.9778827;0.1059654;0.0014926;0.8462517;0.0974963;0;-0.7071068;0.2814815;0.0204308;4.4165788;18;54.4116669;4.3845077;14.6597767;4.9486828;0.8028968
938305.5;902651.5;14;1.850492;0.0005101;0.0008101;24.0784092;58.4392662;7.9646168;34.9666443;12.2319088;15.003089;37.7755547;6.5422277;0.1395367;0.3389538;5.8221049;0.0001297;36.2292404;0.5910174;0.8231581;0.1245575;2.70E-06;1.2669597;0.3354991;-115.3332977;0.8066589;-0.1173709;0.4019592;50.1818886;-132;48.9471245;4.0528975;36.4955673;0.4738983;0.1626294
942766.5;902651.5;14;1.7684077;0.0004445;0.003236;22.5855465;69.6303177;7.9644041;34.943512;10.9926004;15.5944271;38.1317711;4.1630902;0.2202474;0.5518162;5.4936442;0.0005839;306.4041138;-0.8048514;0.8248133;0.1049166;3.40E-06;1.2587272;0.3118046;-101.25;0.5934764;-0.7565359;0.5923152;49.5397606;-217;45.8827705;3.9528842;34.4124718;0.6790512;0.2208478
947227.5;902651.5;14;1.6811612;0.0003809;0.0061581;20.9982414;81.3517914;7.9641008;34.9168549;9.7528381;16.2497406;38.7155037;4.3231344;0.2996703;0.7631051;4.701438;0.0011251;275.194397;-0.9958932;0.8246913;0.0855666;4.00E-06;1.2504947;0.2742434;-85.5555573;0.0905355;0.1245791;0.6382518;49.4056015;-65;49.6528893;3.9776576;31.4212513;0.9998915;0.2758212
951688.5;902651.5;14;1.4751816;0.0003635;0.0204934;17.2387314;105.2730484;7.9638567;34.8091507;8.5026245;18.3764839;39.1708603;5.542758;0.3494746;0.9382059;3.8547757;0.0036658;260.8375854;-0.9872411;0.8225828;0.0729105;0.0001335;1.2375858;0.2435468;-54.7777786;-0.1592324;-0.0823045;0.151212;9.6122351;-57;49.866497;4.1997147;28.7941399;1.277634;0.3276016
956149.5;902651.5;14;1.2692019;0.0003461;0.0348287;13.4792223;129.1943054;7.9637585;34.7014465;7.2524109;20.5032272;39.308075;6.2422986;0.399279;1.1133066;2.8731573;0.0062066;270.78479;-0.9999062;0.8181131;0.0602544;0.0002814;1.2240088;0.2298626;-46;0.0136972;0.2307692;0.11719;8.4590521;-40;41.8644943;4.2100344;27.0693836;1.4485692;0.3732615
960610.5;902651.5;10;1.0165145;0.0003002;0.0664469;9.6659966;154.6979065;7.9636793;34.2648201;6.0226545;22.6444225;39.5044937;7.3393831;0.3974937;1.2055278;1.9417602;0.0097891;318.0940857;-0.66791;0.8177703;0.0665341;0.0004293;1.2104317;0.2116493;-38.4444389;0.7442421;0.1222221;0.0841158;6.2380748;-36;41.0271072;4.2636576;25.253849;1.7723604;0.4235954
965071.5;902651.5;10;0.7617965;0.0002531;0.0988166;5.8504357;180.2702942;7.9636726;33.8138962;4.7937875;24.7862453;39.9203072;7.1172395;0.3934653;1.2941455;1.1964785;0.0134168;302.1523132;-0.8466368;0.8139561;0.073637;0.0005772;1.1968547;0.1766519;-31.1111107;0.5321712;-0.0329218;0.1327174;9.1219444;-32;41.198246;4.3012323;23.1018944;2.6626191;0.4733728
969532.5;902651.5;1;0.564068;0.0005148;2.0370977;3.3844419;196.7716675;7.9637318;33.2490044;5.3376126;25.9650898;40.2993889;6.8979096;0.4303343;1.7298386;0.5460013;0.0224222;278.3103027;-0.9894999;0.8332366;0.0693978;0.0007251;1.1832776;0.1438971;-21.6666698;0.1445335;0.0196078;0.144378;10.1434202;-21;53.0488014;4.239831;21.0359535;3.5386341;0.5117702
973993.5;902651.5;1;0.3744808;0.0008206;4.2476521;1.111243;211.9771729;7.9642043;32.6678352;6.1346803;27.0063648;40.4480515;7.2153912;0.4730458;2.2151139;0.490207;0.0321958;262.4053955;-0.9912279;0.8548028;0.0635383;0.000873;1.1697006;0.125209;-12.3333302;-0.1321638;0.0208333;0.0971639;6.3420992;-12;54.850174;4.245575;19.5095406;4.3253026;0.5557192
978454.5;902651.5;1;0.3236526;0.0009953;7.5318089;0.5491936;214.6041565;7.9646592;32.3353081;6.5649509;27.2147083;40.5954475;7.1913891;0.4700898;2.3003762;0.4379;0.0328996;255.0686035;-0.9662349;0.8746607;0.0593762;0.0010422;1.1110532;0.1072409;-6.5555549;-0.2576627;0.0555555;0.0498386;3.303571;-6;54.2344398;4.3621721;18.0171127;5.0649991;0.6119598
982915.5;902651.5;1;0.3093399;0.0011355;11.0984936;0.4374466;213.9209747;7.9648457;32.0682144;6.8986959;27.2038612;40.7239075;8.7299767;0.455116;2.2803717;0.4379;0.0312166;261.3843079;-0.9887155;0.9110236;0.0556609;0.0012243;1.0253636;0.1000716;-0.3333333;-0.1498055;-0.1466667;0.1071519;7.5865378;-4;53.9590302;4.3752012;17.034462;5.1001186;0.6924144
987376.5;902651.5;1;0.2972652;0.0011772;13.7893744;0.2661826;218.2096405;7.9639173;32.1757889;4.4065976;27.3641129;41.0498047;8.5622311;0.4534226;2.1856284;0.434741;0.0285049;254.1676025;-0.962064;0.9601086;0.065693;0.0014;0.914185;0.1016496;0;-0.272824;0.5603865;0.1117887;8.6595411;19;55.2507782;4.3577013;15.7629795;5.0892682;0.7518129
991837.5;902651.5;1;0.3703123;0.0010379;21.1755981;0.3356516;218.1863861;7.9664073;32.2508507;5.4199662;27.2099991;40.8184052;7.9501448;0.4300486;1.9981519;0.434741;0.0263279;212.9051971;-0.5432513;0.9764634;0.0989277;0.0014835;0.8797741;0.1225688;0;-0.8395701;0.0058479;0.0325027;5.7628012;12;55.2088699;4.3735499;16.6794624;4.7524748;0.7667613
996298.5;902651.5;1;0.4971288;0.0010629;25.3137035;0.2749689;212.8769226;7.9692712;32.2255974;9.3858566;26.4354038;40.2207832;8.7377272;0.4085717;1.8612022;0.4347411;0.0221975;180;-1.00E-07;0.9746252;0.1785271;0.0015002;0.8109655;0.1319545;0;-1;-0.3265306;0.0128416;2.547508;12;50.9471359;4.4087548;12.0177546;5.0944839;0.7696667
933844.5;898190.5;11;2.2794716;0.0005943;0.0003472;29.2344437;34.3930283;7.9654474;34.8609085;26.1156063;12.8138895;37.7320404;6.2658215;0.077545;0.1906259;5.8875675;4.29E-05;33.1113396;0.5462678;0.8060235;0.119404;7.50E-06;1.3245423;0.3663951;-86.4000015;0.8376106;0.1377049;0.1322312;22.9312;-78;42.7375221;4.0587387;37.5971642;0.2915039;0.1041872
938305.5;898190.5;14;1.8514751;0.0005064;0.0008035;24.0972328;58.2896652;7.9652224;34.9668617;12.2307796;15.0030117;37.9600105;6.4662461;0.1405224;0.3407324;5.8244076;0.0001308;24.7883492;0.4192675;0.8075101;0.121487;9.90E-06;1.3105075;0.3505284;-98.875;0.9078627;0.1458333;0.4862165;48.6657906;-77;48.1549911;4.0528097;36.2595711;0.3926969;0.1691507
942766.5;898190.5;14;1.7687624;0.000442;0.0024435;22.5932102;69.5753326;7.9649973;34.9436111;10.9870157;15.5954094;38.3194809;3.3613355;0.2208976;0.5530895;5.5126371;0.0005862;345.2088928;-0.2552955;0.807863;0.101343;1.23E-05;1.2964728;0.3271268;-93.1111069;0.9668631;0.1183733;0.5910133;48.0634918;-75;45.0928955;4.0383906;34.2912216;0.5830824;0.2170739
947227.5;898190.5;14;1.678664;0.0003793;0.0050016;20.9587269;81.6282196;7.9647727;34.916851;9.7321224;16.2747612;38.9102173;4.5737681;0.3000886;0.7646803;4.7636552;0.0011555;305.049408;-0.8186576;0.8065478;0.0815442;1.47E-05;1.2824382;0.2904742;-81.2222214;0.5742819;0.1069703;0.3941074;48.345459;-64;48.7300034;3.972856;31.2136002;0.9303237;0.2632344
951688.5;898190.5;14;1.418694;0.0003573;0.0286757;16.3236885;111.3271255;7.9645829;34.8093414;8.2212715;18.9540501;39.3898926;5.6998439;0.3520412;0.9586465;3.921715;0.004346;266.855011;-0.9984939;0.8112562;0.0696855;0.000151;1.2618923;0.259839;-55.4444389;-0.0548626;-0.1518519;0.1462927;10.1555796;-60;42.8888664;4.2250166;28.6383152;1.2213908;0.3143569
956149.5;898190.5;14;1.158724;0.0003353;0.0523498;11.6886501;141.0260315;7.9644804;34.7018318;6.7104206;21.633337;39.5943222;6.0966468;0.4039938;1.1526126;2.8494003;0.0075364;271.1690979;-0.9997918;0.815521;0.0578268;0.0003064;1.2404164;0.2441168;-44.5555611;0.0204039;-0.0153256;0.1573414;10.1117201;-45;41.512207;4.2350764;27.3079472;1.3732442;0.359442
960610.5;898190.5;10;0.955246;0.0002987;0.0952406;8.670536;161.1850433;7.9644375;34.2625351;5.7526646;23.2621441;39.8419609;6.3807983;0.4016238;1.2288574;1.849875;0.0105863;284.4703064;-0.9682773;0.8283378;0.0584837;0.0004618;1.2189404;0.2245354;-34.5555611;0.2498782;0.0264551;0.1027825;6.5338631;-34;40.2847023;4.2437348;25.7646561;1.6610707;0.409238
965071.5;898190.5;10;0.7542242;0.0002615;0.138967;5.722723;180.9292755;7.9646134;33.808815;4.8189564;24.8452759;40.249733;7.2386808;0.3968921;1.2999837;1.1200991;0.01363;293.6820984;-0.9157881;0.8362449;0.0596848;0.0006172;1.1974645;0.190652;-26.8888893;0.4016616;-0.0058479;0.0999096;6.3673549;-27;39.6252518;4.3092041;23.4322948;2.4527984;0.4584981
969532.5;898190.5;1;0.5665525;0.0004986;1.7353122;3.3955774;196.6186523;7.9648399;33.2524757;5.2953076;25.9588356;40.6168823;7.1911736;0.4304464;1.7143342;0.4871706;0.0224255;283.8150024;-0.9710716;0.8497189;0.0603593;0.0007727;1.1759884;0.1587269;-19.7777805;0.2387884;-0.0111111;0.1008337;6.6295261;-20;42.3360519;4.3051949;21.2186604;3.2418115;0.5044507
973993.5;898190.5;1;0.380788;0.0007749;3.5534601;1.1570987;211.728775;7.9653802;32.6814804;5.9730959;27.005312;40.7292252;7.2650723;0.4694701;2.1777167;0.4617406;0.0320426;275.9060974;-0.9946918;0.8745353;0.0609585;0.0009281;1.1545125;0.1390853;-12.1111097;0.1028988;0.0058479;0.093598;6.17242;-12;54.0097618;4.245575;19.7497711;4.0137992;0.5470911
978454.5;898190.5;1;0.3277794;0.0009657;7.2609305;0.5785439;214.4372101;7.9658918;32.3458366;6.4627113;27.2148476;40.8406868;7.4899683;0.4666616;2.271282;0.4379;0.0327288;262.5686035;-0.9916004;0.8979856;0.055717;0.0011084;1.0935582;0.1199702;-8.1111107;-0.1293392;0.1759259;0.0372322;4.3319092;-6;54.4829636;4.3252239;18.3360329;4.7499394;0.5987173
982915.5;898190.5;1;0.3097065;0.0011341;11.4655905;0.4368113;213.882019;7.9659719;32.0721321;6.9028082;27.2041359;40.938961;6.6547704;0.4528447;2.2675266;0.4379;0.0310647;249.6768951;-0.9377487;0.9110803;0.0489384;0.0013037;1.0089167;0.1087535;-0.2222222;-0.3473145;-0.1144781;0.0924346;9.9418058;-4;53.9444656;4.3799019;17.7495537;4.9483652;0.6771606
987376.5;898190.5;1;0.3022148;0.0012303;15.3277559;0.2264481;218.2116089;7.9660516;32.2406998;4.6482472;27.3645039;41.0372353;7.2107544;0.4550379;2.1373699;0.4379;0.0250472;274.6669006;-0.9966846;0.9587944;0.0529865;0.0014991;0.9242754;0.0975368;0;0.0813623;-0.1559829;0.1578319;14.6472902;0;52.653389;4.3481355;17.1630745;5.146791;0.7739164
991837.5;898190.5;1;0.4461365;0.0011584;15.9636164;0.2762465;217.92276;7.9670405;32.8051071;6.7816277;27.0265198;40.7194443;7.7706442;0.4397533;1.976845;0.434741;0.0240417;329.5741882;-0.5064217;0.9737079;0.0978128;0.0014655;0.8360732;0.1135659;0;0.8622859;-0.1491228;0.1172779;10.1324596;11;54.1720047;4.3994474;15.3200531;4.782536;0.7998508
996298.5;898190.5;1;0.5783607;0.0011015;22.4935284;0.5597156;206.6843719;7.9712143;32.1890755;10.8281717;26.6307774;40.2293015;8.1011763;0.4145765;1.8293755;0.4347412;0.0226167;8.1301022;0.1414213;0.9573564;0.1854865;0.0014733;0.8013493;0.1459292;0;0.9899495;-0.1234568;0.0908034;9.9610348;16;51.4083595;4.3914618;12.9273987;5.1031475;0.7676389
933844.5;893729.5;14;2.12782;0.0005633;0.0043848;27.2917347;42.5929794;7.966116;34.8955536;21.1377811;13.8047991;37.9278488;5.4615817;0.1214129;0.3034256;5.8869991;0.0002716;336.8013916;-0.3939193;0.7903629;0.1094687;1.30E-05;1.3738924;0.3783103;-73.3333435;0.919145;-0.0666664;0.0366744;3.4480269;-74;44.8459358;3.9898491;37.2842369;0.2698475;0.1104876
938305.5;893729.5;14;1.7808442;0.0004538;0.0075184;22.8198223;67.9401474;7.965847;34.9423523;11.2033386;15.4997816;38.1609192;5.7927709;0.2071798;0.5173011;5.8264914;0.000519;324.4623108;-0.5812383;0.7908747;0.1057712;1.71E-05;1.3540555;0.3623725;-71.7777786;0.8137334;0.0555556;0.069042;4.4666109;-71;45.696331;4.0692706;35.9166451;0.3504338;0.1650379
942766.5;893729.5;14;1.7220412;0.000409;0.0071875;21.7499695;75.9327621;7.96562;34.884449;10.3511753;15.9454594;38.5255928;3.6721039;0.2614917;0.6627425;5.5305619;0.0009273;325.9541016;-0.5598575;0.7918764;0.0931927;2.13E-05;1.3342185;0.3391927;-68.2222214;0.8285889;0.0643274;0.0716787;5.533288;-67;46.1878319;4.0948033;33.9279938;0.5325168;0.2102423
947227.5;893729.5;14;1.6550586;0.0003656;0.0077737;20.5354805;84.7930603;7.965467;34.8263626;9.4763851;16.4826698;39.1217117;4.8335733;0.3154155;0.809385;4.8206139;0.0014492;302.0054016;-0.8479984;0.7994653;0.0806232;2.55E-05;1.3143816;0.3032766;-63;0.5299987;-0.3181818;0.0908602;6.616478;-70;49.2330246;4.0512772;30.8471355;0.893094;0.2569328
951688.5;893729.5;14;1.3999442;0.0003527;0.0294543;15.9944191;113.6101456;7.9653311;34.7640152;8.081171;19.1251183;39.6217804;6.690589;0.3604102;0.9836547;3.9824064;0.0045809;285.4612122;-0.9638112;0.8188946;0.0682603;0.0001685;1.2861989;0.2726601;-54.1111107;0.2665857;-0.0609319;0.1565534;9.7916555;-56;41.3918877;4.2240806;28.2610149;1.1925921;0.3025265
956149.5;893729.5;14;1.1448298;0.0003398;0.0511348;11.4533577;142.4272308;7.9652386;34.7016716;6.685957;21.7675667;39.8838158;6.815299;0.405405;1.1579244;2.8263402;0.0077127;283.90271;-0.9707052;0.8398803;0.0558974;0.0003315;1.256824;0.2551772;-43.1111107;0.2402736;0.0347222;0.1670169;10.6920996;-42;38.8529358;4.2513518;26.9009876;1.3407207;0.353708
960610.5;893729.5;10;0.9120265;0.0003201;0.1527966;8.0534;164.9801788;7.9652429;34.1692543;5.7282186;23.5822926;40.1718369;7.5569773;0.4057916;1.2697911;1.766253;0.0116842;288.434906;-0.9486834;0.8585653;0.0586901;0.0004944;1.2274491;0.2344653;-32.3333282;0.3162274;0.0555555;0.1218255;7.803133;-31;37.2588577;4.2700992;25.3655338;1.6061891;0.4052623
965071.5;893729.5;6;0.6801934;3.00E-04;0.2579359;4.7030563;187.2607727;7.9656072;33.6163979;4.7895007;25.3610306;40.5561714;7.8544135;0.4042386;1.3789446;1.0618534;0.0156921;293.6820984;-0.9157881;0.8717937;0.0621419;0.0006573;1.1980742;0.2017877;-23.8888893;0.4016616;-0.005291;0.0999096;6.4021602;-24;38.7258301;4.3118815;23.1799755;2.3065052;0.4551772
969532.5;893729.5;1;0.5148618;0.0005826;2.572979;2.7238071;200.6079407;7.9659977;33.1340141;5.5171704;26.2723808;40.8986435;7.7995749;0.4373049;1.7863305;0.4531931;0.0237406;294.0755005;-0.9130088;0.8745494;0.0610946;0.0008202;1.1686993;0.170746;-17.5555592;0.4079399;0.0347222;0.0826324;5.418304;-17;41.8516579;4.2951169;21.0953255;3.0130372;0.5088748
973993.5;893729.5;1;0.3590305;0.0009085;5.203723;0.940429;212.6789093;7.9665551;32.6616936;6.4828949;27.0598202;40.9785118;7.1916142;0.4753169;2.2363207;0.4450781;0.0323663;280.885498;-0.9820065;0.8928078;0.0594047;0.0009832;1.1393243;0.1499661;-11;0.1888473;-0.1111111;0.0849995;5.456902;-13;43.8439445;4.312007;19.643652;3.758558;0.5585385
978454.5;893729.5;1;0.3157285;0.0010907;8.6206999;0.486564;214.3503113;7.9670763;32.3497124;6.9138703;27.216135;41.058403;7.5714664;0.4683734;2.3007033;0.4374697;0.0326235;308.5169067;-0.7824241;0.9223895;0.0554791;0.0011746;1.076063;0.1296096;-3.8888891;0.622746;0.0410628;0.1005266;13.3287001;-2;52.4581337;4.2694726;18.2477531;4.4772973;0.6153495
982915.5;893729.5;1;0.3020395;0.0012351;12.2445803;0.3825709;213.2849731;7.967062;32.0799217;7.2041221;27.2063656;41.1387215;8.2420053;0.4495996;2.2636099;0.4374584;0.0306785;321.7662048;-0.6188723;0.950945;0.0509652;0.0013832;0.99247;0.1156062;0;0.7854916;-0.3059361;0.2697471;22.0655594;-14;52.8167801;4.3624873;17.688488;4.7943153;0.6908742
987376.5;893729.5;1;0.3136435;0.0013227;12.083416;0.2228105;218.2013092;7.9643822;32.3163643;4.914145;27.3266296;41.1244812;7.9365096;0.4536944;2.0814192;0.434741;0.0262282;322.0625916;-0.6148002;0.9649754;0.0567706;0.0014687;0.8726507;0.1269159;0;0.7886829;-0.1004444;0.5169483;36.5060501;15;52.5506058;4.3661985;17.6044273;4.6911602;0.7070932
991837.5;893729.5;1;0.4991603;0.0012372;18.4898472;0.4085073;216.5579376;7.9675813;32.5879898;6.6354532;26.994503;40.7454109;6.7711945;0.4376955;1.9104714;0.434741;0.0226287;346.3540039;-0.2359219;0.9720756;0.1068035;0.0014802;0.8100299;0.1169607;0;0.971772;-0.038038;0.5715114;38.2122116;38;53.6009827;4.3593287;16.6200542;4.2942238;0.7678573
996298.5;893729.5;1;0.6864831;0.0010445;23.248394;0.5317208;169.8038635;7.96873;32.2089462;12.8237858;26.4474869;40.0052948;8.7814445;0.3726601;1.7659404;0.4347419;0.0205658;18.1836491;0.3120639;0.9603801;0.1970223;0.0014383;0.8024746;0.1530072;0;0.9500611;-0.24;0.462932;40.5668182;27;50.9490242;4.4883699;13.2835712;4.5816021;0.7215425
933844.5;889268.5;14;1.9637386;0.0005279;0.0089917;25.2234936;52.2781487;7.9667845;34.9322929;16.1950512;14.8445415;38.1879807;5.1248479;0.1714598;0.432187;5.8798871;0.0005329;228.9004974;-0.7535691;0.7836009;0.0967918;1.85E-05;1.4232427;0.3738818;-77.2857132;-0.6573687;0.1289198;0.1001157;13.1552696;-72;45.2112694;4.008647;36.9386177;0.3583193;0.1163119
938305.5;889268.5;14;1.6999826;0.0003942;0.0151934;21.357235;78.9906464;7.9665728;34.9143143;10.0292807;16.0675297;38.4466324;4.8920779;0.2832188;0.7188399;5.8274465;0.0009625;271.6365967;-0.9995921;0.783407;0.088249;2.44E-05;1.3976034;0.357801;-69.6666565;0.0285596;0.1388887;0.0562047;3.9721251;-68;50.8307724;4.0766096;35.5326958;0.508853;0.1579146
942766.5;889268.5;14;1.668595;0.0003718;0.0127223;20.7851696;83.2062531;7.9663949;34.8168221;9.6252995;16.345377;38.8265381;3.7368588;0.3077921;0.7878783;5.5429802;0.0013169;299.0545959;-0.8741574;0.7868077;0.0843886;3.03E-05;1.3719642;0.3344756;-65.4444427;0.4856427;0.0962962;0.0661059;5.166368;-64;49.2801132;4.0699325;33.5230255;0.7159526;0.2034843
947227.5;889268.5;14;1.6284379;0.0003502;0.011107;20.0574169;88.3705368;7.9662776;34.7229462;9.1870737;16.7167034;39.4196777;5.5297751;0.3328722;0.8602511;4.8504686;0.0017804;308.9276123;-0.7779412;0.809583;0.0801452;3.62E-05;1.3463249;0.29841;-59.2222214;0.6283371;0.0488889;0.107296;7.345109;-58;49.6446877;4.0465803;30.4515953;1.0225302;0.250828
951688.5;889268.5;14;1.3865855;0.0003484;0.0291751;15.7488327;115.354454;7.9661908;34.7121887;7.9612498;19.2381172;39.9199448;6.8670297;0.3696083;1.0093155;4.0108972;0.0047523;296.565094;-0.8944271;0.834477;0.0670922;0.0001861;1.3105054;0.2675914;-50.3333282;0.4472138;-0.0740741;0.1579299;10.5935001;-53;40.7421494;4.1862478;27.8633003;1.3052378;0.2979256
956149.5;889268.5;10;1.1447332;0.0003466;0.0472433;11.4402485;142.3383636;7.9661798;34.7014313;6.7354264;21.7595291;40.1900406;7.4658079;0.4063443;1.1583799;2.8068709;0.0077242;288.7998962;-0.9466498;0.8597208;0.0540391;0.0003565;1.2732316;0.2497766;-39.3333282;0.3222641;0.0111111;0.1593914;10.0443497;-39;38.0090904;4.2659569;26.4723434;1.5287892;0.3453206
960610.5;889268.5;10;0.8713855;0.0003447;0.2144615;7.4903111;168.3907471;7.9662938;34.062973;5.7388501;23.8599319;40.462574;7.7976966;0.4099646;1.3132398;1.7252182;0.012825;289.3977966;-0.9432353;0.8842014;0.0600761;0.0005269;1.2359577;0.2291601;-29.1111107;0.3321252;0.0444444;0.1208274;7.7523389;-28;45.9445763;4.2605128;24.9430618;1.8420258;0.3984941
965071.5;889268.5;2;0.5966684;0.0003428;0.3881646;3.5559671;194.4026337;7.9668713;33.3972244;4.7522416;25.9420319;40.7441444;7.9436417;0.412145;1.4683517;1.0970669;0.0180183;297.216095;-0.8892878;0.9049115;0.0669431;0.0006974;1.1986839;0.1981611;-19.6666698;0.4573481;-0.0430108;0.1263521;8.8443327;-21;38.720211;4.2992029;22.901165;2.4876246;0.4576476
969532.5;889268.5;1;0.4554318;0.000681;3.5734248;1.9544789;205.1889801;7.9674115;32.9981308;5.7767711;26.6316128;40.9962387;7.226028;0.4451273;1.8708266;0.5473042;0.0252431;317.8156128;-0.6715194;0.9139801;0.0632262;0.0008678;1.1614101;0.1682797;-11.7777796;0.740987;-0.0359477;0.1386424;10.0308199;-13;41.6209755;4.2956238;20.9529381;3.1349716;0.5337718
973993.5;889268.5;1;0.3332637;0.0010676;7.1889076;0.6862558;213.8002472;7.9677224;32.6371346;7.0886064;27.1222649;41.0634422;8.6654749;0.4825098;2.3086393;0.4892511;0.032758;328.6503906;-0.5202582;0.9311313;0.0579974;0.0010383;1.1241362;0.145409;-3.2222221;0.854009;-0.1994302;0.1635247;11.8675804;-11;42.7186584;4.3056507;19.5600815;3.7932825;0.6131898
978454.5;889268.5;1;0.3013666;0.0012377;10.213419;0.3772511;214.2748413;7.9680109;32.3526344;7.4440861;27.2175865;41.134285;8.5864286;0.4708196;2.338484;0.4348214;0.0325275;317.4060059;-0.6767993;0.9331975;0.05573;0.0012408;1.058568;0.1233243;0;0.7361676;-0.2159329;0.2703768;19.0619507;-5;51.5390472;4.3238907;18.1671982;4.4232712;0.6639869
982915.5;889268.5;1;0.2932249;0.0013508;13.0824118;0.3206725;212.6082001;7.9679685;32.0882645;7.547893;27.2088737;41.2596397;8.2268801;0.4462155;2.2609689;0.434741;0.0302588;313.8930054;-0.720636;0.9718539;0.0542419;0.0014626;0.9760231;0.1130309;0;0.6933135;0.0588235;0.4699853;30.9479809;32;52.105484;4.3627868;17.6327648;4.6284275;0.7092259
987376.5;889268.5;1;0.3583801;0.0012782;17.6907558;0.2675133;218.1123962;7.9657884;32.2815666;6.1353903;27.3070869;40.8228226;7.4351377;0.4777429;1.9357978;0.4347411;0.0268956;313.7269897;-0.7226421;0.9720148;0.0696067;0.0014636;0.8344356;0.1305919;0;0.6912224;0.104;0.5108823;37.1281509;59;53.5020218;4.3923244;19.0187473;4.6280165;0.7172344
929383.5;884807.5;11;2.1280494;0.0006507;0.0015168;27.9691639;30.5630283;7.9677258;34.9684448;19.0867939;14.0524349;38.0325775;4.4811416;0.0631829;0.1509072;5.8896747;0.000104;259.8244934;-0.9842712;0.7927406;0.0994296;1.63E-05;1.5040343;0.3950917;-102.5;-0.176664;-0.0496183;0.3816122;46.7002907;-109;45.9688339;3.891999;38.284359;0.2684368;0.1025832
933844.5;884807.5;14;1.8910205;0.0005115;0.0087598;24.304348;57.5992889;7.9674649;34.9436798;14.1439962;15.1689119;38.4379272;4.9601545;0.1873652;0.4718863;5.8640528;0.0005856;267.1658936;-0.9987769;0.7948709;0.0870177;2.39E-05;1.4725928;0.3677275;-77.125;-0.0494445;0.0261628;0.1623227;12.9849701;-76;47.8329582;4.0155282;36.2520485;0.4447232;0.1318392
938305.5;884807.5;14;1.6804894;0.000387;0.0148411;21.0387344;81.6738968;7.9673004;34.9088211;9.7792273;16.1770363;38.7190132;4.4973269;0.2984111;0.759595;5.8203907;0.001051;276.9530029;-0.9926459;0.7953747;0.0761644;3.16E-05;1.4411514;0.3515408;-68.4444427;0.1210546;-0.1965813;0.0663005;4.2716408;-71;51.552063;4.0475993;34.7209358;0.6591741;0.161206
942766.5;884807.5;14;1.6554427;0.000365;0.0127903;20.5675488;85.0169373;7.9671698;34.8033142;9.4606638;16.4266815;39.1114655;4.5892329;0.3175026;0.8144116;5.5486741;0.0014028;280.4914856;-0.983282;0.7971135;0.0762205;3.92E-05;1.4097098;0.3281193;-62.4444389;0.1820892;-0.0818714;0.0881542;5.6981702;-64;50.4239273;4.1332741;32.6827545;0.8890492;0.2022767
947227.5;884807.5;14;1.6197718;0.000344;0.0117058;19.9112358;89.4928741;7.9670987;34.6950531;9.1005926;16.7846203;39.6997681;5.8225989;0.3372784;0.873481;4.8758979;0.001889;286.8583984;-0.9570245;0.8167175;0.0759877;4.69E-05;1.3782684;0.2919744;-55.6666718;0.2900071;-0.0175438;0.1107001;6.8799219;-56;49.5265846;4.0818844;29.7528324;1.1460496;0.2507113
951688.5;884807.5;14;1.3397449;0.0003439;0.0328444;14.997015;120.0253677;7.9670734;34.5234337;7.7858553;19.6332493;40.1989861;7.4875135;0.3727926;1.0303663;4.0360928;0.0054659;288.0198059;-0.9509499;0.8433843;0.0691075;0.0002036;1.334812;0.2610083;-46.1111107;0.309345;0.042735;0.1401029;8.9373674;-45;39.7374229;4.223083;27.2526684;1.4136014;0.2995078
956149.5;884807.5;10;1.059718;0.0003438;0.053983;10.0827932;150.5578613;7.9671617;34.3518181;6.4711185;22.4818783;40.4774132;7.7651548;0.4083068;1.1872517;2.7823479;0.0090429;288.434906;-0.9486834;0.8718179;0.0622274;0.0003815;1.2896392;0.2428765;-35.7777786;0.3162274;0.0522876;0.1522817;10.2824297;-34;36.1696777;4.261631;25.8175602;1.7073022;0.3477325
960610.5;884807.5;13;0.7876142;0.0003991;0.3871012;6.3117995;175.8972778;7.9673867;33.7297478;5.7135386;24.466383;40.7381554;7.8464017;0.4191286;1.4206737;1.6774526;0.0151;297.9621887;-0.883257;0.9015701;0.0641428;0.0005595;1.2444664;0.2223523;-24.3333302;0.4688893;-0.0462963;0.1472057;10.1762199;-26;35.1501312;4.3023424;24.2770767;2.066257;0.4017274
965071.5;884807.5;1;0.515855;0.0004569;0.7337837;2.5905116;201.01091;7.9681196;33.0880928;4.9801831;26.4133167;40.9333649;7.1081409;0.4288769;1.6574234;1.1241755;0.021265;305.3111877;-0.8160246;0.9313913;0.0664407;0.0007374;1.1992936;0.1929623;-13;0.5780172;-0.1052632;0.18884;12.0554304;-17;37.6573753;4.2977076;22.3460846;2.6670353;0.4837843
969532.5;884807.5;1;0.4067258;0.0007799;8.9657488;1.3922349;208.0955963;7.9687591;32.7383919;5.8734984;26.8915806;41.1075478;7.6592879;0.4422641;1.9418359;0.6333176;0.0260141;317.8985901;-0.6704449;0.954255;0.0718405;0.0009154;1.1541209;0.1644569;-4.1111112;0.7419593;0.1326165;0.1795661;11.2590199;0;49.7849197;4.3072348;20.5995808;3.2604599;0.5958681
973993.5;884807.5;1;0.3208295;0.0011407;18.3241825;0.5543883;212.6047058;7.9688139;32.4303932;6.9991956;27.1600342;41.1508522;8.811265;0.4561712;2.2330573;0.5316476;0.0305609;325.6196899;-0.564684;0.9754011;0.0776835;0.0010934;1.1089481;0.1409573;0;0.8253073;0.1873016;0.1478171;10.83319;10;49.297905;4.3016901;19.8669319;3.8207071;0.6857362
978454.5;884807.5;1;0.3144166;0.0011955;15.7654209;0.373619;218.1807404;7.9668102;32.4394035;5.3110409;27.3472462;41.1264915;7.9294763;0.4366653;2.1290808;0.4348027;0.0288739;295.615509;-0.9017158;0.9706146;0.0861071;0.0013089;1.0040168;0.1499483;0;0.4323294;0.0694444;0.259901;19.6475105;22;53.308506;4.3010964;19.3133278;3.9202967;0.7046381
982915.5;884807.5;1;0.3496051;0.0011443;20.4133968;0.4039032;218.1959381;7.9659877;32.4830246;6.2880383;27.2610035;40.6962585;8.1002502;0.4183376;1.9717847;0.4347446;0.0254683;279.3384094;-0.9867472;0.9801357;0.1104466;0.0014065;0.8755188;0.1542732;0;0.1622652;0.0188172;0.3660145;27.5851002;39;54.0081711;4.3536897;19.4089298;3.9407904;0.7157566
924922.5;880346.5;15;2.4930325;0.0006617;1.02E-05;32.7757225;29.7943172;7.968914;34.83284;41.2399368;11.0460787;37.8051796;4.5767579;0.0358055;0.085267;5.8043389;4.40E-06;263.6271057;-0.9938206;0.7973223;0.0800202;1.06E-05;1.5964305;0.4074678;-136.75;-0.1109983;-0.5520833;0.621818;45.4993095;-203;45.4418106;3.8967807;40.2652054;0.1513596;0.0944992
929383.5;880346.5;11;2.0276806;0.0006182;0.0012644;26.6669521;38.9389801;7.9685664;34.9780922;16.3287621;14.3579988;38.2263756;4.9431725;0.0790788;0.1878388;5.7818971;0.0001064;253.1873932;-0.9572558;0.8090131;0.0926768;2.00E-05;1.5591868;0.371029;-109.8571014;-0.2892426;0.2050163;0.4661598;46.3509293;-83;45.3291969;3.900224;37.7151527;0.320275;0.1229809
933844.5;880346.5;14;1.8423455;0.0005002;0.0072545;23.6875935;61.7720032;7.9682727;34.9483948;12.8539076;15.305027;38.5817108;4.8229036;0.1942859;0.4881482;5.7572584;0.0005834;258.690094;-0.9805806;0.8131652;0.0780076;2.94E-05;1.521943;0.3435745;-85.2222214;-0.1961164;0.1502525;0.2619155;26.7447891;-72;48.6300392;4.029356;35.5570984;0.5095624;0.1487479
938305.5;880346.5;14;1.6771457;0.0003935;0.0123762;21.0213108;82.1552429;7.9680486;34.9092598;9.7723331;16.1659508;38.8523674;3.9444621;0.2975911;0.7580388;5.7297964;0.0010461;298.3008118;-0.8804711;0.8150063;0.0655107;3.88E-05;1.4846992;0.327671;-66.8888931;0.4740998;0.0370369;0.0948016;6.9192882;-66;49.1227837;4.0836568;33.9030495;0.7250426;0.1691098
942766.5;880346.5;14;1.6528941;0.0003662;0.0114197;20.5465527;85.3900452;7.9679379;34.8040466;9.4437237;16.4241428;39.2293816;4.4075551;0.3175842;0.8149969;5.4842477;0.0014087;302.4711914;-0.8436615;0.8140361;0.0682198;4.82E-05;1.4474555;0.3046675;-60;0.5368754;-0.1578947;0.1046458;6.7164812;-63;43.7366066;4.0594134;31.8379841;0.9543211;0.2036398
947227.5;880346.5;14;1.6158307;0.0003401;0.0115849;19.8523941;89.9691238;7.9680276;34.6870346;9.0674877;16.8088188;39.7934418;6.4320788;0.3382502;0.8768066;4.8551669;0.0019389;291.5014038;-0.9304084;0.8227431;0.0708617;5.76E-05;1.4102118;0.2691777;-52.1111107;0.3665245;0.0044444;0.1138669;7.7092218;-52;42.8660164;4.0540543;29.0501022;1.2078657;0.2482034
951688.5;880346.5;14;1.2840933;0.0003393;0.0375527;14.1119776;125.4664383;7.9681959;34.2986488;7.5958629;20.1026287;40.2785835;7.5542059;0.3743943;1.050204;4.0269279;0.0063222;286.5257874;-0.9586918;0.8451228;0.0719607;0.0002211;1.3591186;0.2386319;-42.1111107;0.2844467;-0.1178451;0.1523663;10.3004303;-46;44.5422859;4.2595348;26.6390553;1.4773115;0.2990349
956149.5;880346.5;10;0.9523558;0.0003386;0.0635205;8.371562;160.9637604;7.9685612;33.9102631;6.1242375;23.3964367;40.5681381;7.8644004;0.4105384;1.2236015;2.705122;0.0107056;293.6001892;-0.9163614;0.8734089;0.0730596;0.0004066;1.3060468;0.2203385;-30.3333302;0.4003521;-0.045045;0.180425;11.5854301;-32;36.7300491;4.2494783;25.1618958;1.7861645;0.3510694
960610.5;880346.5;1;0.6924929;0.0004614;0.5889448;4.9713349;184.4816895;7.9689107;33.3367996;5.6787682;25.1593628;40.8556519;7.5638485;0.429606;1.5449458;1.5594941;0.0176736;302.3196106;-0.8450789;0.9049535;0.068915;0.000592;1.2529751;0.1998747;-18.1111107;0.5346416;-0.0261438;0.1861465;11.4158201;-19;35.2105713;4.2951293;23.6107731;2.1694593;0.4119429
965071.5;880346.5;1;0.435755;0.0005897;1.1360844;1.6728543;207.4787598;7.9692039;32.755291;5.277914;26.8557281;41.1355934;7.619103;0.4479312;1.8727226;1.0667617;0.024754;301.8659973;-0.8492854;0.9389759;0.0645426;0.0007775;1.1999034;0.1713681;-5.1111112;0.5279341;0.0479798;0.209795;13.3536901;-3;36.2733994;4.3014908;21.7855492;2.8286264;0.5089961
969532.5;880346.5;1;0.360842;0.0008789;15.5138302;0.8844867;210.561554;7.9694381;32.4460526;5.9273643;27.1254253;41.3710327;8.7107191;0.4365889;2.0092959;0.63494;0.0265927;312.3575134;-0.7389559;0.9770744;0.0821607;0.000963;1.1468316;0.1458416;0;0.6737537;0.1388889;0.1477125;10.65625;10;46.2887344;4.2963529;20.2112942;3.4288607;0.6414587
973993.5;880346.5;1;0.3423484;0.0010819;16.7160683;0.2427229;218.0031891;7.9677439;32.6028709;5.4780049;27.2684269;41.1375732;8.7138214;0.4383424;2.0412548;0.4397274;0.0259956;322.6960144;-0.6060435;0.9806798;0.1125046;0.0011055;1.032794;0.1514677;0;0.7954315;-0.2103175;0.0847566;8.0338793;8;51.3794403;4.3105569;20.1798477;3.5960207;0.6918
978454.5;880346.5;1;0.3722516;0.0010833;22.9166794;0.2914159;217.4610138;7.9668574;32.4433136;6.7428021;27.0813503;40.554882;8.3638439;0.4227654;1.9430306;0.4349093;0.0257172;265.8403931;-0.9973658;0.9825857;0.1243605;0.0013538;0.9654307;0.1564068;0;-0.0725356;-0.3027778;0.1770372;14.8234396;10;52.4654121;4.3564558;19.9174461;3.6975663;0.7184632
982915.5;880346.5;1;0.4305674;0.0009769;27.3536777;1.6188065;216.2617035;7.9680271;32.5683365;8.1652842;26.8706036;40.31464;8.4080353;0.3874258;1.8043029;0.4347484;0.0279428;269.6763;-0.999984;0.9777966;0.1638654;0.001407;0.866374;0.1671016;0;-0.0056495;0.1666667;0.2841216;25.3048096;53;54.1580124;4.3669357;20.3965588;4.0396562;0.6984563
929383.5;875885.5;11;2.1243389;0.0006319;0.0011112;27.7907581;32.9566841;7.9694157;34.942791;19.2680759;14.0501852;38.4258614;5.0678387;0.0697981;0.1686178;5.6707816;0.0001303;259.1535034;-0.9821349;0.8188549;0.0891787;2.73E-05;1.6072407;0.3466991;-107;-0.188178;-0.3103448;0.6226792;52.4912682;-152;42.1720467;3.9604099;36.463295;0.3762597;0.1391234
933844.5;875885.5;14;1.8766947;0.0004977;0.006385;24.018095;60.4414711;7.9690933;34.8931656;14.1079369;15.25352;38.7324677;3.684113;0.1973193;0.500502;5.6471434;0.0007303;282.9552917;-0.9745452;0.8309288;0.0742522;4.01E-05;1.5639063;0.3191553;-77.875;0.224191;0.0395408;0.3508325;29.3020401;-74;46.3515282;3.9679177;34.1999588;0.5787756;0.1640842
938305.5;875885.5;14;1.6528131;0.0003786;0.0112834;20.5767651;85.3506851;7.9688153;34.8410339;9.5395546;16.3850574;38.9930611;4.522552;0.3117745;0.7999204;5.6354084;0.0013509;310.1560059;-0.7642915;0.8344076;0.0620246;5.30E-05;1.5205718;0.3035126;-61.1111107;0.6448709;-0.1069959;0.134415;8.5822096;-64;48.1577759;4.0538549;32.6008835;0.7957221;0.1867034
942766.5;875885.5;14;1.595268;0.0003648;0.0135547;19.4547577;92.2309341;7.9687276;34.771389;9.1134729;17.0140114;39.3541489;5.4363465;0.3347672;0.8720779;5.4157662;0.0021148;317.009613;-0.6818765;0.8347638;0.06869;6.58E-05;1.4772373;0.2809215;-54.1111107;0.7314673;0.0727969;0.1294744;8.6595411;-52;42.9061279;4.0725684;30.6376228;1.0252244;0.2157211
947227.5;875885.5;14;1.5245829;0.0003518;0.0209729;18.1267548;100.4240036;7.9689727;34.6824112;8.6411562;17.7601738;39.8919678;6.5881724;0.3582079;0.9505882;4.8304935;0.0030938;315.8952026;-0.6959735;0.8378108;0.0751323;7.86E-05;1.4339029;0.2461105;-46.1111107;0.7180675;-0.1635803;0.145303;9.9380798;-52;47.7062225;4.0720854;28.0339012;1.276808;0.2572891
951688.5;875885.5;10;1.1516752;0.0003564;0.1467694;12.0607691;138.8120728;7.9693298;34.1488457;7.1054163;21.2021351;40.3611069;7.1538973;0.3919506;1.1752145;4.0146422;0.0090169;304.9920044;-0.8192317;0.856615;0.0764431;0.0002494;1.3750718;0.2160144;-35.8888893;0.5734627;-0.0840841;0.1959382;12.15131;-39;39.411274;4.2440338;25.7897167;1.5493844;0.3055561
956149.5;875885.5;10;0.7787675;0.0003609;0.2725659;5.9947844;177.2001343;7.969964;33.6152802;5.5696769;24.6440964;40.6600418;7.2926693;0.4256933;1.399841;2.6273587;0.0149401;301.7236023;-0.8505945;0.8791578;0.0777539;0.0004428;1.314027;0.1976032;-23.7777805;0.5258222;0.0185185;0.2075849;12.9681501;-23;35.3102264;4.2664471;24.4365578;1.8739865;0.3634094
960610.5;875885.5;1;0.5746154;0.0005973;6.8905916;3.4604912;193.8318787;7.9704323;33.051239;5.6828189;25.8931389;40.9721947;7.8174162;0.4326499;1.6903625;1.4433838;0.020502;300.2564087;-0.863779;0.9018666;0.0803925;0.0006362;1.2529821;0.1773094;-11;0.5038709;0.0526316;0.1784;11.5084496;-9;33.3743591;4.2927294;22.9193573;2.280036;0.428746
965071.5;875885.5;1;0.3778004;0.0008437;13.7908878;1.0797499;209.5177002;7.970283;32.4858704;5.8676519;27.0468388;41.3346176;8.6399221;0.4384418;1.983749;1.011327;0.0260481;288.434906;-0.9486834;0.9338775;0.0830888;0.0008296;1.1919373;0.1499421;0;0.3162274;-0.024024;0.1624338;10.5456104;0;37.9882393;4.3038969;20.7942333;2.9904203;0.5244066
969532.5;875885.5;1;0.345686;0.0010341;17.2992954;0.446707;217.7057495;7.968225;32.5709305;5.9023867;27.2396145;41.1316681;8.772233;0.412912;2.0460386;0.6779573;0.0250024;286.7827148;-0.957407;0.9771396;0.1128287;0.0010983;1.0981028;0.1461087;0;0.2887419;0.3623188;0.1056261;7.7028131;18;48.0430679;4.2950068;20.3266449;3.4427297;0.6644847
973993.5;875885.5;1;0.3870515;0.0010876;23.7315083;0.7233023;217.5644379;7.9681468;32.8836021;5.6706147;26.8778076;40.8554993;9.264535;0.4239841;1.9457725;0.4476078;0.0260723;316.193512;-0.6922254;0.9815191;0.1276671;0.0012163;1.0698476;0.1552143;0;0.7216814;0.0515873;0.1089877;9.0444717;19;49.1596642;4.3296328;20.1295738;3.687942;0.6815538
978454.5;875885.5;1;0.4959259;0.0010483;25.6015129;0.6347198;207.936676;7.968564;32.6253777;9.4131927;26.7453766;40.2449112;8.7254419;0.3954327;1.8360558;0.4353203;0.0240605;307.9296875;-0.7887661;0.9802902;0.1810372;0.0013768;0.9236106;0.1540675;0;0.6146935;-0.0691489;0.2950826;28.9309502;28;53.5172348;4.3617067;20.9145107;4.0154538;0.7215031
933844.5;871424.5;14;1.9452304;0.0004989;0.0057773;24.7386436;56.8448982;7.9709406;34.8132515;16.409544;15.1247559;39.434124;4.2039528;0.1987522;0.5112466;5.274663;0.0009386;318.5762939;-0.6616216;0.8489011;0.0726604;8.76E-05;1.5541607;0.2737065;-72.375;0.7498378;0.1423267;0.2911357;31.3804798;-58;46.6441422;3.9526658;32.842823;0.9935298;0.1838908
938305.5;871424.5;14;1.6198378;0.0003548;0.0107556;19.9563446;89.6636963;7.9710765;34.7445374;9.2137642;16.698946;39.7137451;6.4575171;0.3321357;0.8596882;5.2413006;0.001783;317.7702026;-0.6721057;0.8535505;0.0614899;0.0001157;1.5027163;0.2565591;-54.1111107;0.7404552;0.002924;0.1409098;10.0603104;-54;48.9161148;4.0457578;31.2987194;1.2464658;0.2091972
942766.5;871424.5;14;1.5149628;0.0003622;0.0171333;17.9220467;101.7350235;7.9711795;34.7249794;8.654213;17.8478127;40.0202179;6.9533877;0.358992;0.9524218;5.0269465;0.0031092;315;-0.7071069;0.8554955;0.0726484;0.0001437;1.451272;0.2339328;-46.1111107;0.7071066;-0.021164;0.1702561;11.7515402;-47;47.3618393;4.0459471;29.4372635;1.5410089;0.241162
947227.5;871424.5;14;1.3973852;0.0003699;0.0342762;15.7147865;114.9877396;7.9712248;34.6791801;8.0529079;19.0932999;40.3739128;7.5306048;0.3859831;1.0533811;4.4942975;0.0047036;323.7973938;-0.5906421;0.8579882;0.0832721;0.0001718;1.3998276;0.2016712;-36.6666718;0.8069336;-0.0098039;0.1929567;11.7378798;-37;42.9425049;4.2078791;27.0177002;1.9087235;0.27559
951688.5;871424.5;10;0.9876474;0.0003823;0.2990189;9.5293713;155.4125061;7.9713445;34.0299187;6.4912539;22.5611057;40.6748123;7.068172;0.4160764;1.3435316;3.7557929;0.0124686;315;-0.7071069;0.8834307;0.0815964;0.0003537;1.332552;0.1743541;-26.5555592;0.7071066;-0.0096618;0.202037;13.2254896;-27;38.6473236;4.2971063;24.9403782;2.2821271;0.3228593
956149.5;871424.5;9;0.5779096;0.0003947;0.5637617;3.3439569;195.837265;7.9716487;33.3806534;4.9296002;26.0289135;40.8448677;6.9593811;0.4461696;1.6336821;2.5071247;0.0202336;303.690094;-0.8320503;0.9058136;0.0799208;0.0005577;1.2630147;0.159291;-16.1111107;0.5547003;0.031746;0.1736278;11.2590199;-15;34.8825874;4.2943697;23.7112217;2.6696301;0.3842235
960610.5;871424.5;1;0.4473675;0.0007634;15.7039213;1.8794918;203.4973907;7.9717927;32.8098946;5.7028551;26.643713;41.0157738;9.0858307;0.4326328;1.8444859;1.4748306;0.0234352;298.6517944;-0.8775496;0.9185787;0.0946309;0.0007616;1.1934775;0.1462575;-3.2222221;0.4794858;-0.015873;0.1774297;13.0023699;-4;32.6331024;4.2925696;22.2279415;3.009655;0.4611463
965071.5;871424.5;1;0.3289644;0.0011476;31.490839;0.6202852;209.7329712;7.9711623;32.2425499;6.5776277;27.13447;41.2592659;8.6673336;0.4171992;2.0518396;1.1524836;0.0264384;308.4180908;-0.7834976;0.9348475;0.1100533;0.0009656;1.1239402;0.1385474;0;0.6213949;-0.051282;0.1782411;13.1402702;6;44.5776787;4.2702274;19.8029175;3.2391741;0.5625425
969532.5;871424.5;1;0.3978102;0.0010926;23.7853012;0.3299007;217.2770691;7.9694004;32.6421471;5.3553462;27.215292;40.9654121;6.9128442;0.4271208;2.0008099;0.6408498;0.0254558;318.5322876;-0.6621978;0.9796691;0.1131064;0.0011695;1.0544029;0.1435679;0;0.749329;-0.2060606;0.1842265;15.20965;9;50.2048607;4.3077784;19.898735;3.7852743;0.6415125
973993.5;871424.5;1;0.5484814;0.0010423;27.4291611;0.7039218;208.5764465;7.9702506;32.7235451;7.4241409;26.742157;40.4500847;7.6006122;0.4167909;1.8640969;0.4579008;0.0256767;319.4926147;-0.6495464;0.9823763;0.1422397;0.0013735;0.9848658;0.1515225;0;0.760322;-0.1679586;0.3187885;24.7615795;20;49.6749916;4.3122244;21.0766907;3.951314;0.6490164
978454.5;871424.5;1;0.6384711;0.000944;30.1423283;2.8659282;96.2820816;7.9712243;32.7054901;14.6727762;26.6740532;39.8955956;8.8973866;0.3906985;1.7483736;0.4443277;0.0252397;316.3803101;-0.6898679;0.9810014;0.1693373;0.0014037;0.9112231;0.1636141;0;0.7239352;-0.1772806;0.3769385;32.2743301;36;51.2147255;4.3997169;21.1174412;3.9922316;0.701448
920461.5;866963.5;15;2.6424797;0.0006741;0.0001106;33.9486923;16.2003155;7.9729013;34.772728;39.2505455;10.8302345;38.8081322;4.6081595;0.0298864;0.0770003;4.9201527;2.64E-05;325.3447876;-0.5686356;0.8334905;0.0886052;5.40E-06;1.7230781;0.3274969;-77.5;0.8225895;-0.6176471;0.2907549;20.6700306;-109;48.9674072;3.9733844;39.4046593;0.6128872;0.1157759
924922.5;866963.5;15;2.411257;0.0006446;0.0004815;31.098896;23.5554218;7.9726868;34.8425751;30.1740742;12.4706068;39.2229843;2.8799953;0.0598863;0.1515794;4.9124265;0.0001086;324.5741882;-0.5796478;0.8444964;0.0894367;4.87E-05;1.6635238;0.2902716;-74;0.8148671;-0.1764706;0.1910781;18.1842403;-83;48.5313721;3.9493525;36.9163589;0.8971803;0.1440622
929383.5;866963.5;11;2.1529188;0.0005935;0.002436;27.6976318;37.0249748;7.9725976;34.8790016;21.531374;14.2136545;39.7235489;3.2948582;0.1109338;0.285262;4.9212675;0.0005118;301.9447937;-0.8485585;0.8554837;0.0880892;9.19E-05;1.6039695;0.2558053;-62.5714302;0.5291015;-0.3883928;0.1607917;10.9133902;-75;49.842968;3.9316139;33.810524;1.1433874;0.1755705
933844.5;866963.5;14;1.7915411;0.0004601;0.0104079;22.200798;73.7294388;7.9727879;34.7884407;14.5369959;16.3468723;40.1357765;7.2678456;0.2419625;0.6435383;4.9021826;0.0021349;272.2026062;-0.9992612;0.8650198;0.078462;0.0001352;1.5444152;0.2282577;-56.75;0.0384332;0.2395833;0.0835318;7.4456358;-51;49.6830101;4.0604663;31.3373547;1.4082839;0.2053393
938305.5;866963.5;14;1.4554836;0.0003435;0.0235351;17.0498524;107.9501801;7.9733372;34.687664;8.3237915;18.401228;40.4344292;8.1031113;0.358852;0.9699094;4.8471928;0.0038399;291.5014038;-0.9304084;0.8723042;0.0714831;0.0001784;1.4848609;0.2096056;-48;0.3665245;-0.1034483;0.1138669;8.8944426;-51;49.6001854;4.1224003;29.6776199;1.6972095;0.2366884
942766.5;866963.5;10;1.2966672;0.0003445;0.0727494;14.3201323;124.7848663;7.9736314;34.5153961;7.5788059;19.9035397;40.6862869;7.8324852;0.3767672;1.0729439;4.6381273;0.0061182;296.9957886;-0.8910393;0.8762121;0.0830425;0.0002217;1.4253066;0.1869442;-38.7777786;0.4539261;0.0841751;0.1909567;12.1452103;-36;46.7874222;4.2275276;27.8151951;2.0567935;0.2703282
947227.5;866963.5;10;1.130181;0.0003516;0.2164594;11.5013037;142.2439117;7.9734769;34.3216858;6.8360934;21.4532948;40.8558578;7.5745687;0.3949161;1.1853328;4.158102;0.0086192;311.6821899;-0.7468446;0.8762378;0.0940118;0.0002649;1.3657523;0.1572319;-27.6666698;0.6649985;0.1619047;0.1568986;10.2631998;-22;43.5839691;4.3005662;25.5963135;2.5406389;0.3078043
951688.5;866963.5;9;0.787286;0.0004997;2.5335672;6.6329789;174.063324;7.9733596;33.6348228;6.1456652;24.0942173;40.9885178;8.6735516;0.4184389;1.51287;3.4969437;0.0162438;308.9458008;-0.777741;0.9009929;0.0914087;0.0004581;1.290032;0.1326938;-17.7777805;0.6285849;-0.0063492;0.1506658;10.0639896;-18;34.5724907;4.261941;23.6867733;3.0148697;0.35773
956149.5;866963.5;9;0.4443912;0.0006478;4.8506751;1.7646542;205.8827209;7.9733334;32.9479561;5.4552374;26.7351379;41.0296936;8.6924934;0.4419617;1.8404073;2.3868909;0.0238685;307.875;-0.7893525;0.9341413;0.0888055;0.0006726;1.2120024;0.1209788;-7.7777781;0.6139402;0.0395062;0.1647178;11.8956404;-6;32.8300629;4.3125219;22.5438538;3.4652736;0.4235844
960610.5;866963.5;1;0.3813265;0.0009013;18.2347736;1.1065806;208.307373;7.9733024;32.6059151;6.0088663;26.9768257;41.0641289;8.7295809;0.4292576;1.9456511;1.5097238;0.0251779;302.6192017;-0.8422714;0.9591283;0.1013949;0.0008871;1.1339728;0.1118026;0;0.5390536;-0.1842818;0.1905785;12.4196196;-4;38.7364235;4.3393955;21.4077263;3.8192353;0.520627
965071.5;866963.5;1;0.3516598;0.0011557;19.4818172;0.4100462;217.6557312;7.9688272;32.4366226;6.4391737;27.2751293;41.1284485;8.6957035;0.4152505;2.0357094;2.0206215;0.0264213;299.2914124;-0.8721431;0.9734528;0.1392896;0.0011568;1.0354052;0.1386736;0;0.4892508;0.3954248;0.1509221;11.3540096;26;45.2176704;4.3441243;19.9522266;3.6901388;0.6183999
969532.5;866963.5;1;0.4911734;0.001069;22.7929039;0.4492951;215.3818054;7.9688535;32.624958;7.4963789;27.0501957;40.7716827;8.6242838;0.3995017;2.0186746;0.7861131;0.0271189;301.7013855;-0.8507981;0.9805076;0.1467461;0.0012799;0.9487032;0.1402389;0;0.5254928;0.0234742;0.2565885;21.9899006;30;47.2357025;4.3450785;20.0936203;4.1731806;0.6523926
978454.5;866963.5;1;1.0851701;0.0008924;27.1261711;5.538733;102.4764709;7.9731646;32.5954514;13.9697313;26.8239613;39.9782181;9.1892071;0.3627985;1.6358014;0.4823729;0.0287164;313.0250854;-0.7310554;0.9693425;0.1834971;0.0014253;0.9199609;0.1627666;0;0.6823182;0.3760163;0.3952238;29.9300098;95;49.8496704;4.4860926;24.8085251;4.5583215;0.6405894
920461.5;862502.5;11;2.1923468;0.000624;0.0002875;28.5742493;34.5444794;7.9738665;34.9129868;22.8438034;13.331543;39.1792145;4.3764162;0.0694201;0.1668601;4.8958683;6.86E-05;11.54669;0.2001664;0.8428779;0.08921;7.30E-06;1.7376623;0.3080851;-74;0.9797619;0.2745098;0.1523663;18.0462399;-60;45.2306519;4.1028609;38.0259781;0.7258227;0.1291608
924922.5;862502.5;11;2.01279;0.0005397;0.001252;25.9965038;50.3068619;7.9738092;34.9145927;18.0339165;14.3473244;39.6428909;4.9434786;0.1429554;0.3561138;4.8853507;0.0002824;330.8518982;-0.4870683;0.8555823;0.0905396;6.58E-05;1.669998;0.2683443;-70;0.8733639;0.2105263;0.1911455;16.7332001;-58;48.7615128;4.0297079;35.5925102;1.0899942;0.1593686
929383.5;862502.5;14;1.8075161;0.0004599;0.0048027;22.8785686;69.702179;7.9738932;34.8953171;13.525033;15.7080421;40.1361427;6.0881653;0.2199758;0.5650463;4.8909121;0.0010503;324.1624146;-0.5854903;0.8686225;0.0910934;0.0001242;1.6023339;0.2318044;-60;0.8106794;0.0285714;0.1425641;10.97472;-59;49.7998505;4.0808268;32.3996735;1.4447715;0.1931859
933844.5;862502.5;14;1.5045168;0.0003973;0.0181814;17.7079144;102.9026566;7.9740825;34.7966919;10.1599541;18.3795166;40.5335617;8.4641457;0.3102394;0.8487583;4.880528;0.003924;309.4006958;-0.7727263;0.8805091;0.0886996;0.0001827;1.5346696;0.2030247;-52.8888893;0.6347394;-0.0271003;0.1163294;10.0933905;-54;52.9731331;4.0912285;29.8220005;1.7681923;0.2260616
938305.5;862502.5;13;1.212302;0.0003397;0.0442989;12.7717152;134.6207428;7.9744081;34.6545639;7.0953102;20.9365425;40.8077698;9.023427;0.3893814;1.1104026;4.8496418;0.0068715;300.2564087;-0.863779;0.8903712;0.0877931;0.0002412;1.4670055;0.1842224;-41.3333282;0.5038709;-0.2882883;0.1784;12.1655302;-52;53.6531525;4.2121835;28.0352573;2.0512977;0.2618832
942766.5;862502.5;13;0.9955774;0.0003176;0.1595881;9.4766941;155.9621735;7.974555;34.2079124;6.1337109;22.6924248;41.0231628;8.0598497;0.3906728;1.217573;4.6920643;0.0103359;300.6773071;-0.8600547;0.8968107;0.0972982;0.0002996;1.3993412;0.1633098;-29.8888893;0.5102019;0.0197531;0.2202325;14.2239599;-29;45.2359962;4.2533531;26.1650105;2.3986928;0.3020292
947227.5;862502.5;13;0.7789726;0.0003115;0.4999704;6.2069111;177.1155548;7.9743881;33.7516365;5.2421398;24.4294109;41.135128;8.1798096;0.3925437;1.3347797;4.3116846;0.0139182;314.1185913;-0.7179004;0.8991501;0.1063116;0.0003581;1.3316771;0.138686;-18.3333302;0.6961458;-0.0808081;0.1475728;9.7296801;-21;35.5921783;4.2459164;24.1479149;2.8591492;0.3491938
951688.5;862502.5;9;0.5651245;0.000672;6.0174952;3.5175886;193.9443512;7.9742293;33.074028;5.9612207;25.7318096;41.2084999;8.4768057;0.4077435;1.6828213;3.7934389;0.0202132;310.6012878;-0.7592566;0.9290468;0.1040162;0.0005624;1.2475122;0.1191381;-9.1111107;0.6507914;-0.09319;0.1479913;9.5736275;-12;32.0676689;4.3210154;22.4062157;3.2707911;0.4136418
956149.5;862502.5;6;0.3512765;0.0010326;11.5350199;0.8282661;210.7731476;7.9740901;32.3964157;6.6803021;27.0342083;41.1862259;8.8937349;0.4229434;2.0308626;2.9335241;0.0265082;304.9507141;-0.8196458;0.9459985;0.1017209;0.0007874;1.1609902;0.1121698;-0.2222222;0.5728707;-0.0493827;0.1821306;11.5159597;-2;33.1582146;4.3362594;21.3470192;3.5614576;0.5014235
960610.5;862502.5;1;0.3356047;0.00109;16.3030281;0.6573322;211.2653503;7.9739809;32.3227463;6.7537131;27.1056995;41.1686821;8.2893562;0.4208513;2.0538707;2.2563415;0.0267816;305.4068909;-0.8150585;0.9847933;0.1049498;0.0010125;1.0744681;0.1066823;0;0.5793787;0.191358;0.1634616;12.2514801;18;44.6552544;4.3658791;20.491291;3.7903574;0.5723401
965071.5;862502.5;1;0.4114665;0.001178;20.0901279;0.2510999;217.6794281;7.9712572;32.7748146;6.9537082;27.2525749;40.8794556;8.5272408;0.4004583;1.9065717;1.6816348;0.0266631;304.2611084;-0.8264807;0.9788761;0.140532;0.0011798;0.9556233;0.1368275;0;0.5629651;-0.1677149;0.1340119;13.70681;13;45.6074333;4.3605175;19.3744774;4.1888442;0.6142808
969532.5;862502.5;1;0.6611936;0.0009993;23.7098312;0.7210039;157.4674225;7.9736757;32.8059273;12.8170681;26.9194641;40.1385841;8.5877705;0.3844269;1.8148448;0.7551376;0.0264536;272.353302;-0.9991567;0.980708;0.1776392;0.0012497;0.9056338;0.1440847;0;0.0410613;-0.2871094;0.2345549;19.9558105;19;50.1640511;4.3865843;20.3827934;4.5234938;0.65268
920461.5;858041.5;11;1.8967205;0.0005378;0.003616;24.6556892;54.3730965;7.9748015;34.9560013;13.7982178;14.9646521;39.5374756;4.682045;0.1451649;0.360086;4.8966355;0.0004072;291.2504883;-0.9320046;0.8502353;0.0937314;9.20E-06;1.7522465;0.2904122;-58.3333282;0.3624465;-0.5595239;0.1240056;8.5958643;-74;45.2002563;4.0130234;36.7132568;0.8280795;0.1463765
924922.5;858041.5;14;1.7651039;0.0004505;0.0048844;22.522337;70.936142;7.9749098;34.907608;11.5469913;15.6740475;40.0528069;4.9928589;0.2233976;0.5668062;4.8828449;0.0008517;311.0994873;-0.7535689;0.8646113;0.0921093;8.29E-05;1.6764724;0.2480626;-56.7777786;0.6573689;-0.1150793;0.1001157;7.685163;-60;49.7127762;4.0361409;34.2113457;1.2719218;0.1787032
929383.5;858041.5;14;1.597405;0.0003764;0.0106547;19.7200947;91.0527115;7.9751682;34.8288422;9.4110613;16.8793774;40.5329857;7.8393688;0.2972444;0.7778008;4.8835168;0.002036;321.7890015;-0.6185595;0.8797482;0.0918679;0.0001566;1.6006982;0.2092332;-51.5555611;0.7857379;-0.0193236;0.0960168;6.929985;-52;54.0877266;4.0877891;30.835659;1.7406769;0.2124968
933844.5;858041.5;13;1.2925923;0.0003528;0.0335319;14.376071;124.6726837;7.9753399;34.6346817;7.7132597;19.9692535;40.911087;8.9346523;0.354425;1.0050383;4.8822618;0.0060322;315.8424988;-0.6966327;0.8941925;0.0968738;0.0002302;1.5249242;0.1791394;-45.7777786;0.717428;-0.06734;0.1543823;10.2716198;-48;53.2671165;4.2006207;28.089695;2.1244442;0.2490298
938305.5;858041.5;13;0.996805;0.0003427;0.2116927;9.2941875;156.7449341;7.9753995;34.3901901;6.165267;22.8810101;41.1579514;7.8768506;0.4042561;1.2273251;4.8785281;0.0101298;307.7367859;-0.7908312;0.9071218;0.1023966;0.0003039;1.44915;0.1602773;-34;0.6120343;0;0.2334207;14.6515102;-34;46.4139824;4.2574077;26.1533775;2.398942;0.2934599
942766.5;858041.5;13;0.7641945;0.0004271;1.4768389;6.0472813;177.9831543;7.9753766;33.7934189;5.6659327;24.5459194;41.338089;8.8227644;0.4026404;1.4149585;4.7755184;0.0149376;308.0190125;-0.7878072;0.9169695;0.1115382;0.0003776;1.3733759;0.1412324;-21.7777805;0.6159219;0.0936819;0.2241291;14.7932301;-17;34.1121674;4.2198339;24.3074379;2.7289996;0.3413582
947227.5;858041.5;9;0.5377185;0.0005187;2.8707809;2.8968771;198.5610046;7.9752097;33.2050591;5.2188139;26.1572075;41.4008827;9.5593061;0.4012946;1.602782;4.4979196;0.0196702;321.4187927;-0.6236233;0.9224985;0.1201092;0.0004512;1.2976017;0.1218662;-9.1111107;0.781725;0.0458937;0.182752;12.4583302;-7;32.1915512;4.2965117;22.6204395;3.1567659;0.4084023
951688.5;858041.5;9;0.4395801;0.0008142;7.8779564;1.8269314;204.7553406;7.9750228;32.7511673;6.0852985;26.5916386;41.4222336;9.3627071;0.4068798;1.8236951;4.1269569;0.0231217;324.3529968;-0.5827904;0.9551186;0.1148772;0.0006667;1.2049924;0.107456;-0.1111111;0.8126225;-0.0722222;0.1955565;12.3778;-3;39.2929306;4.3634439;21.3272991;3.4949243;0.495129
956149.5;858041.5;9;0.3881684;0.0010739;13.5070047;0.4240019;215.1327667;7.9737973;32.6425056;8.6288424;27.2734451;41.069416;9.0699492;0.4000584;2.0011966;3.0895243;0.0265085;315.8952026;-0.6959735;0.9708559;0.1306629;0.000921;1.0815387;0.1210267;0;0.7180675;0.0250896;0.145303;10.5596504;9;42.9021339;4.3495502;21.3975449;3.9970658;0.5362473
960610.5;858041.5;9;0.4327386;0.0011597;22.5578556;0.30833;217.0530396;7.9743309;32.3491173;10.8653746;27.1565857;40.7036552;8.7527313;0.3907127;1.9814724;2.6426666;0.0266831;282.5288086;-0.9761871;0.9790767;0.1591016;0.000995;1.0007819;0.1467441;0;0.2169305;0.0507813;0.0887949;8.5577087;16;45.4448624;4.3676605;20.8476524;4.2848258;0.5819737
965071.5;858041.5;5;0.5670524;0.0011025;20.4921341;0.4421405;177.8890381;7.9740682;33.0555954;13.9026289;27.0770416;40.2967415;8.8371048;0.3928106;1.7109263;2.3354256;0.0282975;294.6467896;-0.908896;0.9806292;0.1870261;0.0012459;0.8898352;0.1594751;0;0.4170228;0.2046332;0.1501175;12.1520996;30;47.1983948;4.4650779;20.6508293;4.6592116;0.6252638
920461.5;853580.5;14;1.7318304;0.0004211;0.0096111;21.9690323;75.4577866;7.9756908;34.9167328;10.981307;15.8631306;39.6963882;3.8454745;0.2515499;0.6407757;4.8972073;0.0009967;342.7585144;-0.2963993;0.854576;0.1015668;1.11E-05;1.7668307;0.2745565;-55;0.9550641;0.1034483;0.0974816;9.4717627;-52;50.0145798;4.1502795;35.4110489;0.9622262;0.1649373
924922.5;853580.5;14;1.6450018;0.0003745;0.0109385;20.4258995;86.3851318;7.9758487;34.8337746;9.8435688;16.5353889;40.2113609;5.7678576;0.3016168;0.7827092;4.8825002;0.0017557;333.7998962;-0.4415075;0.8709492;0.0940739;1.00E-04;1.6829467;0.2316882;-52.4444389;0.8972576;0.2148148;0.1127069;8.8708153;-46;52.0380783;4.158052;32.8210487;1.4264121;0.1969851
929383.5;853580.5;14;1.5017713;0.0003353;0.0194556;17.9667339;102.8191376;7.9761634;34.6923218;8.5906315;17.777359;40.6754723;8.1575804;0.3476278;0.9338378;4.8825002;0.0034003;317.1611023;-0.6799397;0.8880339;0.0907558;0.0001889;1.5990627;0.1916221;-45.1111107;0.733268;-0.1358025;0.1204001;9.51542;-50;55.1356697;4.1457357;29.2472286;1.9560868;0.2337019
933844.5;853580.5;13;1.1442137;0.0003239;0.0552935;12.0266457;140.1784668;7.9763303;34.328598;6.8999367;21.1842213;41.0119858;8.02878;0.3782258;1.1199073;4.8825002;0.0084104;307.875;-0.7893525;0.9050065;0.103302;0.0002778;1.5151786;0.1611062;-37.2222214;0.6139402;0.0069444;0.1830197;11.3115301;-37;52.8320732;4.2330532;26.3228035;2.3830473;0.2742842
938305.5;853580.5;13;0.8047333;0.0003514;0.5031579;6.4940991;175.0221863;7.9763074;33.9301262;5.4877496;24.3255272;41.1844406;9.333704;0.4058844;1.3243033;4.8825002;0.0135798;301.4295959;-0.853282;0.9212929;0.115556;0.0003666;1.4312946;0.1428692;-24.2222195;0.5214498;-0.0395062;0.2031688;13.2478704;-26;36.6794319;4.2080932;24.2333126;2.6779468;0.3259866
942766.5;853580.5;9;0.5917944;0.000652;3.8352079;3.8143501;192.2565002;7.9761729;33.2883797;6.0251155;25.607933;41.314518;9.0893059;0.4129682;1.6569841;4.8223224;0.0198643;299.7449036;-0.8682432;0.9355577;0.1257648;0.0004555;1.3474106;0.1284942;-11.3333302;0.4961388;0.047619;0.207063;13.8644199;-9;34.3966255;4.2161632;22.4168034;2.9356592;0.3966468
947227.5;853580.5;9;0.3872763;0.0009415;7.0699153;1.2414142;208.7973022;7.975718;32.6704292;6.544095;26.8388233;41.3909378;9.6800261;0.4197302;1.9766331;4.5939956;0.0258978;312.0263062;-0.742838;0.9442659;0.1354005;0.0005444;1.2635264;0.1180642;0;0.6694712;-0.0424837;0.1750319;11.0263395;-1;45.0657082;4.3029528;21.0803585;3.2001669;0.4924088
951688.5;853580.5;9;0.3994345;0.001027;8.8729353;0.4939152;216.4849091;7.9743633;32.4660873;7.000391;27.2512703;41.2383041;8.6848831;0.381133;1.9331481;4.2284412;0.0270917;316.0050964;-0.6945944;0.9714911;0.1525544;0.000754;1.1099771;0.11355;0;0.7194016;0.3290598;0.1294147;9.0812521;17;42.7383232;4.343452;21.8061638;3.590754;0.5491322
911539.5;849119.5;15;2.5056875;0.0006178;0.0029591;31.7959538;27.3409786;7.9766388;34.8012047;34.8766708;11.5994387;38.8162155;3.8583684;0.0776485;0.2018377;4.9657826;0.0002712;176.6334991;0.058722;0.8215321;0.0936848;0;1.7744116;0.33909;-62.5999985;-0.9982744;0.4368421;0.1366771;12.2409201;-46;48.5822525;3.9121101;37.5704765;0.4666361;0.1340768
916000.5;849119.5;14;1.9939126;0.0004626;0.010734;25.0684738;63.026638;7.9765568;34.846817;19.9425259;14.4431953;39.2554245;3.8306286;0.2165577;0.5582844;4.9290237;0.0009737;241.6992035;-0.8804711;0.8386942;0.0991702;0;1.7842796;0.3040618;-54.1428604;-0.4740998;-0.2857143;0.0237004;6.2433639;-59;50.1057892;4.05375;36.1272697;0.7389404;0.1594392
920461.5;849119.5;14;1.6048696;0.0003482;0.0165375;19.8072224;91.4137955;7.9765735;34.8559914;9.1874237;16.7394962;39.8235207;4.2871318;0.3238796;0.8406841;4.8977475;0.0018321;246.4476929;-0.916696;0.8557892;0.100991;1.30E-05;1.781415;0.2589905;-52.25;-0.3995855;0.1805556;0.0682915;5.9319048;-49;53.760601;4.1248665;34.3367043;1.1014569;0.1879249
924922.5;849119.5;14;1.5138904;0.0003327;0.0175536;18.1068153;102.0760269;7.9767623;34.7766762;8.5814247;17.7062645;40.3298454;6.9278631;0.3544893;0.9432555;4.8825002;0.0030687;267.7094116;-0.9992009;0.8738898;0.0939123;0.0001171;1.6894209;0.2159367;-47.3333282;-0.0399683;0.122807;0.0401619;5.1639781;-45;55.2866135;4.0917234;31.6439724;1.5765283;0.2201549
929383.5;849119.5;14;1.3626763;0.0003264;0.0728737;15.5173426;118.4152832;7.9771137;34.5944328;7.7960424;19.1702557;40.7774124;8.7852259;0.3828403;1.0705665;4.8825002;0.0053928;290.942688;-0.9339387;0.8924919;0.0913617;0.0002212;1.597427;0.1748018;-40.2222214;0.3574332;-0.1218638;0.1392174;10.0418901;-44;57.0742188;4.2256594;28.0930805;2.1586642;0.2572893
933844.5;849119.5;13;0.9825695;0.000355;0.3345497;9.549427;156.32724;7.9772782;34.0210533;6.329;22.523695;41.068779;8.889595;0.4026084;1.291888;4.8825002;0.0118487;299.8046875;-0.8677244;0.9115143;0.1060182;0.0003253;1.5054331;0.144006;-29.6666698;0.4970456;0.1259259;0.190538;12.8322496;-24;43.3613396;4.2063522;25.1862888;2.6260831;0.301722
938305.5;849119.5;9;0.6291965;0.00043;1.5006759;4.0876131;190.942749;7.9772024;33.4482384;5.1771474;25.5629311;41.1593246;10.0396662;0.4200963;1.5257834;4.8825002;0.0181666;302.9573975;-0.8390749;0.9307262;0.1205937;0.0004294;1.4134392;0.1265033;-17;0.5440159;-0.0882353;0.1740872;11.4309502;-20;35.2931671;4.2161632;23.1076317;2.9460089;0.3567602
942766.5;849119.5;9;0.4629615;0.0008289;8.9979544;2.1685109;202.483078;7.9771128;32.8793411;6.2316279;26.4027405;41.2225685;9.1948252;0.4216223;1.8476958;4.8709006;0.0235188;292.7240906;-0.9223757;0.9495454;0.1346013;0.0005335;1.3214451;0.1151527;-4;0.386294;0.0232558;0.2036122;13.2413502;-3;35.5501747;4.305655;21.5585938;3.1573732;0.4447675
947227.5;849119.5;9;0.3036364;0.0012118;16.2858562;0.3293385;213.5284729;7.9751391;32.3334351;7.2417955;27.2074661;41.2783661;9.2749138;0.4229811;2.1558032;4.5191274;0.0286375;298.3008118;-0.8804711;0.9675259;0.1480404;0.0006375;1.2294512;0.1130178;0;0.4740998;0.3004115;0.1422022;10.2788296;15;46.3691254;4.3436422;20.7359562;3.5208049;0.564569
951688.5;849119.5;9;0.4207083;0.0011376;12.9156618;0.3164488;216.6592255;7.9735727;32.4914055;7.7297783;27.2851849;40.9914474;9.0999594;0.3845624;2.0758522;4.6449523;0.024867;313.4926147;-0.725464;0.9765381;0.1569011;0.0008661;1.0577891;0.128317;0;0.6882601;-0.1201201;0.0862931;8.945652;12;46.9657745;4.3162942;20.8961105;3.7560418;0.5848815
902617.5;844658.5;15;2.8197267;0.0006855;3.05E-05;36.0671692;13.0910826;7.9779906;34.7421341;47.7539597;9.5975227;38.5654144;5.1546602;0.0191998;0.0537164;5.1589298;5.40E-06;336.2504883;-0.4027385;0.7833805;0.0713261;2.09E-05;1.7139066;0.3730957;-90.8000031;0.9153151;-0.7070422;0.4384182;25.7480106;-141;49.0116997;3.9976897;38.6186256;0.3430994;0.0936953
907078.5;844658.5;15;2.4431219;0.0006448;9.70E-05;31.3924217;28.1429806;7.9776855;34.8518333;33.0935822;11.7608395;38.7942276;4.5844178;0.0515504;0.1273006;5.0058966;1.71E-05;270.77771;-0.9999079;0.7990392;0.0890819;2.98E-05;1.7179435;0.344348;-79;0.0135732;-0.0526316;0.3547761;28.3649693;-84;48.690239;3.9811924;37.771019;0.4852786;0.1287159
911539.5;844658.5;11;2.092473;0.0005666;0.0045212;26.77771;48.1478271;7.9774704;34.8949051;21.21175;13.8319454;39.0279808;4.9933581;0.1217984;0.3073247;4.9654994;0.0004524;234.8193054;-0.8173391;0.818756;0.0983923;3.86E-05;1.7219805;0.3248712;-63.25;-0.5761569;0.0592105;0.1197994;10.6506996;-61;45.1504402;3.9376836;36.9784966;0.6212906;0.1563362
916000.5;844658.5;14;1.7850838;0.0004256;0.0162083;22.263052;76.4075851;7.9774003;34.8269234;13.9608278;15.7493677;39.4630852;3.8698864;0.2552086;0.6647487;4.9300537;0.0015934;256.3287048;-0.9716676;0.8359072;0.0936274;4.74E-05;1.7260174;0.2895931;-54.6666718;-0.2363516;-0.490196;0.061124;6.6833119;-63;52.4249458;4.0757971;35.4200554;0.9118202;0.1816799
920461.5;844658.5;14;1.5227345;0.000327;0.0245645;18.265686;101.3086395;7.9774313;34.7698708;8.6025715;17.5897312;40.0395584;4.6968331;0.3559622;0.9451239;4.8980851;0.0029579;244.4400024;-0.9021342;0.8540252;0.0904748;6.77E-05;1.7176251;0.2432206;-54.1111107;-0.4314554;0.2690058;0.0409246;6.7567978;-49;55.6538773;4.1136284;33.3238487;1.310841;0.2103659
924922.5;844658.5;14;1.3697683;0.0003311;0.0248315;15.5245991;118.0528259;7.977613;34.7393608;7.8407907;19.2429504;40.5191307;6.2103958;0.3774063;1.0383801;4.8825002;0.0048653;204.0755005;-0.40794;0.8727429;0.0912378;0.0001688;1.6222292;0.2007438;-49.3333282;-0.9130087;-0.202381;0.0826324;7.6594172;-55;51.9730377;4.1293702;30.5244331;1.7937888;0.2433135
929383.5;844658.5;13;1.1722178;0.0003555;0.1790213;12.2453661;138.5374756;7.9779382;34.542202;7.031991;21.1480522;40.9065285;5.8784814;0.4001236;1.1844764;4.8825002;0.0081278;258.366394;-0.979457;0.8921367;0.093998;0.0002698;1.5268333;0.1619727;-39.7777786;-0.2016531;0.0686869;0.222884;16.8508301;-36;53.1790543;4.2211366;27.056118;2.3565698;0.2815192
933844.5;844658.5;9;0.8052478;0.0004572;0.9181175;6.9211793;173.2359009;7.9780817;33.7117805;6.0445189;24.0103149;41.1370277;6.6081653;0.4276787;1.5313643;4.8825002;0.0165398;284.1332092;-0.9697309;0.9122334;0.1043476;0.0003709;1.4314374;0.133003;-24.6666698;0.2441764;-0.0062893;0.2300853;17.0228596;-25;40.8382225;4.2212582;24.2198792;2.8089876;0.3273023
938305.5;844658.5;9;0.4732009;0.000591;3.3326199;2.1462932;204.0781403;7.9779906;32.9405594;5.3001728;26.5555668;41.165802;9.7133255;0.4491794;1.8507659;4.8825002;0.0240969;305.8375854;-0.8106793;0.9328745;0.1160328;0.0004719;1.3360416;0.116635;-10.3333302;0.5854905;0.2133333;0.1425641;9.3094931;-5;34.6634331;4.291266;22.1963062;3.1195099;0.3835004
942766.5;844658.5;9;0.385617;0.0009491;17.474966;1.2165074;207.9270935;7.9779325;32.5837555;6.2577119;26.8817596;41.1841431;9.4405308;0.4282984;1.9777641;4.8825002;0.0256698;281.0701904;-0.9813927;0.9536886;0.1370675;0.0005729;1.2406456;0.1062004;0;0.1920112;-0.1291291;0.1504775;10.89116;-4;44.1070518;4.346601;20.8762951;3.3174677;0.4711643
947227.5;844658.5;9;0.3442001;0.0011699;18.6054783;0.4616549;217.706131;7.974504;32.4288101;5.8945131;27.3134422;41.2060852;9.3347025;0.4056646;2.1543229;4.53583;0.0242031;268.4926147;-0.9996539;0.9734868;0.146151;0.000674;1.1452497;0.1185648;0;-0.0263069;0.3585859;0.1220368;8.4910994;17;44.5279846;4.2629433;20.2532825;3.6426744;0.5834037
951688.5;844658.5;9;0.5200279;0.0012004;13.6541567;0.4244986;205.9885559;7.9745193;32.7964439;11.1615057;27.2322998;40.9127808;9.0061731;0.378236;2.0459375;4.4922886;0.025959;292.557312;-0.9234967;0.9777039;0.1626867;0.0009558;1.0193793;0.1341498;0;0.3836063;-0.0617284;0.1129809;9.3094931;18;47.8121529;4.3845849;20.6572666;4.0811958;0.6208171
956149.5;844658.5;9;0.7302392;0.0011035;23.1160507;1.0772119;148.6052704;7.9760003;32.8009682;22.142746;26.8815174;39.9593811;8.7459469;0.3481553;1.7494507;3.6201463;0.0249212;301.8093872;-0.8498063;0.9703107;0.2018354;0.0009898;0.9239802;0.1424316;0;0.5270951;0.54;0.1492223;10.0788603;36;46.6772156;4.3548903;20.5810204;4.7044148;0.5725737
889234.5;840197.5;15;2.7789955;0.0006596;0.00241;35.4897499;18.0335407;7.9797688;34.732811;48.1944504;9.7581835;38.282093;4.6420226;0.0399409;0.1079455;5.8757625;8.33E-05;67.619873;0.9246781;0.7464837;0.0884516;0;1.638705;0.4652269;-72;0.3807498;0.0526316;0.0590223;6.8992748;-71;50.6213493;3.9847007;40.1959915;0.0892078;0.0121611
893695.5;840197.5;15;2.6984065;0.0006474;0.0034733;34.1720657;17.3213787;7.9796743;34.7599754;41.2322464;10.5271311;38.3842583;4.2512698;0.0516616;0.1379126;5.8094268;0.0001282;1.169139;0.0204039;0.7472504;0.0873667;7.10E-06;1.6711354;0.4442271;-71.8333435;0.9997918;-0.5877191;0.0786709;6.2025981;-83;48.3237228;3.9733818;39.389679;0.1288091;0.0426802
898156.5;840197.5;15;2.6949735;0.0006445;0.0041814;34.1049576;17.8083878;7.9792881;34.759594;41.1818848;10.5578356;38.5897942;4.1185222;0.0553124;0.1480007;5.5184689;0.0001679;42.5459709;0.6761815;0.7586681;0.07474;2.60E-05;1.6683726;0.404091;-84.2857132;0.7367351;0.1930502;0.1590516;24.0696297;-70;52.1744995;4.0513244;38.4654388;0.29852;0.0788058
902617.5;840197.5;15;2.5073941;0.0006203;0.0045641;31.8370819;27.1575165;7.9787989;34.8024292;34.9153862;11.5629215;38.8321228;3.1600559;0.0761711;0.1973725;5.1475606;0.0002241;0.3063916;0.0053475;0.7787827;0.0749949;4.49E-05;1.66561;0.3571437;-81.25;0.9999857;-0.046875;0.3001729;23.8733597;-85;52.5328255;4.0569286;37.4992218;0.5145411;0.1125032
907078.5;840197.5;11;2.1021872;0.000571;0.0045622;26.9682961;46.9800606;7.9784999;34.896328;21.3025398;13.7195492;39.0523109;4.5944495;0.1173663;0.2931705;4.9992828;0.0002998;311.7947998;-0.7455368;0.795258;0.0904736;6.38E-05;1.6628473;0.3293755;-77.5555573;0.6664645;0.0444445;0.2842032;24.1711998;-74;47.4313354;3.9982674;36.5622292;0.6610779;0.1471682
911539.5;840197.5;14;1.7937666;0.0004997;0.0082245;22.9633656;66.6201019;7.9782977;34.9122314;12.0416441;15.4790125;39.2612228;4.8114758;0.1830558;0.4630571;4.9644203;0.0007816;296.565094;-0.8944271;0.8125113;0.0965499;8.27E-05;1.6600846;0.3113777;-64;0.4472138;0.0625;0.1148582;8.944272;-62;47.6225052;4.028132;35.6401215;0.7722169;0.1718227
916000.5;840197.5;14;1.646657;0.0003917;0.0179939;20.3981876;85.9559708;7.9782395;34.7981339;10.0339994;16.5765362;39.6923828;4.9091392;0.2895692;0.7564249;4.9309173;0.0019403;284.0362854;-0.9701424;0.8301901;0.0869556;0.0001016;1.6573219;0.2756211;-56.6666718;0.2425359;-0.0196078;0.0794206;5.8878412;-57;53.4536133;4.1444826;33.9105339;1.0849231;0.2027512
920461.5;840197.5;14;1.471684;0.0003178;0.0307452;17.3652878;107.1260147;7.978282;34.6933289;8.2896166;18.0808506;40.2795868;5.6233668;0.3703292;0.9986247;4.8983679;0.003691;132.8789063;0.7327936;0.8483093;0.0826598;0.00013;1.6426389;0.2273956;-57.5555611;-0.680451;0.4126985;0.0613344;8.0706758;-46;50.616375;4.1559448;31.6139927;1.5391552;0.2324812
924922.5;840197.5;14;1.2290432;0.0003269;0.0507381;13.1964865;132.7504883;7.9784474;34.6110954;7.1845813;20.5730896;40.72752;6.7528281;0.388545;1.1165594;4.8825002;0.0068795;180;-1.00E-07;0.8669055;0.0912317;0.0002254;1.5445137;0.1857017;-54.3333282;-1;-0.254386;0.0995219;10.23067;-64;51.2540283;4.2266316;28.9173336;2.0291677;0.2701303
929383.5;840197.5;10;0.9696175;0.0003812;0.7913163;8.9898481;158.9466553;7.9787292;34.3486366;6.2528276;23.0094585;41.0429802;6.7569823;0.4082818;1.2935117;4.8825002;0.0112055;262.1003113;-0.9905102;0.8860885;0.0999099;0.0003208;1.4463885;0.1502208;-41.6666718;-0.1374391;-0.2077294;0.3386959;22.9395294;-56;43.6402092;4.2249565;25.8400726;2.5532148;0.3115159
933844.5;840197.5;9;0.6464091;0.0006067;4.2701187;4.63943;187.3153229;7.9788456;33.4013176;5.9795399;25.2335205;41.2083664;6.509594;0.4337984;1.6947309;4.8825002;0.0198542;278.5609131;-0.9888583;0.9060629;0.1089921;0.0004161;1.3482631;0.1236454;-21.3333302;0.1488602;0.2283951;0.3019274;20.2923107;-9;38.5629425;4.1959214;23.2837143;2.9756663;0.3617229
938305.5;840197.5;9;0.3604608;0.0008309;8.9550104;0.8074586;212.0520477;7.9787498;32.5531006;5.8097062;27.1799011;41.1808014;9.5817804;0.4532861;2.0467038;4.8825002;0.0273639;307.4761963;-0.7936066;0.9264455;0.1192288;0.0005115;1.2501379;0.1085201;-4.1111112;0.6084312;0.0271003;0.1213593;9.9380798;-3;34.9605141;4.3474503;21.3970852;3.2674944;0.4282575
942766.5;840197.5;6;0.332628;0.0010684;23.495903;0.5827734;211.2910919;7.9786887;32.3819656;6.4237309;27.1827812;41.1632309;6.7790813;0.428126;2.0547342;4.8825002;0.026851;302.9052124;-0.8395703;0.9668984;0.1395191;0.0006069;1.1520127;0.0988777;0;0.5432511;-0.2270532;0.1300106;9.2948942;0;38.8340454;4.3268147;20.1943588;3.4535348;0.516006
947227.5;840197.5;9;0.3982925;0.001271;17.7281399;0.3353062;216.371994;7.9748921;32.5101318;6.3321714;27.298357;41.2726784;9.2075777;0.407977;2.0771229;4.7723603;0.025312;294.0441895;-0.9132314;0.9751474;0.1542112;0.0008165;1.0359086;0.1192581;0;0.4074414;-0.1034483;0.1142509;8.8317604;10;47.800148;4.3285332;19.1235218;3.9165177;0.5873076
951688.5;840197.5;9;0.6807334;0.001131;18.7128735;0.9827184;177.4407501;7.9746389;32.8329086;18.9739532;27.057354;40.752388;8.7356501;0.3770489;1.8198236;4.6287889;0.022737;284.6888123;-0.9673174;0.972187;0.1634372;0.0009176;0.967858;0.1244482;0;0.2535686;-0.2134503;0.1709207;11.7609901;17;48.5170822;4.392314;19.8877487;4.5907178;0.6225622
956149.5;840197.5;5;0.8924292;0.001063;29.6816902;4.9131498;90.5790405;7.9770513;32.4826241;23.7502155;26.6765633;39.2194901;8.993434;0.3383701;1.6341372;3.9598272;0.026528;293.5870056;-0.9164534;0.9624218;0.1990909;0.000986;0.8888056;0.1559791;0;0.4001414;0.2204301;0.1243583;11.1567097;37;47.1079636;4.3795033;22.125248;4.9901829;0.5766427
880312.5;835736.5;15;2.7844942;0.000703;0;36.4136734;18.4895515;7.9811835;34.7498169;56.0541267;9.4960413;38.2488213;4.7955065;0.0074738;0.0232392;5.9574294;0;322.6205139;-0.6070914;0.776066;0.102066;0;1.5202962;0.4859367;-145.3999939;0.7946321;-0.6703557;1.660014;97.0022736;-315;48.0801735;3.9864323;40.7731819;0.0677967;0
884773.5;835736.5;15;2.5245416;0.0006468;0.0033987;32.7135277;26.0277786;7.9808149;34.8061562;39.7192612;11.4282198;38.3810768;4.7466898;0.0568608;0.1464675;5.91009;0.0001174;267.6648865;-0.9991696;0.7670709;0.1146498;0;1.5659066;0.4675463;-106.2856979;-0.040743;0.1592321;0.8273046;85.7116699;-66;49.5020943;3.9452503;39.5613785;0.1225874;0.0086448
889234.5;835736.5;11;2.240273;0.0005496;0.0088365;28.6305618;45.2754135;7.9806581;34.8427963;28.3253345;12.9206591;38.5084;6.4527526;0.1347869;0.3424922;5.8508725;0.0003053;77.7352295;0.9771764;0.7518612;0.116989;0;1.6115171;0.4487726;-70.625;0.2124296;0.3154762;0.0755635;6.4795351;-64;48.1989975;4.1265535;38.963932;0.1839317;0.0324555
893695.5;835736.5;14;2.1030138;0.0004992;0.0127353;26.6293736;55.0748329;7.9805493;34.8593521;23.0064125;13.6644917;38.6345787;5.9461279;0.1777539;0.4523729;5.7889142;0.0004701;352.4053955;-0.1321637;0.7521701;0.1094208;1.09E-05;1.6364378;0.4299106;-71;0.9912279;-0.2631579;0.048582;5.6174331;-76;43.7266884;4.1275706;38.508255;0.2467883;0.0671125
898156.5;835736.5;14;2.0901473;0.0004884;0.0153318;26.3896904;56.8796082;7.9801588;34.8589172;22.8278809;13.774888;38.8829041;3.3429782;0.1911403;0.4893624;5.4786906;0.0006156;339.9047852;-0.3435819;0.7634278;0.0934694;3.98E-05;1.6268755;0.3909952;-72.3333435;0.9391227;0.2666668;0.0700792;6.8637528;-67;42.0276718;4.1429019;37.5185394;0.4478666;0.1023529
902617.5;835736.5;14;2.0007565;0.0004696;0.0166189;25.2239094;62.3399086;7.9796681;34.8502083;20.0787067;14.306592;39.1747017;3.9503803;0.2111407;0.5419118;5.0801015;0.000801;344.7449036;-0.2631177;0.7768312;0.0850453;6.88E-05;1.6173133;0.3449423;-68.4444427;0.9647638;0.0164608;0.0915101;7.3501492;-68;42.971138;4.1285839;36.3387413;0.6981424;0.1381568
907078.5;835736.5;14;1.8209276;0.0004413;0.0163585;22.9636536;72.1203766;7.9793706;34.8317261;14.291501;15.3362064;39.4098244;3.6870363;0.2389577;0.6128498;4.9238992;0.0010339;319.0141907;-0.6558723;0.7898849;0.0855171;9.78E-05;1.6077511;0.3175126;-65.3333435;0.7548719;0.1238096;0.129713;9.4633799;-61;48.0452347;4.1533513;35.1674805;0.8392125;0.1695697
911539.5;835736.5;14;1.685907;0.000407;0.0154965;21.1555176;81.201416;7.9791718;34.802269;10.362895;16.1503468;39.6160774;3.5839632;0.2728259;0.7025319;4.8911767;0.0013576;317.3859863;-0.6770566;0.8036168;0.083791;0.0001267;1.5981889;0.2995703;-58.1111107;0.735931;-0.1440329;0.1090586;7.5930438;-62;50.4262505;4.1196418;34.0005722;0.9246494;0.1995033
916000.5;835736.5;14;1.6255667;0.0003628;0.0136318;20.1009178;89.116745;7.979094;34.7545242;9.5319538;16.6053638;40.0275421;6.1186013;0.3167793;0.8234541;4.8679543;0.0018327;321.7098083;-0.6196443;0.8207974;0.0784021;0.0001557;1.5886266;0.2639889;-54.7777786;0.7848827;0.1736112;0.0388576;5.8267159;-52;51.3828735;4.072279;32.0772743;1.2393043;0.2312025
920461.5;835736.5;14;1.4724411;0.0003285;0.0338488;17.5334511;106.1476212;7.9791012;34.6327629;8.429821;17.9734478;40.5830956;6.3757443;0.3551704;0.9672273;4.8514013;0.0037696;100.6196976;0.9828722;0.8406399;0.0793467;0.0001923;1.5676528;0.2160227;-57.4444389;-0.1842884;-0.0198413;0.1045226;8.1392202;-58;48.9937515;4.1379595;29.6228962;1.7148994;0.2658642
924922.5;835736.5;10;1.09398;0.0003186;0.1076923;11.2918787;145.3162537;7.9792185;34.3312569;6.6690803;21.5589848;40.9792366;6.6329818;0.3800533;1.1664963;4.8341303;0.0092565;304.6951904;-0.8221923;0.8719254;0.0956728;0.000282;1.4667982;0.1754874;-54.6666718;0.5692099;-0.3866667;0.076141;13.1233501;-74;50.3583946;4.2450981;27.1134987;2.2147822;0.3052164
929383.5;835736.5;10;0.7467806;0.0004011;2.2471905;5.7617617;179.8341675;7.9794402;33.9195175;5.4484773;24.6768761;41.2237396;8.4797029;0.4012318;1.3944228;4.8161764;0.0148545;286.6364136;-0.958141;0.9021077;0.1112811;0.0003717;1.3659436;0.1420205;-38.3333282;0.2862967;-0.1759259;0.4204982;26.6040897;-51;38.5616302;4.2450891;24.5517654;2.7377677;0.3543571
933844.5;835736.5;6;0.5183755;0.0008352;12.2361755;2.9351776;196.6793823;7.9795175;33.0888824;6.2803984;26.0177059;41.3292961;7.8345003;0.4083337;1.7312481;4.8061962;0.020874;288.434906;-0.9486834;0.9222633;0.1241621;0.0004614;1.2650889;0.1181096;-15.3333302;0.3162274;0.147619;0.3197891;22.4004002;-5;35.3195534;4.3015866;22.3597546;3.1323285;0.4193759
938305.5;835736.5;9;0.3181373;0.0012177;21.3871231;0.458966;211.3975372;7.9794087;32.3582954;7.0109901;27.1908302;41.2561989;9.937644;0.4142184;2.0267785;4.806468;0.0261436;309.8826904;-0.7673591;0.920468;0.136018;0.0005512;1.1642344;0.1064852;0;0.6412176;-0.1800766;0.1527042;9.8970003;-2;42.7037125;4.336019;20.6430988;3.3617716;0.5019581
942766.5;835736.5;9;0.3523564;0.0012143;24.6524467;0.2706979;216.5778351;7.9767537;32.5016708;7.088501;27.261322;41.6282768;9.0048122;0.4103276;2.0079908;4.9008007;0.0261683;319.1596069;-0.6539538;0.9715943;0.1484478;0.0006989;1.0569534;0.1294502;0;0.7565345;0.2850241;0.1251844;8.3680754;16;48.4239807;4.335084;19.9655361;3.8818021;0.5984952
947227.5;835736.5;9;0.5204667;0.0011775;20.5381718;0.2346689;172.000412;7.9749322;32.8152885;11.5903521;27.1258488;41.1420898;9.5071659;0.3903821;1.8702747;4.8627486;0.0272732;309.6854858;-0.7695618;0.976404;0.1637972;0.0007821;0.9442973;0.1349604;0;0.6385724;0.0416667;0.0980351;8.5764532;18;49.3006935;4.3974619;19.4903984;4.5000577;0.6178752
951688.5;835736.5;5;0.740095;0.0011027;27.0378723;1.3052348;104.1653519;7.9744663;32.5413857;17.8094559;27.0259628;39.565567;8.7216072;0.3569356;1.6480865;4.5998735;0.027341;281.309906;-0.9805806;0.9661815;0.1800575;0.0008771;0.886151;0.1381621;0;0.1961164;0.0032895;0.1636979;12.3939199;25;49.0341644;4.42939;20.3032379;4.7175965;0.6002452
956149.5;835736.5;9;1.0464618;0.0009853;28.7031937;7.5555887;75.5055771;7.976892;32.7041092;38.3638992;26.5901833;36.953167;9.063652;0.3101203;1.5869106;3.9322846;0.029237;291.6950989;-0.9291643;0.9344766;0.2030751;0.0009356;0.8589414;0.1475669;0;0.3696671;0.5225807;0.1606634;10.5337601;48;45.4932709;4.4097724;21.2394485;5.2918406;0.5712467
875851.5;831275.5;15;2.8225844;0.0006884;0.0010931;36.8916321;21.7292786;7.9823456;34.7282486;57.9545326;9.0651588;38.3119507;4.5679917;0.0207302;0.057731;5.9776812;4.73E-05;344.7449036;-0.2631177;0.7943785;0.0940868;0;1.4713053;0.4740771;-150.5;0.9647638;-0.1686992;0.7869379;82.7138672;-192;49.2529755;3.9646509;40.5497742;0.0459173;0.0179966
880312.5;831275.5;15;2.4701226;0.0006748;0.0026364;32.1122818;20.1548176;7.9820256;34.8486748;34.6146736;12.1848536;38.4622765;5.7187524;0.0416656;0.1079505;5.9289861;0.0001141;324.8905945;-0.5751395;0.7819078;0.1266738;0;1.5089799;0.4611151;-123.5;0.8180553;0.1245059;0.8986173;82.5953979;-92;45.8891983;3.9585264;39.2183075;0.1232076;0.0262173
884773.5;831275.5;11;2.1403453;0.0005868;0.0079087;27.596981;38.3140717;7.9817061;34.9047394;21.130167;14.12218;38.6082535;5.2312555;0.114956;0.2920325;5.8723011;0.0003265;307.3039856;-0.7954317;0.7720979;0.1359701;0;1.5466546;0.4473921;-98;0.6060433;0.1422925;0.5932757;77.2542725;-62;49.8981476;4.0092473;37.998951;0.2101174;0.0462838
889234.5;831275.5;14;1.8241788;0.0004542;0.0154184;23.2401104;68.3135605;7.9815545;34.9221916;13.5588713;15.3500843;38.7534523;6.790381;0.2196594;0.556432;5.8188543;0.0006262;337.3800964;-0.3846157;0.7608197;0.1312922;0;1.5843292;0.4320031;-66.1111069;0.9230768;-0.232026;0.041735;9.6430111;-74;40.3066788;4.08776;37.5079155;0.2989046;0.0795082
893695.5;831275.5;14;1.6703027;0.0003865;0.020458;21.0769272;83.3174896;7.9814425;34.9229317;9.9675503;15.9890213;38.898468;6.5967751;0.2769482;0.7033349;5.7661548;0.0008636;341.1615906;-0.3229008;0.7608178;0.1200961;1.46E-05;1.6017402;0.4162297;-63.2222214;0.9464328;-0.1805556;0.1441637;10.1847095;-69;48.4603081;4.1920085;37.1849594;0.3881251;0.1184851
898156.5;831275.5;14;1.6537496;0.0003738;0.0234074;20.7699375;85.6328735;7.9810519;34.9095306;9.7438984;16.1296005;39.1960335;3.6850405;0.2941172;0.7508175;5.42875;0.0010484;3.621485;0.0631647;0.7728295;0.1033847;5.37E-05;1.5853784;0.3790513;-62.6666718;0.9980031;-0.0729166;0.1270639;9.8657656;-65;48.47258;4.2091794;36.1791077;0.6132086;0.1472757
902617.5;831275.5;14;1.6394441;0.0003632;0.0241367;20.4911232;87.5812225;7.9805622;34.8695107;9.5576992;16.2725697;39.5478973;3.8023849;0.3081807;0.790556;4.9900098;0.0012485;350.5376892;-0.1643989;0.7847432;0.0908895;9.27E-05;1.5690167;0.3342542;-61.7777786;0.9863939;-0.3111111;0.0585841;6.0328321;-68;50.6046028;4.2142015;34.930191;0.8866502;0.1738477
907078.5;831275.5;14;1.627795;0.0003552;0.0222423;20.2456074;89.095787;7.9802642;34.7980309;9.4157591;16.4183598;39.8074608;4.8390522;0.3185743;0.8211423;4.8207664;0.0014668;280.1755066;-0.9842712;0.7953843;0.0833772;0.0001318;1.5526549;0.3069046;-61.1111107;0.176664;0.1728395;0.0636029;5.108695;-58;50.2234001;4.1229153;33.5850143;1.0182894;0.201692
911539.5;831275.5;14;1.6126372;0.0003498;0.0180112;19.9365253;90.9659271;7.9800644;34.7480125;9.2696238;16.6003056;40.0200005;6.4925046;0.3284751;0.8509532;4.7888141;0.0017103;273.8140869;-0.9977852;0.8054935;0.0773121;0.0001708;1.536293;0.2884433;-55.7777786;0.0665192;0.3851852;0.0723941;6.0878339;-50;49.4299927;4.1193037;32.1907997;1.0776896;0.2315971
916000.5;831275.5;14;1.5916311;0.0003485;0.0098858;19.5215054;93.4286728;7.9799542;34.733757;9.116498;16.8425121;40.4054222;7.4958043;0.3375548;0.8794719;4.7792363;0.0019957;339.2278137;-0.3546543;0.8172396;0.0736594;0.0002099;1.5199312;0.2533009;-52.7777786;0.9349975;0.2311111;0.0497869;7.8141999;-47;43.1812744;4.1280885;30.1415615;1.386131;0.2617827
920461.5;831275.5;14;1.436898;0.0003582;0.224627;17.0035191;109.2832413;7.979907;34.5690613;8.440587;18.2610435;40.9122238;8.3233318;0.3523804;0.9865665;4.7853694;0.004481;11.9761295;0.2075042;0.838592;0.077293;0.0002546;1.4926666;0.2064463;-50.6666718;0.9782341;-0.1572327;0.1624497;14.31394;-59;42.5356255;4.2372527;27.63241;1.869431;0.2976322
924922.5;831275.5;10;0.9573992;0.0003944;0.9806156;9.3783245;157.6608124;7.9799643;34.0389977;6.4950581;22.5363674;41.248436;8.7058048;0.3811607;1.2844883;4.766243;0.0123091;327.7867126;-0.5330726;0.8845836;0.0986222;0.0003386;1.3890827;0.1672212;-43.2222214;0.8460695;-0.2431562;0.3282184;21.3945904;-60;40.7191544;4.2947879;25.3609161;2.3803163;0.3486406
929383.5;831275.5;9;0.5488956;0.0005297;4.6380529;3.0292513;197.449707;7.9801197;33.4793015;5.2412848;26.0484791;41.4223824;9.9730091;0.4022366;1.5701411;4.7230902;0.0191903;306.9508972;-0.7991508;0.9312926;0.1187216;0.0004227;1.2854987;0.1352534;-24.6666698;0.6011306;0.0070922;0.4539399;29.1966496;-24;34.4193649;4.2286372;23.3154907;2.9174414;0.4196978
933844.5;831275.5;9;0.4101736;0.0010416;19.3209972;1.5294337;204.6016388;7.9801526;32.8069992;6.6161842;26.6603889;41.4702339;10.2022562;0.3940356;1.8091714;4.6991024;0.0224736;307.8194885;-0.7899467;0.9675428;0.1341481;0.0005067;1.1819147;0.114116;-4.666667;0.6131755;0.0375587;0.2905776;20.5588608;-2;34.2785797;4.3165569;21.7197762;3.2849493;0.5100402
938305.5;831275.5;9;0.3966832;0.0011491;22.8263397;0.3387136;215.592865;7.9772344;32.5627975;7.1204123;27.2416115;41.752346;8.9365196;0.3920484;1.9904668;4.8107429;0.0222222;311.8201904;-0.7452415;0.9679236;0.1485378;0.0006404;1.0779091;0.1283743;0;0.6667947;0.1777778;0.1227736;9.2869225;14;44.3792877;4.3349729;20.7499123;3.5601122;0.590956
947227.5;831275.5;5;0.5886925;0.0010823;24.583149;1.3278439;136.9354248;7.9749198;32.868885;26.0405636;27.0346851;41.1487541;8.6061172;0.373188;1.7023143;4.7680306;0.02252;281.9761047;-0.9782341;0.9526303;0.1840702;0.0007996;0.8875321;0.1407609;0;0.2075043;-0.43125;0.05415;7.1926608;12;47.6329155;4.3977928;19.4042435;5.0539436;0.6410382
951688.5;831275.5;5;0.8663871;0.0010427;31.6159801;6.9855061;56.3728981;7.9763994;32.664032;28.5273666;26.9249325;38.1148262;8.9247208;0.3275211;1.5697886;4.4432297;0.0252273;277.907196;-0.9904922;0.925275;0.1981167;0.0008813;0.8407225;0.1652735;0;0.1375686;0.125;0.1166832;11.42731;32;46.7779388;4.439786;21.0371056;4.8188958;0.5843006
871390.5;826814.5;15;2.7370517;0.0007056;0;35.8944778;19.3543015;7.9835229;34.7536087;52.9586906;9.7646389;38.3511314;5.6872897;0.0102234;0.0282448;5.7982249;0;294.5400085;-0.9096714;0.8120018;0.1051531;0;1.438186;0.4474171;-117.3332977;0.4153288;-0.0072464;0.7922491;150.5839996;-121;48.6832008;3.9447114;41.1912003;0.1531343;0.052307
875851.5;826814.5;15;2.4268508;0.0006423;0.004841;31.5984039;30.8066788;7.9832063;34.8256989;36.8301582;11.9505491;38.543251;5.4437814;0.0701471;0.1801277;5.8109331;0.0002095;350.2893982;-0.1686714;0.8005051;0.1144558;0;1.4679248;0.4412918;-72.625;0.9856724;-0.1206268;1.217955;92.6700287;-114;46.0707512;3.9303451;39.1039925;0.162114;0.057914
880312.5;826814.5;14;2.0825453;0.0005495;0.0116754;26.7575073;49.7495422;7.9829035;34.8904762;22.3627472;14.0881929;38.7092743;5.5994544;0.1533981;0.3926538;5.7452869;0.0005053;3.8550739;0.067233;0.7916192;0.1166021;0;1.4976637;0.4322061;-67;0.9977373;-0.0058309;0.5968561;85.7839737;-69;40.0261383;4.0765724;37.7189064;0.2619967;0.0691893
884773.5;826814.5;14;1.8582253;0.0004684;0.0173688;23.5861816;66.1952438;7.9826026;34.9195862;14.7248116;15.316515;38.8719902;5.8536425;0.2214224;0.5677263;5.6697087;0.0008358;278.1300964;-0.9899495;0.7812148;0.114953;0;1.5274026;0.422745;-71.6666565;0.141421;-0.2043012;0.0681026;9.3452301;-78;42.3919449;4.0920005;36.4228249;0.3734023;0.0984036
889234.5;826814.5;14;1.7058969;0.0003942;0.0223775;21.4165955;81.1426544;7.9824467;34.9272957;11.1845598;15.9992428;39.0099602;5.6732883;0.2803107;0.7203265;5.6121712;0.0011871;292.6199036;-0.9230769;0.7693256;0.1110267;0;1.5571414;0.4121125;-63;0.3846154;0.027027;0.1669398;12.4811001;-62;47.5568314;4.1098518;35.9245567;0.4770334;0.1329592
893695.5;826814.5;14;1.632676;0.0003601;0.0244421;20.3579388;88.4625015;7.9823241;34.8995705;9.5256138;16.3395309;39.1422195;3.7890484;0.3108189;0.8000867;5.5587969;0.0013822;329.4208069;-0.5087295;0.7682417;0.1031372;1.84E-05;1.5670427;0.4012096;-56.6666718;0.8609264;0.3838384;0.1640752;11.3724804;-44;48.5111198;4.1992164;35.610405;0.5788704;0.1707749
898156.5;826814.5;14;1.6263925;0.0003598;0.0240154;20.239296;89.3282547;7.981945;34.8418655;9.4585428;16.3900623;39.489872;3.9404762;0.3173132;0.8182132;5.1402998;0.0014451;23.5232105;0.3991205;0.7819459;0.0918942;6.75E-05;1.5438813;0.3666871;-54.3333282;0.9168985;0.2261904;0.1488073;10.32796;-48;49.1855621;4.2512093;34.6164742;0.8272058;0.1954461
902617.5;826814.5;14;1.6310647;0.0003646;0.020636;20.3249855;88.6799088;7.9814744;34.8196564;9.5176058;16.3498611;39.9141922;4.2124019;0.3131061;0.8063119;4.5918441;0.0013814;31.2637291;0.5189781;0.7957865;0.0865188;0.0001167;1.52072;0.3237576;-57.1111107;0.8547875;-0.0858586;0.1051616;7.340064;-59;49.2365494;4.22896;33.3805885;1.1276846;0.2152181
907078.5;826814.5;14;1.6486847;0.0003753;0.013767;20.6521549;86.2421646;7.9811692;34.8393974;9.7257357;16.2024326;40.1986351;6.1938548;0.2962518;0.7589235;4.389298;0.0011682;78.6900711;0.9805807;0.8084219;0.0880777;0.0001658;1.4975586;0.2969566;-59.2222214;0.1961161;-0.1461989;0.0081849;6.0512218;-62;48.1704979;4.2155428;31.8958111;1.2701585;0.2390133
911539.5;826814.5;14;1.6233706;0.0003786;0.0089727;20.1476154;89.0324936;7.9809475;34.8290253;9.5982294;16.5126419;40.4118271;5.0742908;0.3012595;0.7782445;4.3629694;0.0015206;227.7263031;-0.7399402;0.8193225;0.0860847;0.0002149;1.4743972;0.2783721;-56.2222214;-0.6726727;-0.3040936;0.0954516;6.4079428;-62;41.7611771;4.1097527;30.2842407;1.3321393;0.268291
916000.5;826814.5;14;1.5264996;0.0003697;0.007636;18.2568913;100.5362625;7.9808292;34.7684708;8.9113312;17.5855827;40.7642136;6.4572601;0.3427036;0.9087479;4.3476191;0.0028159;273.4473877;-0.9981905;0.8277812;0.0781715;0.000264;1.4512359;0.2441536;-49.6666718;0.060132;0.0396826;0.1334724;12.2655802;-48;37.8195267;4.0967355;28.1475906;1.6494753;0.2968786
920461.5;826814.5;14;1.3131973;0.0004338;0.8711866;14.7782078;122.4100418;7.9807835;34.4977341;8.137002;19.5079193;41.2143364;9.2511063;0.379629;1.1291229;4.3399768;0.0067295;322.4543152;-0.6093944;0.8407629;0.0782979;0.0003168;1.4176805;0.1989582;-39.1111107;0.7928672;0.0363985;0.2449682;18.6574097;-37;35.6880341;4.2888036;25.642271;2.1461034;0.3404146
924922.5;826814.5;9;0.8171329;0.0006748;3.8351777;7.4430447;169.4681549;7.9807019;33.716568;7.1503434;23.4930706;41.4604492;8.7333336;0.4055803;1.5677574;4.396183;0.0170021;324.0628967;-0.5868973;0.8786337;0.097949;0.0003952;1.3113672;0.1654826;-24.2222195;0.8096614;0.0435435;0.3746967;23.5408802;-21;39.5100098;4.3071027;23.6374798;2.5547352;0.4074824
929383.5;826814.5;9;0.4116083;0.0009224;9.2996025;1.500282;207.1190186;7.9805522;33.0121384;6.4843345;26.7016792;41.527523;10.019105;0.4228028;1.9275342;4.5468688;0.0251943;313.9769897;-0.719619;0.9268219;0.1166162;0.0004736;1.2050538;0.136712;-5.666667;0.6943691;0.0074906;0.3814299;25.3815308;-5;32.9330025;4.2503695;22.1088009;2.9734266;0.5106665
933844.5;826814.5;9;0.3549238;0.001072;21.8866138;0.4698823;215.4048309;7.978159;32.5786324;7.2090559;27.2175331;41.8623657;8.9197531;0.383119;2.0231025;4.4156637;0.0258613;323.6954956;-0.5920764;0.9629867;0.1423117;0.0005771;1.0931202;0.1318836;0;0.8058819;0.2285115;0.1952004;14.8731298;20;41.5897598;4.3353105;21.140976;3.3665476;0.5856939
938305.5;826814.5;9;0.4109966;0.0011044;25.3571148;0.6539706;215.6655884;7.9771056;32.5696945;7.794981;27.2101364;42.0830536;8.9449711;0.3850282;1.9132631;4.7797208;0.0245215;353.2901917;-0.1168412;0.974858;0.163921;0.0007224;1.0076867;0.1459311;0;0.9931506;-0.1003584;0.054953;8.7615881;13;44.4956741;4.3264456;19.8665295;3.9242246;0.6170824
942766.5;826814.5;9;0.5512218;0.0010221;24.8549347;1.1854961;132.1587372;7.9772453;32.9772186;14.5721045;27.089489;41.8140831;8.867857;0.3900267;1.7870783;4.9347901;0.0220207;306.3843079;-0.805056;0.9709339;0.1876859;0.0007871;0.907618;0.1382081;0;0.5931988;-0.2222222;0.1515354;13.7176104;12;46.9565811;4.3816738;19.8283825;4.8343434;0.6722656
866929.5;822353.5;15;2.7869568;0.0007091;0;36.3701782;14.2938538;7.9846616;34.7375565;49.5966835;9.7387094;38.3798904;4.6593661;0.0109216;0.0307193;5.55018;3.00E-07;307.4545898;-0.7938352;0.8288339;0.096971;0;1.4209384;0.4199087;-148.6667023;0.608133;-0.6508938;1.918232;103.2838974;-355;48.8661118;3.9491835;40.5285378;0.2891121;0.089773
871390.5;822353.5;15;2.4248209;0.0007082;0;31.7810268;15.3942623;7.9843807;34.8612328;30.1345081;12.5524054;38.5815315;6.1175232;0.0178221;0.0423114;5.5559578;7.00E-07;279.9128113;-0.9850711;0.8184637;0.1305452;0;1.4427414;0.4132819;-90.375;0.1721481;0.0343379;1.677927;129.7111969;-73;45.7551117;3.9328816;39.6068726;0.3087377;0.0987778
875851.5;822353.5;11;2.0124078;0.0006318;0.0006032;26.2970448;41.5965729;7.9824538;34.9938354;21.4617043;14.5333347;38.73629;4.9559832;0.0990904;0.2051499;5.7767267;0.0001484;353.2731018;-0.1171371;0.8162584;0.1198921;0;1.4447244;0.4174031;-51.4444389;0.9931157;0.7442811;0.3151795;75.6337814;151;44.0169144;4.0883389;35.8696823;0.3064743;0.0995863
880312.5;822353.5;14;1.8060532;0.0004715;0.0169482;23.0134315;69.1740723;7.9838018;34.9291534;13.1604271;15.445013;38.9753494;4.5868087;0.2224991;0.5671442;5.4733062;0.000734;82.0928268;0.9904923;0.8006628;0.1078788;0;1.4863474;0.4009727;-50.6666718;0.1375684;-0.0767296;0.7000655;72.7904129;-71;41.9680099;4.1964073;36.0940437;0.448197;0.1277531
884773.5;822353.5;14;1.6635033;0.0003933;0.0230766;20.8532333;84.7439194;7.9835024;34.9290466;10.2035904;16.1433926;39.1565094;3.3601797;0.2894655;0.7441843;5.3734045;0.0012052;290.2249146;-0.9383432;0.7901179;0.0984696;0;1.5081506;0.3955432;-68.7777786;0.3457052;-0.4012345;0.0650054;6.1060591;-76;45.692028;4.1256275;34.284771;0.5797635;0.1579559
889234.5;822353.5;14;1.6156501;0.0003511;0.0269296;20.0061607;90.8798828;7.9833355;34.9176865;9.4405937;16.5330925;39.2729797;3.4051471;0.3254321;0.8443045;5.3061686;0.0017017;273.9909058;-0.9975751;0.7774704;0.0948152;0;1.5299536;0.390447;-59.8888893;0.0695982;-0.03003;0.2075725;12.9909801;-61;49.9643135;4.1310749;33.7433281;0.6910743;0.1936984
893695.5;822353.5;14;1.5947067;0.0003367;0.0269926;19.6338539;93.5403442;7.9831991;34.8671303;9.1192341;16.7014256;39.3745232;3.5689685;0.3409311;0.887585;5.2464705;0.0019119;280.375885;-0.9836475;0.7740824;0.0890633;2.22E-05;1.5323452;0.3854278;-49;0.1801046;0.2758621;0.1158633;9.4162979;-41;49.3052826;4.1593981;33.4296875;0.7977108;0.224536
898156.5;822353.5;14;1.5965331;0.0003456;0.0238487;19.6632729;93.2599792;7.9828382;34.7834015;9.1715689;16.6824455;39.7727432;5.8629541;0.3391115;0.8827705;4.7162261;0.0018801;18.4349499;0.3162278;0.78956;0.0815367;8.14E-05;1.5023842;0.3540837;-44.3333282;0.9486833;-0.0641026;0.0913692;7.6303492;-46;48.7326241;4.2277083;32.3676147;1.0688696;0.2366061
902617.5;822353.5;14;1.6212786;0.0003661;0.0173337;20.1235123;89.8941956;7.9823976;34.7813339;9.4876003;16.4606857;40.2765617;6.9437871;0.3169952;0.8204389;4.0184994;0.0015704;36.6341095;0.5967028;0.805524;0.081788;0.0001406;1.4724233;0.3133698;-48.8888893;0.8024623;-0.0038314;0.1560258;9.9715643;-49;46.0576973;4.2510881;31.0391541;1.3985872;0.251727
907078.5;822353.5;14;1.6731101;0.0004001;0.0068346;21.0929012;82.8820038;7.98208;34.8757706;10.1152725;15.9992762;40.5861435;7.95924;0.270892;0.6901324;3.7711284;0.0009326;23.8951607;0.4050644;0.8204185;0.0912314;0.0001998;1.4424623;0.287384;-52.4444389;0.9142882;-0.1873016;0.1386982;12.0380096;-59;39.3403664;4.2170801;29.5761662;1.5634192;0.2708516
911539.5;822353.5;14;1.629232;0.0004128;0.005683;20.2885952;87.3113632;7.9818254;34.8718491;9.9872179;16.4976807;40.7967682;8.5426626;0.2701364;0.7029068;3.7531846;0.0015946;332.4880066;-0.4619343;0.833672;0.093562;0.000259;1.4125015;0.2689012;-50.8888893;0.8869142;-0.3685637;0.1737465;13.4366398;-66;37.1133156;4.1428404;28.0446472;1.6442529;0.2959184
916000.5;822353.5;14;1.4258378;0.0003903;0.0201105;16.5281258;110.8099594;7.9817128;34.7040062;8.599617;18.5957756;41.1121521;9.2629833;0.34496;0.9541495;3.7210195;0.004423;308.8171082;-0.7791511;0.8444613;0.0840379;0.0003182;1.3825405;0.2358825;-39.3333282;0.6268362;-0.2485876;0.2740023;18.4872303;-54;33.3018036;4.2460699;26.0325241;1.9790747;0.3242748
920461.5;822353.5;10;1.1447132;0.000495;1.8491722;11.963871;139.6812592;7.9816999;34.3135872;7.597868;21.0810242;41.501091;9.3498068;0.4038126;1.2833827;3.6788695;0.0097271;303.5180054;-0.8337123;0.8552004;0.08241;0.0003791;1.3426943;0.1926576;-24.4444408;0.552199;0.008547;0.2965024;17.9821606;-24;37.5534286;4.3020878;23.6829567;2.4922283;0.3678616
924922.5;822353.5;6;0.6748149;0.0009089;8.0852022;5.4475641;181.6005249;7.9816127;33.3826218;7.5331869;24.5065041;41.6833954;9.3865023;0.4238785;1.8020211;3.723109;0.0210436;302.0054016;-0.8479984;0.8776545;0.099959;0.0004518;1.2336516;0.1679334;-9.666667;0.5299987;0.1503268;0.2120063;14.2672901;-2;37.4264259;4.316947;21.9303513;2.7776561;0.4556543
929383.5;822353.5;6;0.3027676;0.0012503;15.608387;0.2922945;214.4016418;7.9795699;32.6099586;7.4639344;27.2145252;42.0158348;9.3528204;0.4359388;2.1985199;4.0627522;0.029642;273.6744995;-0.9979442;0.935213;0.116429;0.0005246;1.124609;0.1351583;0;0.0640883;0.2044445;0.1753261;14.1717901;14;36.3144112;4.2832775;20.7455883;3.2550299;0.5821719
933844.5;822353.5;9;0.3542406;0.0011877;22.554575;0.6762053;215.7003174;7.9772921;32.4784355;6.369606;27.2938557;42.227066;9.4501152;0.3997782;2.1716073;4.4147754;0.0244955;225;-0.7071067;0.9643759;0.1387983;0.0006292;1.0301881;0.1338782;0;-0.7071068;0.5359477;0.0681026;10.1300201;29;43.5283279;4.3432217;19.8787422;3.7110078;0.6216252
938305.5;822353.5;5;0.4687871;0.0011439;22.9615479;0.8682759;195.2104187;7.9769382;32.6722221;9.3630457;27.106039;42.2407417;9.4738045;0.3682415;1.9255812;4.6520572;0.0234115;274.3987122;-0.9970545;0.9773899;0.1527128;0.0007713;0.923244;0.1416316;0;0.0766964;-0.2266666;0.0209292;8.4590521;12;45.9198799;4.3291535;19.1989536;4.3921089;0.6657637
942766.5;822353.5;5;0.5925676;0.0010313;29.8720188;6.331212;115.8445816;7.9773331;32.7674141;17.4155521;26.9874897;41.395649;9.0049381;0.3390132;1.729892;4.4727125;0.0232174;288.434906;-0.9486834;0.9671397;0.1976945;0.0007937;0.8880447;0.1553562;0;0.3162274;0.0277778;0.223346;14.3432398;27;45.7030487;4.3336635;19.906559;4.8248806;0.6805203
862468.5;817892.5;15;2.7343917;0.0007116;0;35.7112312;14.1591434;7.985826;34.7953606;47.2777672;10.1656036;38.6928902;4.4205685;0.0100868;0.0280888;5.2159333;0;328.1689148;-0.5274179;0.844645;0.0902799;0;1.4281477;0.3900892;-182;0.849606;-0.0218068;0.7273567;111.4210968;-189;49.0465927;4.0126004;38.3476563;0.502901;0.1304407
866929.5;817892.5;15;2.4869745;0.0006965;0;32.5652351;19.0574627;7.9855599;34.863472;34.8227844;11.8293381;38.6988792;2.9170902;0.0223563;0.0539817;5.2296553;1.80E-06;329.9451904;-0.5008279;0.8356669;0.1011829;0;1.4206115;0.3851492;-122.625;0.8655469;0.0206386;1.2145441;99.3113022;-116;47.0797462;3.9657288;36.9802132;0.5102134;0.1434419
871390.5;817892.5;15;2.2319503;0.0006757;0;29.3280525;26.30093;7.9851284;34.923584;23.3757114;13.4024773;38.7860069;4.6207495;0.0370512;0.0855519;5.316124;4.00E-06;279.2370911;-0.9870325;0.8290904;0.1099671;0;1.4312768;0.3871287;-74.7777786;0.1605207;0.0726834;0.9399074;122.2817993;-38;44.9449577;3.9112244;37.1602898;0.4697168;0.1533057
875851.5;817892.5;11;2.0722022;0.0006296;0.0032794;27.1425114;37.344101;7.9845395;34.9472771;18.1751175;14.219449;38.9074249;5.1313396;0.0779343;0.1893237;5.4362168;0.0001456;172.0792999;0.1378032;0.8248592;0.1091084;0;1.4419422;0.3901534;-42.3333282;-0.9904596;-0.0634921;0.7454597;69.3285217;-57;42.9976311;4.0264578;33.4157333;0.4127526;0.1655954
880312.5;817892.5;14;1.9516855;0.0005732;0.0079091;25.3899975;49.9518509;7.9843879;34.9559784;15.5466051;14.7250566;39.226284;4.4758048;0.1296006;0.3228254;5.2225785;0.0003446;132.4324036;0.7380738;0.8104957;0.1042791;0;1.4526076;0.3783;-44.8888893;-0.67472;-0.1130351;0.5067251;69.6171188;-71;43.3454781;4.102551;32.4311066;0.6395734;0.1894055
884773.5;817892.5;14;1.8008937;0.0004828;0.0145259;22.9761219;67.8290863;7.9843268;34.9180641;12.8420773;15.5739326;39.4809494;5.6216898;0.2115002;0.5435467;5.0290656;0.0010424;311.4237061;-0.7498377;0.7987202;0.0992146;0;1.4632729;0.3679767;-65.6666565;0.6616218;-0.2222223;0.1091767;7.6011701;-71;43.2785378;4.1050715;31.5216541;0.8370136;0.2204777
889234.5;817892.5;14;1.6319366;0.000372;0.0223348;20.1654282;88.8680191;7.9841967;34.8521805;10.0919399;16.6287689;39.6129532;6.1275916;0.3115396;0.8165998;4.9232154;0.0020395;290.0715027;-0.939265;0.7851368;0.094009;0;1.4739383;0.3652529;-56;0.3431929;-0.1081081;0.1777344;12.0185003;-60;44.5776176;4.1692538;31.0970898;0.9421083;0.2459195
893695.5;817892.5;14;1.5554351;0.0003245;0.0240953;18.8904057;98.3629379;7.9840479;34.8001709;8.8479681;17.1065788;39.7257652;5.6206393;0.3567612;0.9399199;4.830667;0.0024838;289.1556091;-0.944631;0.7778643;0.0859528;2.49E-05;1.4682803;0.3639132;-44.8888893;0.3281346;-0.031746;0.1614314;10.9994402;-46;46.6073265;4.13234;30.7775154;1.0329611;0.2686841
898156.5;817892.5;14;1.5571653;0.0003305;0.0207379;18.9147987;98.0898285;7.9837165;34.759903;8.8784447;17.0961323;40.1338654;7.5387626;0.3555984;0.9365426;4.1619358;0.0024602;337.0361938;-0.390149;0.7951663;0.0754844;9.12E-05;1.4354167;0.3365659;-38.3333282;0.9207518;0.231884;0.1028577;7.363574;-33;45.0850105;4.2222886;29.5850315;1.3557805;0.2758649
902617.5;817892.5;14;1.6061471;0.0003681;0.014785;19.7877693;91.5477905;7.9833202;34.7868309;9.4959259;16.6989307;40.6470718;8.612565;0.3169468;0.8283756;3.2881229;0.0019725;40.7946396;0.6533498;0.8134287;0.0756889;0.0001576;1.402553;0.2999616;-41;0.7570561;0.2424242;0.1547823;10.2631998;-33;37.8572655;4.2821689;28.081852;1.7611642;0.285791
907078.5;817892.5;14;1.7109715;0.0004431;0.0057649;21.6636028;77.5970001;7.9830184;34.8931656;10.8071413;15.8446503;40.9588356;8.4958591;0.2339902;0.5963662;2.9654193;0.0009363;4.214179;0.073485;0.830846;0.088507;0.0002239;1.3696893;0.2753039;-43;0.9972963;-0.2;0.1529065;13.1148796;-51;35.3012733;4.2757611;26.7661781;1.998037;0.3025275
911539.5;817892.5;14;1.6165797;0.0004677;0.0242391;20.1631565;86.3969803;7.9827647;34.7695503;10.6056614;16.7589893;41.1679802;8.8630152;0.2241648;0.6175788;2.9234698;0.00267;329.796814;-0.503069;0.8468536;0.0961179;0.0002902;1.3368257;0.2567323;-41.2222214;0.8642462;0.2174941;0.2488812;15.9288502;-31;31.9242592;4.2658548;25.5460281;2.1490645;0.325342
916000.5;817892.5;10;1.1901605;0.0004082;0.0885374;13.0355797;133.1148987;7.9826798;34.2626801;7.8830233;20.6210251;41.4338379;9.2079706;0.3362248;1.0608283;2.8656573;0.0090203;319.2190857;-0.6531684;0.8605455;0.0950504;0.0003566;1.303962;0.2251987;-28.3333302;0.7572126;0.0529101;0.2777011;19.1601391;-25;30.725872;4.2947645;23.8232689;2.5302587;0.3518549
920461.5;817892.5;10;0.8060524;0.0005018;4.0865765;6.9112372;172.7012482;7.9827132;33.7007103;6.1636438;23.8937988;41.7395172;9.0851154;0.4163491;1.4821155;2.7967069;0.0155712;303.690094;-0.8320503;0.8797657;0.0983295;0.0004234;1.2616484;0.1845641;-15.4444399;0.5547003;0.1623932;0.2199281;16.3510895;-7;31.0980587;4.3020878;21.7476158;3.0730591;0.3958871
924922.5;817892.5;6;0.5246999;0.0009668;17.6379871;3.2233212;194.9680634;7.9828682;33.0049248;6.8807497;25.7355137;41.9032021;9.8561516;0.4189156;1.8500652;2.6420918;0.0226092;281.309906;-0.9805806;0.9030219;0.1121647;0.0004933;1.1531857;0.1598514;-2.666667;0.1961164;0.0175439;0.090034;9.5916634;-2;38.9590683;4.3078318;20.2359085;3.473985;0.470826
929383.5;817892.5;5;0.3019785;0.0013373;28.9505062;0.3047599;212.5048218;7.980823;32.4451485;7.441102;27.19277;42.3004875;6.3533711;0.4199104;2.1376252;3.2267692;0.0280853;240.7807007;-0.8727582;0.9392582;0.1239684;0.0005633;1.044723;0.138748;0;-0.4881529;-0.2881944;0.1085139;10.1956196;-3;41.9541435;4.2835784;19.2606354;3.8374734;0.5833797
933844.5;817892.5;5;0.3911734;0.0012698;21.8395119;0.3459579;210.1826782;7.9795308;32.5861855;7.4702525;27.3589764;42.4470825;9.4034786;0.424794;2.1164095;3.6669877;0.0263681;218.9909973;-0.6291983;0.9678264;0.1378545;0.0006748;0.9492483;0.1356606;0;-0.7772448;-0.2152778;0.0867399;8.2521973;4;42.8792152;4.3063846;18.4773579;4.4713273;0.6167664
938305.5;817892.5;5;0.5641719;0.0012035;26.8191967;1.3671744;116.6473694;7.9787183;32.7820511;16.052639;27.0685425;42.2424278;8.7118225;0.376671;1.8497924;4.346611;0.0228332;274.4971924;-0.9969212;0.974825;0.1380914;0.0007307;0.8803941;0.1337937;0;0.0784097;-0.1644444;0.1433032;14.4204903;13;42.8049049;4.3385196;17.0860786;5.0415354;0.6682155
942766.5;817892.5;5;0.7749928;0.0009888;25.4511967;7.539957;78.5884628;7.9792356;32.5382347;19.5292664;27.0224228;40.0638542;8.9325199;0.3422262;1.6982583;3.9279711;0.0241992;282.0613098;-0.9779246;0.9563747;0.2026523;0.0008529;0.8519497;0.1566739;0;0.208958;-0.0244565;0.1920466;17.2296104;29;41.7405548;4.3785472;18.0950375;4.9934263;0.6471344
858007.5;813431.5;15;2.7597961;0.0007061;3.75E-05;35.8334923;12.7631502;7.9869823;34.7753944;46.1910629;10.1595812;39.0403938;6.2202754;0.0160805;0.0447202;4.8355813;2.64E-05;287.2984009;-0.9547689;0.8589954;0.0878784;0;1.4711808;0.3639793;-207.1667023;0.2973489;-0.2509747;1.3817101;117.547699;-293;51.3770523;3.9993718;36.1523552;0.7496202;0.1741212
862468.5;813431.5;15;2.3868239;0.0006972;8.04E-05;31.2018871;16.8945026;7.9867492;34.9348602;28.21558;12.8779945;39.069809;5.7728453;0.0293965;0.0729589;4.8393192;5.65E-05;289.0867004;-0.945025;0.8518463;0.112041;0;1.42966;0.3567229;-132.125;0.3269979;0.1047297;0.9816794;75.2934875;-105;47.1365967;3.907697;34.8822708;0.7702155;0.189182
866929.5;813431.5;15;2.1864178;0.0006654;0.0003539;28.6571789;27.4794903;7.9865155;34.9673347;21.1441269;13.8370571;39.0992279;3.2836363;0.0498649;0.1205402;4.8430572;0.0001097;301.2637024;-0.8547874;0.8468831;0.1070436;0;1.4125938;0.3494665;-87.8888931;0.5189783;0.3476702;0.4206391;43.7986412;-34;47.194706;3.9432361;33.6121864;0.7908106;0.2036496
871390.5;813431.5;11;2.0314238;0.0006276;0.0006881;26.6616554;39.7628059;7.9861465;34.9663925;16.9421558;14.3331337;39.069252;4.9061956;0.0722154;0.1732118;4.95046;0.000169;180;-1.00E-07;0.8399004;0.0943726;0;1.4102004;0.3564776;-67.4444427;-1;-0.0433604;0.057787;24.0652409;-71;43.3707924;3.9732795;32.3342056;0.7235314;0.2174206
875851.5;813431.5;11;2.007556;0.0006279;0.0013627;26.362545;41.1998672;7.9847798;34.9659729;16.2748222;14.4415312;39.2614822;4.5774488;0.0745845;0.1793974;5.0288658;0.0002247;0;0;0.8344797;0.0958555;0;1.4078069;0.3347177;-61.6666718;1;-0.4365079;0.0064208;14.3449602;-80;41.9258118;4.0186858;29.908638;0.855024;0.2307119
880312.5;813431.5;11;2.0376811;0.0006438;0.0021776;26.7619591;38.170826;7.9839773;34.9657707;17.0629292;14.3902969;39.5295563;4.5823851;0.0687259;0.1664417;4.987977;0.0002789;338.1986084;-0.3713911;0.8269783;0.1031664;0;1.4054135;0.3418427;-60.7777786;0.9284765;-0.2621082;0.1555959;12.4345198;-71;45.9192314;4.023613;29.4480667;0.9930472;0.2523726
884773.5;813431.5;14;1.8760887;0.0005474;0.0145835;24.0753269;58.204834;7.9851489;34.8816452;14.6625166;15.4325266;39.8623886;8.0624714;0.1580436;0.4147752;4.6194983;0.0012951;333.2084961;-0.4507454;0.806882;0.1022555;0;1.40302;0.3380933;-56.5555611;0.8926526;-0.0451388;0.1816206;12.1207895;-58;46.6356735;4.1749635;28.8126621;1.155516;0.2754668
889234.5;813431.5;14;1.5994656;0.0003837;0.0339439;19.5370674;92.0766678;7.9850359;34.7471695;10.3489943;17.1308346;40.0127716;7.4209151;0.3044669;0.8198822;4.480412;0.0028885;316.4143982;-0.6894373;0.7921464;0.0964113;0;1.4006265;0.3373141;-49;0.7243453;-0.0731707;0.1839325;11.8977098;-52;45.243454;4.1701908;28.6404762;1.2219148;0.2954134
893695.5;813431.5;14;1.4834001;0.0003121;0.035685;17.6197529;106.4657898;7.9848757;34.6993561;8.4292059;17.821064;40.1695175;8.0579395;0.3714532;1.001088;4.3343806;0.0034779;300.0686035;-0.8654264;0.7869158;0.0856268;2.69E-05;1.3865951;0.3379396;-40.7777786;0.501036;0.0522876;0.1409647;10.1409798;-39;40.8499413;4.2381821;28.3558426;1.2809749;0.3094671
898156.5;813431.5;14;1.5031909;0.0003185;0.0225174;17.9201641;104.3695221;7.9845829;34.7248764;8.5348864;17.6583042;40.5558548;9.6624565;0.3712234;0.992839;3.5063658;0.0032179;259.6951904;-0.9838699;0.7985102;0.0706621;9.86E-05;1.3531668;0.3152255;-35.1111107;-0.1788854;0.4555555;0.0358932;5.8584118;-26;38.6643829;4.2310238;27.1578922;1.6778836;0.3161742
902617.5;813431.5;14;1.5682868;0.0003694;0.0169095;19.0710869;95.6677246;7.9842429;34.7700882;9.3665895;17.1444244;41.0239067;9.4642401;0.3218196;0.8564385;2.435611;0.0026685;63.4349518;0.8944272;0.8187461;0.0700371;0.0001703;1.3197385;0.2842041;-35.1111107;0.4472136;0.1152263;0.0502505;7.8094592;-32;34.9290123;4.3310614;25.6348648;2.1950436;0.3205925
907078.5;813431.5;14;1.6869248;0.0004728;0.0202359;21.2271595;79.1593857;7.9839787;34.8385696;11.0563202;16.2155857;41.3200073;8.9244871;0.214301;0.568586;2.0138459;0.0017772;333.1037903;-0.4523761;0.8388807;0.0863592;0.0002421;1.2863102;0.2612737;-31.7777805;0.8918272;-0.2222222;0.1241925;9.7727261;-40;32.3907013;4.2931314;24.4536304;2.5425992;0.3319866
911539.5;813431.5;14;1.5391952;0.0005187;0.3289208;18.9947586;92.5998611;7.9837527;34.5872879;10.7833443;17.5509739;41.5285149;9.1124458;0.1980049;0.6100536;1.9226984;0.0046313;312.3973999;-0.7384858;0.8580159;0.0990268;0.0003138;1.252882;0.2424649;-28.1111107;0.6742691;0.057057;0.1499801;10.6086397;-26;32.5512581;4.3013077;23.4465179;2.8037524;0.3549639
916000.5;813431.5;10;0.9475192;0.0004687;1.1465366;9.4482288;155.9550171;7.9837122;33.8030624;7.2391891;22.6600761;41.7351074;9.3024921;0.3337464;1.2003882;1.8323685;0.0137276;288.0198059;-0.9509499;0.8753048;0.1056033;0.0003855;1.2194537;0.2126385;-16.5555592;0.309345;-0.0814815;0.1401029;10.2210102;-19;30.3748207;4.2985592;21.9819355;3.2537866;0.3843814
920461.5;813431.5;6;0.4966257;0.0005717;7.3351364;2.3545084;202.2108765;7.9838014;33.1132736;5.1060839;26.4039383;41.9403572;11.0242558;0.4263526;1.6830356;1.7426125;0.02107;279.8335876;-0.9853081;0.8969131;0.1132123;0.0004569;1.1769668;0.1750761;-9.5555553;0.1707867;0.2731481;0.1221845;9.27495;-3;30.1392136;4.3150849;20.1961517;3.8364389;0.4252419
924922.5;813431.5;1;0.3876323;0.0010464;26.5675545;1.2176071;206.9398804;7.9839602;32.652832;6.3998127;26.8322182;42.0459137;10.3341751;0.4142014;1.9041572;1.6161386;0.024153;293.1986084;-0.9191452;0.9330248;0.1233288;0.0005258;1.0710696;0.1464532;-1.222222;0.3939191;-0.1367521;0.0488992;3.9094689;-3;37.5723915;4.3195415;19.0619564;4.2960758;0.4926836
929383.5;813431.5;1;0.3481559;0.0013385;26.6580868;0.383638;216.4094849;7.9803376;32.6913452;6.5469112;27.3354721;42.500885;9.3100529;0.4073615;2.1353366;1.767107;0.02164;294.4440002;-0.9103664;0.9538785;0.1357358;0.000612;0.9298177;0.1370125;0;0.4138031;0.1503268;0.0969781;6.3789778;6;43.8146362;4.323967;18.8708763;4.3254032;0.5654672
933844.5;813431.5;5;0.5322668;0.0013011;24.6206627;0.7421417;168.9155731;7.9816394;32.7370567;7.8220377;27.3056545;42.4971657;9.2002048;0.4229976;1.9564618;2.9656687;0.0223574;310.4260864;-0.7612431;0.9722326;0.1387284;0.0006795;0.8610787;0.1346249;0;0.6484666;0.3071896;0.0569335;5.159194;13;44.7195282;4.3256445;16.9215679;4.8446937;0.6743684
938305.5;813431.5;5;0.6254827;0.0012164;28.419302;2.1872635;67.7349472;7.9787073;32.7843666;16.8108215;26.8483467;41.9475174;9.5371265;0.3776487;1.7829568;3.5121624;0.0260296;259.5484009;-0.9834084;0.9652864;0.1455756;0.0007508;0.8259132;0.1529665;0;-0.1814055;-0.1625;0.168124;15.1775904;10;41.464386;4.3497629;16.9012985;5.3520689;0.6582732
853546.5;808970.5;15;2.8788714;0.0007137;0;36.9910049;6.8349867;7.9882908;34.7261009;49.6619263;9.6441908;39.1819725;5.3068552;0.0049218;0.0201626;4.7565885;0;299.9927063;-0.8660889;0.8711197;0.0861571;0;1.5215111;0.3561091;-267.5;0.4998901;-0.4737654;1.656463;109.0959015;-421;50.7737846;4.0013561;36.6788521;0.7257731;0.2176052
858007.5;808970.5;15;2.4851289;0.0006366;0.0003377;31.9106216;26.3498058;7.9879146;34.8251152;35.217392;11.9157839;39.4010048;3.6148729;0.0729752;0.1904297;4.6189542;0.0002372;286.3768921;-0.9594278;0.8664611;0.1066246;0;1.4763417;0.3318447;-189.5;0.2819543;0.0927978;1.639166;124.2195969;-156;49.117897;3.9696352;33.1500435;0.9863897;0.2384955
862468.5;808970.5;14;2.0543439;0.0005481;0.0007237;26.3863125;49.1581993;7.9877148;34.9301147;20.1327286;14.3178959;39.4494514;7.482141;0.1507096;0.3850083;4.6178994;0.0005084;300.4538879;-0.8620368;0.8636708;0.1284389;0;1.4311724;0.3231868;-108.3332977;0.5068458;0.1132561;0.8043722;72.7033463;-79;43.738739;3.9645951;31.7918701;1.0132538;0.2586273
866929.5;808970.5;14;1.8818414;0.0005038;0.003185;24.027319;61.5104637;7.9875145;34.916832;15.1321564;15.264411;39.4978943;6.1661315;0.1898899;0.4901725;4.6168447;0.0009629;262.5686035;-0.9916004;0.8585315;0.124447;0;1.4045762;0.314529;-70.2222214;-0.1293392;-0.2081377;0.0744644;18.5698509;-85;51.9267311;3.9820056;30.4336948;1.040118;0.2751274
871390.5;808970.5;14;1.777308;0.0004711;0.0061925;22.5013008;71.1111145;7.987628;34.8724174;12.7852917;15.8278751;39.730175;6.1025872;0.2189243;0.5718067;4.6013641;0.0014657;309.1932983;-0.7750188;0.8508687;0.113664;0;1.3891239;0.3024149;-60.1111107;0.6319382;-0.2170139;0.1346257;20.1187801;-74;46.097126;4.060586;28.8126965;1.1300991;0.2819707
875851.5;808970.5;14;1.7299852;0.0004759;0.0122645;21.660429;75.8048782;7.9859953;34.8581696;12.2622805;16.3072147;40.0087929;9.3808947;0.2293103;0.6080504;4.7330213;0.0019718;329.4818115;-0.5078125;0.8444453;0.1142274;0;1.3736717;0.315069;-53.3333282;0.8614676;0.0196078;0.3540273;22.8327293;-52;42.7388535;4.1487446;26.5848904;1.2140752;0.293097
880312.5;808970.5;14;1.7062197;0.0004962;0.0195983;21.101675;78.4781647;7.9852805;34.8563423;12.4902668;16.751915;40.1601563;9.8026056;0.2320176;0.6256039;4.6596069;0.0024792;351.6419067;-0.1453589;0.8370311;0.1194629;0;1.3582194;0.3204945;-45;0.989379;0.0588235;0.3423279;21.7102108;-41;43.7527428;4.21629;26.4189949;1.2969346;0.3092055
884773.5;808970.5;14;1.5159172;0.0004372;0.0748991;18.0087471;99.6145859;7.9861059;34.6671982;10.7566252;18.2875004;40.3706055;10.0387583;0.2761481;0.7890657;4.3719974;0.0044562;0.4006633;0.0069928;0.8166577;0.1213669;0;1.3427671;0.3043909;-42.1111107;0.9999756;-0.0659134;0.2295472;16.6095295;-46;43.1797295;4.2448959;26.533226;1.5525399;0.3291541
889234.5;808970.5;10;1.2256924;0.0003306;0.15898;13.3953161;131.8289032;7.9859262;34.3656578;7.8460069;20.4776173;40.5109138;10.5817537;0.3451327;1.0400727;4.2286377;0.007315;332.3540039;-0.464007;0.8055369;0.1212721;0;1.3273149;0.3083139;-40.6666718;0.8858315;0.0490196;0.1141607;9.8770218;-39;43.3710594;4.3010783;26.3832111;1.5837181;0.3394077
893695.5;808970.5;14;1.1820205;0.0002985;0.1486836;12.6586742;137.5304565;7.9857659;34.3615646;6.9779763;20.7008724;40.6977692;9.5558701;0.3781784;1.1240892;4.0566015;0.0074282;177.2736969;0.0475653;0.8041167;0.1047927;2.89E-05;1.3049098;0.3114194;-40.3333282;-0.9988681;0.3333333;0.0337473;9.1530199;-30;36.8489647;4.2758255;26.1764889;1.6225303;0.3526581
898156.5;808970.5;14;1.3469706;0.0003293;0.0585294;15.2023945;120.7981415;7.9855127;34.6091576;7.8382897;19.259861;41.0164337;7.2232981;0.3808143;1.0668063;3.1293318;0.0052182;174.2893982;0.0995037;0.8124502;0.0744495;0.000106;1.2709169;0.2916961;-38.8888893;-0.9950372;-0.1003584;0.1290558;8.949791;-42;32.9318047;4.2996922;25.1044273;2.0718327;0.3557426
902617.5;808970.5;14;1.3713253;0.0003661;0.0517462;15.6878176;117.0521164;7.9852266;34.5976791;8.2736139;19.0406685;41.3820152;7.064044;0.3611403;1.0253848;1.9332504;0.0054222;231.842804;-0.7863182;0.82364;0.0675159;0.0001831;1.2369241;0.2638473;-36.2222214;-0.6178216;0.0359477;0.1143185;10.7680397;-35;32.2543907;4.2879753;23.7243633;2.6672418;0.359729
907078.5;808970.5;14;1.229522;0.0004098;0.1434923;13.7407084;128.6535034;7.985034;34.2800217;8.2066774;20.2654476;41.6196709;7.7664242;0.3151001;1.0027083;1.4501057;0.0084791;290.1575928;-0.9387482;0.8434131;0.0882484;0.0002602;1.2029312;0.2423567;-28.5555592;0.3446038;0.1380471;0.1350843;10.2860298;-24;31.4757519;4.292603;22.664032;3.1088269;0.3683573
911539.5;808970.5;2;1.0086863;0.0005433;2.6364815;10.5256224;148.6235657;7.984889;33.8452797;7.8757052;22.0576992;41.79216;9.0344448;0.3105272;1.1471481;1.3301551;0.0127936;323.8806152;-0.5894695;0.8657112;0.1044061;0.0003373;1.1689383;0.2241052;-22.6666698;0.8077906;0.3333333;0.0735242;7.1492028;-14;31.4087067;4.3122954;21.7665844;3.472049;0.3863419
916000.5;808970.5;1;0.6561301;0.0008264;9.1315422;5.1972432;182.5414429;7.9848461;33.2154007;7.1046729;24.7957382;41.969677;7.1077957;0.3750665;1.5701147;1.2236073;0.0192041;279.9042053;-0.9850968;0.8871292;0.112939;0.0004144;1.1349454;0.1963135;-13.6666698;0.172001;-0.3733333;0.1026571;8.8944426;-23;34.0042763;4.2906508;20.5273914;3.9972336;0.414106
920461.5;808970.5;1;0.3918368;0.0010836;17.6617832;1.2691147;207.1480713;7.9848742;32.7039185;6.6851692;26.7956123;42.1507225;7.3991618;0.4186246;1.899267;1.1264699;0.0241512;284.3226929;-0.9689177;0.9084128;0.1208388;0.0004904;1.0922852;0.1618233;-6;0.2473832;0.1190476;0.1557283;12.1106005;-1;34.3533325;4.303607;19.0482502;4.636137;0.4597772
924922.5;808970.5;1;0.3418963;0.0012776;31.1346016;0.7415968;209.1416779;7.9847951;32.4799652;7.1193767;27.0028019;42.2047157;6.9715619;0.411228;2.0005841;1.1196601;0.0255445;324.4623108;-0.5812383;0.9432057;0.1272011;0.0005582;0.9889534;0.1369243;0;0.8137334;-0.3131313;0.1104671;8.2117052;-3;39.2675552;4.2629113;18.3003368;4.9595208;0.5348278
929383.5;808970.5;1;0.3927386;0.0014425;29.3202591;0.2403129;216.5862122;7.9825997;32.7426491;6.7840934;27.3400192;42.5303497;8.696907;0.3982235;2.1249893;1.1005518;0.0214823;315;-0.7071069;0.9694352;0.1426026;0.0006532;0.8862789;0.1392866;0;0.7071066;-0.2020202;0.1089641;8.0292673;5;42.6603966;4.2959266;17.5893631;4.8384647;0.5845472
933844.5;808970.5;1;0.5999467;0.0013496;27.5128918;0.6637986;74.5208511;7.9838924;32.8733788;12.6174431;27.2072849;42.3857193;9.8820038;0.4421381;1.8992434;1.1532444;0.0196284;332.7446899;-0.4579568;0.9777371;0.1425919;0.0007147;0.8230977;0.1396565;0;0.8889744;0.0701754;0.0595871;5.7735028;14;44.86092;4.3632579;15.7483463;5.4355016;0.6227852
938305.5;808970.5;5;0.7452838;0.001188;30.2758465;4.8182373;60.3527794;7.9823351;32.683239;28.2591343;26.8542118;37.8200073;8.9465847;0.3396308;1.7786901;2.6923919;0.0229006;235.0079956;-0.819232;0.9650476;0.1608439;0.0008162;0.7909893;0.1766877;0;-0.5734622;-0.2608696;0.0391878;14.6872101;8;41.0613403;4.4128938;15.3290615;5.3786182;0.589043
849085.5;804509.5;12;2.8858373;0.0007128;0;37.1012001;7.308507;7.9896269;34.7212029;50.1149864;9.5545549;39.1375961;5.1326184;0.0057769;0.0221867;4.8508148;3.00E-07;345.839386;-0.2446409;0.8798476;0.0830399;0;1.5791384;0.3477093;-278;0.9696137;-0.1864407;1.075948;102.4141998;-333;48.4760323;4.0549335;37.8060455;0.7067527;0.2628599
853546.5;804509.5;12;2.6601503;0.0007116;0;33.9423599;5.0721726;7.9892545;34.8179665;36.7144547;11.5701694;39.4581871;4.5124807;0.0071971;0.0244418;4.7026482;7.00E-07;319.0168152;-0.6558381;0.8785272;0.1043819;0;1.5303205;0.3228439;-208.25;0.7549016;-0.2733051;1.749452;119.4997025;-305;48.6764717;4.0341253;33.9704361;0.9601506;0.2907225
858007.5;804509.5;11;2.2086742;0.0005682;0.000697;27.9661942;40.4533272;7.9888902;34.8733597;24.4212914;13.6813545;39.7691116;8.086607;0.1294097;0.3359154;4.5600224;0.0004937;299.1708984;-0.8731696;0.87871;0.1247715;0;1.4815025;0.2985698;-150;0.4874165;0.1387435;1.688958;121.6725998;-97;47.0072517;3.9675043;30.2256927;1.205012;0.3123569
862468.5;804509.5;14;1.7249423;0.0004043;0.0014935;21.587553;81.2084122;7.9887252;34.9228439;12.2863216;15.8061924;39.8319511;9.5550632;0.2688784;0.6915631;4.5596323;0.0010571;323.0046997;-0.6017491;0.8762275;0.1450252;0;1.4326847;0.2894723;-76;0.7986852;0.1322314;0.4401367;34.0228691;-60;44.3501015;4.0257931;28.8132687;1.2307714;0.332857
866929.5;804509.5;14;1.5776302;0.000348;0.0070093;19.3791313;95.4442444;7.9885597;34.8590584;9.3026705;16.7593079;39.8947906;9.6391792;0.3252988;0.8515334;4.5592418;0.0019361;354.1361084;-0.1021653;0.8706097;0.1420721;0;1.3965585;0.2803748;-58.3333282;0.9947674;-0.1369048;0.2985203;18.9267597;-66;52.0368156;4.175065;27.4008446;1.2565308;0.3406441
871390.5;804509.5;14;1.5188494;0.0003198;0.013767;18.2681351;102.7013321;7.9884267;34.7654648;8.7272596;17.4040775;40.2672501;9.8703232;0.3598644;0.9600096;4.5462785;0.0028982;321.1411133;-0.6274043;0.8619311;0.133012;0;1.3680474;0.2663986;-48.5555611;0.7786937;-0.1388889;0.3607392;22.8575802;-58;46.9051666;4.1915741;26.3766079;1.3762901;0.3515294
875851.5;804509.5;14;1.4468629;0.0003328;0.0499393;16.8877029;110.6799927;7.9882464;34.7289162;8.3543653;18.2465229;40.7924004;10.9393673;0.3788468;1.032562;4.527905;0.0039849;315.3745117;-0.7024702;0.8504997;0.1320924;0;1.3395363;0.2470515;-34;0.7117132;0.1805556;0.3473266;22.4598408;-21;38.8742447;4.2140384;25.3674965;1.5448487;0.3601834
880312.5;804509.5;14;1.3694388;0.0003628;0.0982235;15.396328;118.9557724;7.9875937;34.7158508;8.0648594;19.1703682;40.9068375;11.0958271;0.3914125;1.0903224;4.4180737;0.005123;355.5444031;-0.0776865;0.8407865;0.1345248;0;1.3110253;0.259117;-24.4444408;0.9969779;0.2488889;0.2479477;17.0039902;-12;43.1455116;4.2832699;24.8064404;1.7918745;0.3728439
884773.5;804509.5;10;1.1578132;0.0003387;0.1831679;12.0084658;140.536087;7.9870725;34.4342155;6.9930139;21.1263142;40.9423523;10.8931284;0.3918426;1.1674676;4.3291063;0.0078948;25.0620098;0.4235989;0.8356838;0.1391066;0;1.2825142;0.2713049;-25.1111107;0.9058499;0.0252525;0.2463108;15.3799601;-24;38.1630936;4.3317828;24.3021812;1.9775977;0.3829324
889234.5;804509.5;10;0.8656667;0.0002823;0.2901084;7.4827123;170.0991211;7.9868703;33.9914322;5.4517641;23.701519;41.1124115;10.9612198;0.3849913;1.2562437;4.1776896;0.0116468;43.1221199;0.6835557;0.8271349;0.144978;0;1.2540032;0.2781978;-31.8888893;0.7298984;-0.100271;0.1385495;12.5737305;-36;36.5720863;4.3480258;24.0920601;2.0317233;0.3909854
893695.5;804509.5;10;0.8968501;0.0002856;0.2520324;7.962563;166.9301605;7.9867215;34.0378685;5.6059213;23.4292355;41.314846;8.0461168;0.384408;1.2396979;4.0085349;0.0111552;100.0080032;0.9847836;0.8239034;0.1233051;3.09E-05;1.2232246;0.2843245;-39.4444389;-0.1737853;-0.0709877;0.1108397;9.4529371;-42;34.6627197;4.3170829;23.9498177;2.0624247;0.3968972
898156.5;804509.5;14;1.2016205;0.0003395;0.0912502;12.6779251;136.0648804;7.9865093;34.4982567;7.1946535;20.7475376;41.5175896;7.0114264;0.3891284;1.1340338;3.0451181;0.0070727;198.4349976;-0.3162277;0.8354146;0.0783253;0.0001134;1.1886671;0.2658653;-40.7777786;-0.9486833;-0.5232975;0.0152282;8.7784805;-57;34.8730927;4.3122621;23.0333996;2.5413122;0.4011492
902617.5;804509.5;14;1.1851993;0.0003675;0.1515311;12.5058146;137.1893463;7.9862742;34.4280205;7.2630472;20.8187237;41.7204399;7.0910039;0.3979667;1.1868182;1.7989978;0.0080579;284.3699951;-0.9687133;0.8410454;0.0653047;0.0001959;1.1541096;0.2386551;-34.1111107;0.2481824;-0.2685185;0.2005007;14.0352297;-47;36.085453;4.2904325;21.8414288;3.1797235;0.4016306
907078.5;804509.5;10;0.7891881;0.000365;0.4730684;6.557601;176.1199036;7.9861894;33.7306747;5.534678;24.143322;41.8546753;10.0155706;0.4116716;1.4268601;1.2940874;0.015032;295.4841003;-0.9027046;0.8471929;0.0900541;0.0002784;1.119552;0.2183024;-21.7777805;0.4302609;-0.0271605;0.1902673;12.8389797;-23;37.3480034;4.3070655;20.9256172;3.6978312;0.4076028
911539.5;804509.5;1;0.4962685;0.0005856;5.1180129;2.3669312;202.5388336;7.9861817;33.1177368;5.1496539;26.3923931;41.9539566;9.7276087;0.4187791;1.6729913;1.1667746;0.0207914;345.7355042;-0.2463992;0.8678757;0.1094218;0.0003608;1.0849946;0.2014432;-14.7777796;0.9691684;-0.0555556;0.0977192;7.996913;-16;36.1011887;4.3246841;20.1504898;4.1546521;0.4242213
916000.5;804509.5;1;0.3751683;0.0011783;16.9686356;1.1055011;208.1050873;7.9860864;32.6454773;7.0035377;26.8489265;42.1341248;9.2988758;0.4148912;1.9292716;1.0611444;0.0245264;321.34021;-0.6246952;0.892824;0.1198203;0.0004433;1.0504371;0.1760307;-9.2222223;0.7808687;-0.4444444;0.1027825;8.1891222;-19;31.5070534;4.3326163;19.1106491;4.761622;0.4561608
920461.5;804509.5;1;0.2913073;0.0015764;27.625391;0.2282425;211.8699341;7.98593;32.3117142;8.204422;27.1709652;42.3710938;9.5283909;0.4113108;2.106883;0.9707379;0.027107;286.9274902;-0.9566738;0.9178048;0.1279997;0.0005238;1.0076034;0.1446127;-2.1111109;0.2911619;0.0026455;0.1929567;12.90516;-2;34.451004;4.2828393;17.8849449;5.4740152;0.5098823
924922.5;804509.5;1;0.3232675;0.0015495;27.6710987;0.2253833;217.7897339;7.9802976;32.6146202;6.5093718;27.3711491;42.559597;8.6444321;0.397402;2.1280391;0.8441676;0.0234826;306.0851135;-0.8081431;0.9569006;0.1351373;0.0006865;0.8885667;0.1492602;0;0.5889861;0.5606061;0.11719;8.8065634;19;37.6513977;4.3045735;17.0384026;5.6034327;0.5810277
929383.5;804509.5;1;0.5208305;0.0015142;26.3062325;0.2482289;200.1182251;7.9841757;32.410614;7.2543664;27.2945862;42.5172653;9.5721874;0.3963156;2.095701;0.7373582;0.0238991;329.3493042;-0.5098022;0.9726305;0.1249128;0.0007026;0.8308991;0.1420428;0;0.8602917;0.0614035;0.100757;9.7638788;17;41.7141953;4.3301072;16.7134705;5.5564976;0.6377873
933844.5;804509.5;1;0.6964579;0.0013363;28.6912613;0.5569512;98.738945;7.9841766;32.8656578;11.2784052;27.1824799;40.8087311;9.0899591;0.3530963;1.8648921;0.8549068;0.0225891;336.3706055;-0.4008185;0.9751367;0.1547816;0.0008523;0.805588;0.1487143;0;0.9161575;-0.0074074;0.1121339;8.6123657;17;41.5673828;4.3580894;14.7531452;5.9324989;0.6210386
831241.5;800048.5;16;2.9103305;0.0007084;0;37.5469322;9.1317835;7.9915977;34.6995163;53.2026367;9.1755085;38.6394272;5.1763368;0.0050936;0.0204565;6.034081;0;349.4873962;-0.1824524;0.8584157;0.0871051;0;1.7706965;0.3848363;-196.6000061;0.9832147;-0.4328125;0.6334222;53.2187881;-252;47.2869568;4.0697613;45.4363785;0.1019784;0.1992173
835702.5;800048.5;12;2.8302355;0.000713;0;36.5656891;7.6522598;7.9913135;34.7264977;47.7151031;9.9843626;38.9135475;5.2148223;0.0056791;0.0208505;5.7866454;0;10.5915298;0.183806;0.8664395;0.0777392;0;1.7659755;0.3567302;-202.1667023;0.9829625;-0.2968164;0.8033916;70.8176422;-255;46.7432404;4.1052175;41.9600677;0.284234;0.232237
840163.5;800048.5;12;2.8304501;0.000713;0;36.5649338;7.6374407;7.9910417;34.7262383;47.717907;9.9844379;39.1544914;5.1793294;0.0056812;0.0208515;5.5171518;0;20.3200893;0.3472645;0.8750473;0.0759724;0;1.6965295;0.3323316;-226.5;0.9377672;-0.4025641;1.049167;76.7566528;-305;47.3425255;4.1107769;38.8062325;0.4738767;0.2667397
844624.5;800048.5;12;2.8306646;0.000713;0;36.5641785;7.6226215;7.9908218;34.7259789;47.7207108;9.9845123;39.2516556;5.4477224;0.0056834;0.0208525;5.1520734;0;335.3103027;-0.4177042;0.8832023;0.0742057;0;1.644063;0.3239993;-229.1428986;0.908583;-0.4574244;1.052835;83.6342773;-322;46.77845;4.0770378;37.0497856;0.6955299;0.2973095
849085.5;800048.5;12;2.5694427;0.0006847;0;33.1226616;17.8141842;7.9905853;34.8125496;37.0676346;11.4914074;39.3744164;4.2671447;0.0275544;0.071151;4.8119559;8.30E-06;325.881012;-0.5609143;0.8865166;0.0846168;0;1.5915965;0.3139187;-211.75;0.8278739;0.2123431;1.070168;90.5645523;-161;46.379528;3.9827616;35.0558281;0.9271435;0.3334455
853546.5;800048.5;12;2.296854;0.0006552;0;29.5315456;28.449501;7.9902139;34.9028969;25.9512558;13.063817;39.6990662;6.5812159;0.0503763;0.1236363;4.6687527;1.69E-05;322.7394104;-0.605441;0.8905423;0.0955574;0;1.53913;0.2900453;-150.8889008;0.7958902;0.0855288;1.365152;96.0271301;-126;44.5392456;3.9410942;31.188179;1.237334;0.3609829
858007.5;800048.5;14;1.8911097;0.0005255;0.0024154;23.5260086;66.4447479;7.989851;34.887661;17.709362;15.6624088;40.0157471;10.3066845;0.1752617;0.476252;4.5308199;0.0017982;306.2337036;-0.8066123;0.8919197;0.129134;0;1.4866635;0.2666763;-94.3333435;0.5910808;0.0955711;0.9829852;80.8235397;-67;43.1003952;4.0140185;27.4123726;1.5387601;0.3843487
862468.5;800048.5;13;1.466343;0.0003815;0.0051759;17.1755562;108.3485489;7.9897108;34.8573456;9.878109;18.4076004;40.1279831;10.3449087;0.3147276;0.8717435;4.5281596;0.0038326;326.2434998;-0.5556642;0.8895803;0.1659443;0;1.4341969;0.2562569;-47.6666718;0.8314068;0.09319;0.3842028;26.4407101;-39;43.6757774;4.1415758;25.9938946;1.6152337;0.4005505
866929.5;800048.5;13;1.2818125;0.0003239;0.033677;14.309454;127.1427231;7.9895706;34.6340866;7.6703033;19.8077087;40.2402191;11.0920401;0.354537;1.022651;4.5254998;0.0056692;350.2001953;-0.1702067;0.8831692;0.1647969;0;1.3885409;0.2458375;-34.7777786;0.9854084;-0.0035273;0.3583673;22.1298103;-35;45.157505;4.2635384;24.5754185;1.6917073;0.4143826
871390.5;800048.5;10;1.1605022;0.0002891;0.068952;12.3602867;139.8554077;7.9891257;34.3600502;6.9423528;20.8538475;40.5470695;10.9419689;0.368121;1.1091942;4.5254002;0.0074536;337.4020996;-0.3842609;0.8729088;0.1536608;0;1.3469709;0.2378403;-26.7777805;0.9232246;-0.0352734;0.3216529;21.47752;-29;41.9335442;4.2842565;23.7065449;1.785462;0.4274774
875851.5;800048.5;10;1.0360529;0.0003931;0.7033945;10.4909697;151.7673492;7.9886689;34.1063118;6.852869;21.8792171;40.8615036;10.8953562;0.4090264;1.3618224;4.5254002;0.0121169;312.0184937;-0.7429284;0.8612455;0.1382973;0;1.3054011;0.2299376;-16.8888893;0.6693709;-0.0019841;0.2182228;16.9734707;-17;41.8718262;4.2168531;22.8590851;1.87989;0.4390237
880312.5;800048.5;10;0.9103112;0.0005541;1.584553;8.6545324;163.3495789;7.9883356;33.8609314;7.0262842;22.8960361;41.0927963;10.262578;0.4611817;1.6828384;4.4237785;0.0179657;334.2900085;-0.4338159;0.861939;0.1211931;0;1.2638311;0.2339621;-10.4444399;0.9010016;0.3838384;0.0962045;7.9876451;-2;39.2018394;4.3131328;22.3649597;2.1657667;0.4468596
884773.5;800048.5;10;0.8472643;0.0005101;1.3943607;7.5330396;170.2277679;7.988018;33.7749977;6.5018277;23.59342;41.313549;11.1117411;0.4521035;1.6404302;4.3092752;0.0177145;41.905941;0.6679097;0.8618206;0.1252953;0;1.2222613;0.2394986;-12.7777796;0.7442423;0.2287582;0.1682312;11.2029495;-5;39.338089;4.3371525;21.9156227;2.4759116;0.4450886
889234.5;800048.5;10;0.8218344;0.0003431;0.5613576;6.8405128;174.2835236;7.9878416;33.7847366;5.5586481;24.0991421;41.5081596;11.1064281;0.4062851;1.3799673;4.1582589;0.0138032;49.3987007;0.7592566;0.8518549;0.1421214;0;1.1806914;0.2476664;-22.6666698;0.6507914;0.0406504;0.2367852;14.4683599;-21;38.5043106;4.3365455;21.7526474;2.5491502;0.4467306
893695.5;800048.5;10;0.9844869;0.0002912;0.1334337;9.3607044;158.0358124;7.9876971;34.0382729;6.0548854;22.6743279;41.6967392;10.7793789;0.3792386;1.1852793;3.9988165;0.0097488;32.8631706;0.5426347;0.8431809;0.1267852;3.29E-05;1.1415393;0.2564413;-32.1111107;0.8399688;-0.2529551;0.2159439;15.1249905;-44;35.5833626;4.3415251;21.6557541;2.5677183;0.4495943
898156.5;800048.5;14;1.3062861;0.0003368;0.0482693;14.599349;124.6082687;7.9875288;34.4981079;7.7690902;19.615984;41.8169365;9.1965971;0.3680759;1.0462468;3.0095816;0.0055732;343.2287903;-0.2885509;0.8590541;0.0842347;0.0001208;1.1064173;0.2396725;-33.4444389;0.9574646;-0.2069717;0.2447683;16.1803093;-44;33.8659058;4.3363428;20.9373608;3.0476179;0.4518354
902617.5;800048.5;10;1.2482885;0.0004801;1.745123;13.9529238;128.6421967;7.9873524;34.3215828;8.1478882;19.8784275;41.9127884;9.0671921;0.3774229;1.1754588;1.7249969;0.0079776;320.6246033;-0.6343983;0.8681309;0.0702229;0.0002087;1.0712951;0.2138118;-25.4444408;0.7730063;-0.0099206;0.3010985;18.6970692;-26;37.9061661;4.312808;19.9977551;3.6917205;0.4515219
907078.5;800048.5;1;0.7414402;0.0007388;5.547998;6.3514147;176.948761;7.9873295;33.3930016;6.9484792;24.0654373;41.978569;9.1924067;0.4110085;1.6216869;1.2019737;0.0181581;320.2538147;-0.639388;0.8691426;0.0899386;0.0002965;1.036173;0.1938805;-15.1111097;0.7688842;0.1328502;0.1983301;14.0352297;-9;31.3540306;4.3136864;19.2600956;4.2527699;0.4576454
911539.5;800048.5;1;0.3999435;0.0010353;11.6008692;1.3484454;207.9597931;7.9873853;32.7228737;6.6001182;26.7703781;42.029026;9.156846;0.4288143;1.9400551;1.0669159;0.0250073;350.3624878;-0.1674149;0.8763415;0.1060769;0.0003844;1.0010508;0.1769699;-9.666667;0.9858865;0.3484849;0.0862931;7.4535599;-2;31.3087273;4.3529472;18.6253166;4.7715092;0.4735713
916000.5;800048.5;1;0.3340328;0.0013948;21.4037323;0.6763758;210.1449585;7.9872227;32.4835091;7.6701708;27.0052052;42.2249641;8.7444792;0.4203205;2.0453234;0.9619098;0.026304;323.7461853;-0.5913637;0.9064586;0.116253;0.0004722;0.9659287;0.1539481;-3.666667;0.8064049;0.0148148;0.1194332;12.0092602;-3;36.1146927;4.3450823;17.7477455;5.3950014;0.5155286
920461.5;800048.5;1;0.2885492;0.0016337;29.3605614;0.2100966;211.6221619;7.986908;32.3141479;8.3583117;27.1708641;42.5230446;9.0418806;0.4136887;2.1170599;0.8780041;0.0271831;302.6192017;-0.8422714;0.9449584;0.1241866;0.0005573;0.9229218;0.1266353;0;0.5390536;-0.1703704;0.1905785;14.1421404;-3;36.7524414;4.3202653;16.6997051;6.0920439;0.5885054
924922.5;800048.5;1;0.3260909;0.0016031;28.2728233;0.2006029;217.0362854;7.9806895;32.2784843;6.6265364;27.371624;42.5475845;9.0079861;0.4066087;2.2080607;0.6095294;0.0242486;305.7066956;-0.8120153;0.9656858;0.1158135;0.0007843;0.8061976;0.1289874;0;0.5836362;0.0050505;0.1265152;12.6295795;16;38.6861534;4.2886395;15.9890461;5.7286754;0.6125785
929383.5;800048.5;1;0.5624698;0.0014899;27.6141758;0.5681331;156.1343689;7.984808;32.4629402;13.6192074;27.0802441;42.0154648;7.5867743;0.3926749;1.9767698;0.4956259;0.0235093;321.34021;-0.6246952;0.9739875;0.1170728;0.0008541;0.7923852;0.1298275;0;0.7808687;-0.3318965;0.082226;9.7459927;12;40.7208557;4.3137093;16.4183598;5.8628197;0.6444291
826780.5;795587.5;16;2.8240683;0.0007035;0;35.8068962;3.3797686;7.9929566;34.7369003;43.5108223;10.166997;38.898777;7.4795003;0.0045988;0.0200967;6.1278;0;342.749115;-0.2965573;0.8521919;0.119357;6.00E-06;1.779724;0.3874289;-161.3332977;0.9550151;-0.2911111;0.6386796;51.5159111;-205;48.0319748;4.0482254;46.9502831;0.0506666;0.2031142
831241.5;795587.5;16;2.6887765;0.0007079;0;34.3749008;4.6170673;7.9925809;34.7814713;37.8807297;11.279829;38.9568138;4.3209639;0.0057955;0.020903;6.0410786;0;353.2052917;-0.1183124;0.8600473;0.1048922;7.40E-06;1.7712164;0.3554606;-164.25;0.9929764;0.1323529;0.7597331;59.4553413;-144;47.0555496;4.0557036;44.0181885;0.140041;0.2389383
835702.5;795587.5;16;2.5591242;0.000712;0;33.0025215;5.8026028;7.9923692;34.8241692;32.4852066;12.3462896;39.1542969;3.903409;0.0069425;0.0216757;5.7970467;0;3.249898;0.056691;0.8692091;0.090923;8.90E-06;1.7627088;0.3256483;-170.7778015;0.9983917;0.215654;1.019225;72.9440765;-127;45.5098076;4.1151323;40.0889969;0.3740858;0.2798045
840163.5;795587.5;12;2.5591741;0.000712;0;33.0012245;5.7975798;7.9921427;34.8238258;32.4848557;12.3462009;39.3466644;3.602896;0.0069468;0.0216776;5.5266895;0;18.3429794;0.3147046;0.878858;0.0883535;1.09E-05;1.7089069;0.2996529;-187.2221985;0.9491897;0.2624873;1.264753;83.7718811;-130;46.2357101;4.1461368;36.5202751;0.6082634;0.3232121
844624.5;795587.5;12;2.5592241;0.000712;0;32.9999313;5.7925572;7.9918532;34.8234825;32.4845047;12.3461113;39.5168457;3.6965797;0.006951;0.0216795;5.1422577;0;346.7912903;-0.2284987;0.8883335;0.085784;0;1.6486344;0.2901978;-174.8889008;0.9735442;-0.1911488;1.158959;82.5462112;-220;45.2345161;4.0754652;34.5135994;0.8430168;0.3611344
849085.5;795587.5;12;2.2530482;0.0006566;0;29.144125;28.3198605;7.9915528;34.9038963;24.0202789;13.4282608;39.6903038;5.7811694;0.049332;0.1201153;4.7871532;1.62E-05;311.4692078;-0.7493119;0.896873;0.0861937;0;1.588362;0.27939;-144.3332977;0.6622173;0.0421313;1.068846;77.4151764;-133;44.1994972;3.9410942;32.303524;1.1043615;0.3968016
853546.5;795587.5;11;1.9335579;0.0005987;0;25.1207314;51.8268318;7.9911666;34.9878235;15.1880569;14.5574636;39.8896141;8.4227953;0.0935555;0.2228308;4.6634064;3.32E-05;308.0606079;-0.7873588;0.9032999;0.086733;0;1.5479394;0.2579111;-87;0.616495;-0.05;0.6951652;43.5889893;-94;43.0458755;3.9531229;28.4888287;1.5754834;0.428605
858007.5;795587.5;13;1.5735452;0.0004828;0.0041339;19.085825;92.4361572;7.9907904;34.9019623;10.9974337;17.6434631;40.0893822;10.4537802;0.2211137;0.6165886;4.5439582;0.0031027;304.9650879;-0.8195012;0.906141;0.1334965;0;1.4918244;0.2367501;-51.6666718;0.5730774;0.079235;0.5601835;36.6484795;-42;45.1944962;4.1595969;24.7656059;2.0364754;0.4578155
862468.5;795587.5;13;1.2077438;0.0003587;0.0088583;12.7635574;135.488678;7.9906616;34.7918472;7.4698963;21.0090065;40.300869;10.5978985;0.3605768;1.0519239;4.5348501;0.0066082;319.624115;-0.647799;0.904002;0.1868634;0;1.4357092;0.2237522;-26.1111107;0.7618113;0.1128748;0.3097371;20.3111591;-19;49.0131645;4.2651057;23.3901768;2.2374659;0.4793489
866929.5;795587.5;13;0.9859951;0.0002999;0.0603447;9.2397757;158.8411865;7.9905329;34.409111;6.0379372;22.8561077;40.5123558;11.2814627;0.3837752;1.1937685;4.5257416;0.0094022;340.7307129;-0.3300085;0.896213;0.1875218;0;1.3805232;0.2107543;-15.5555601;0.943978;0.3209876;0.2091554;14.28372;-4;45.4174271;4.317842;22.0147476;2.4384563;0.496942
871390.5;795587.5;13;0.802155;0.0002585;0.124137;6.4524374;177.009491;7.990087;33.9546394;5.1574459;24.3036194;40.7319489;11.2348785;0.3763776;1.2583789;4.5254002;0.0120089;354.0531006;-0.1036062;0.8833337;0.1743095;0;1.3258945;0.2017003;-11.8888903;0.9946184;0.2777778;0.1549321;11.6088495;-3;42.8491669;4.3202567;21.2975292;2.5511909;0.5159762
875851.5;795587.5;9;0.6252429;0.0004533;1.3568497;4.0942359;192.8547211;7.9896283;33.4837112;5.3513732;25.5119114;40.9518623;10.9284859;0.439206;1.6910827;4.5254002;0.0202489;330.7511902;-0.4886038;0.8834888;0.1445021;0;1.2712657;0.1927999;-8;0.8725058;0;0.0919875;8.666667;-8;42.2103806;4.3006892;20.6059551;2.6604867;0.5281368
880312.5;795587.5;6;0.4511836;0.0007454;3.0708826;1.9127376;207.7433929;7.9893188;33.006012;5.987709;26.6217041;41.2017326;9.5648794;0.530951;2.2753544;4.4279108;0.0308084;281.309906;-0.9805806;0.8910145;0.1078614;0;1.216637;0.1985972;-6.2222219;0.1961164;0.2814815;0.0245547;4.7088051;-2;48.8745041;4.2827277;20.1812592;2.8832569;0.5306318
884773.5;795587.5;6;0.5367154;0.0006815;2.6055534;3.0576134;199.9194489;7.9890285;33.1157837;6.0106416;26.0605259;41.4553986;10.3312788;0.5123644;2.1133928;4.3180633;0.0275341;85.1009064;0.9963467;0.890888;0.1114841;0;1.1620083;0.2062575;-6.8888888;0.0854012;0.2046784;0.0563878;5.8584118;-3;49.1214409;4.3287754;19.7903919;3.1204114;0.5198258
889234.5;795587.5;10;0.7780021;0.0004038;0.8326068;6.1983137;178.4679108;7.9888515;33.5780373;5.6655321;24.4967632;41.6108665;11.1000929;0.427579;1.5036911;4.1837163;0.0159595;45.8680496;0.7177382;0.8776653;0.1392648;0;1.1073797;0.2165434;-13.7777796;0.6963131;0.0921409;0.1498426;12.24543;-10;39.5831261;4.3398585;19.6511192;3.1654506;0.5128623
893695.5;795587.5;10;1.0721236;0.0002968;0.0148351;10.7588453;149.1414642;7.9887004;34.038681;6.503849;21.9194202;41.7436752;10.7941561;0.3740692;1.1308606;4.043715;0.0083423;16.0040398;0.2757051;0.8601769;0.1302653;3.50E-05;1.0598541;0.2274353;-19;0.9612423;0;0.2154182;14.4606705;-19;34.8842621;4.3299713;19.5699062;3.1661556;0.5087502
898156.5;795587.5;13;1.4109517;0.0003341;0.0052884;16.5207729;113.1516647;7.9885817;34.4979553;8.3435268;18.4844322;41.8288574;9.0396576;0.3470234;0.9584597;3.0433736;0.0040737;341.565094;-0.3162277;0.8823758;0.0901441;0.0001282;1.0241674;0.212964;-19.4444408;0.9486833;0.0906433;0.223346;14.6523504;-16;34.998806;4.3014917;19.0511856;3.6063731;0.5114343
902617.5;795587.5;13;1.3113778;0.0005926;3.3387148;15.400032;120.0950317;7.9884748;34.2151451;9.0327291;18.9381313;41.8970947;8.5348301;0.3568791;1.1640992;1.7368093;0.0078973;320.553009;-0.6353647;0.8971917;0.0751411;0.0002214;0.9884806;0.1894653;-13.4444399;0.7722122;0.1731266;0.1642165;12.8245497;-6;35.4349709;4.3289599;18.3767414;4.2030272;0.5117012
907078.5;795587.5;1;0.6936923;0.0011126;10.6229277;6.1452279;177.7776031;7.9884481;33.0553284;8.3622799;23.9875546;41.9442177;9.0866442;0.4103454;1.8165138;1.2008755;0.0212843;311.4237061;-0.7498377;0.9098396;0.0898231;0.0003147;0.9527939;0.1689351;-6.666667;0.6616218;0.1954023;0.0727845;7.6594172;-1;33.0183678;4.3228016;17.8152122;4.759191;0.5195057
911539.5;795587.5;1;0.3036184;0.001485;18.083725;0.3299597;213.3807526;7.9884615;32.3280144;8.0505829;27.1483631;41.9805832;8.8378839;0.4388495;2.207119;1.0575271;0.0292231;7.1250162;0.1240347;0.9032135;0.102732;0.0004079;0.9171072;0.1499171;-3.5555561;0.9922779;-0.2037037;0.025883;3.744956;-6;38.1814842;4.344368;17.3112049;5.2947278;0.5351978
916000.5;795587.5;1;0.2928973;0.0016114;25.838829;0.2472506;212.1848145;7.9882112;32.3215446;8.3368044;27.1614819;42.2109604;9.1636324;0.4257497;2.1613753;0.9527277;0.0280815;291.5409851;-0.9301553;0.9387901;0.1126857;0.0005011;0.8814204;0.1293022;0;0.3671664;-0.3104575;0.1311551;10.5631599;-8;37.4613991;4.2919149;16.6951313;5.8417931;0.5813258
920461.5;795587.5;1;0.2853616;0.0017;31.366024;0.189124;211.3358154;7.9877748;32.3169594;8.5361729;27.1707497;42.5775566;9.4418106;0.4164372;2.1288221;0.8749948;0.027271;298.9509888;-0.8750341;0.9638948;0.1197797;0.0005908;0.8382401;0.1075659;0;0.4840613;0.4666666;0.1724365;12.5344;26;37.3800926;4.3707075;15.9016352;6.3969526;0.66119
924922.5;795587.5;1;0.3565323;0.001563;29.7412491;0.1905883;207.6320953;7.9843044;32.4663773;7.6398668;27.33601;42.4813423;7.8155255;0.4449404;2.0696683;0.6622609;0.0267327;315;-0.7071069;0.9773963;0.0936256;0.0008463;0.7502902;0.1346061;0;0.7071066;-0.0653409;0.1021538;12.0253601;16;38.8251419;4.3600178;15.1124687;6.2146001;0.6485611
822319.5;791126.5;16;2.4814799;0.0006908;2.10E-05;31.9662437;15.861105;7.9946432;34.8629951;31.2663898;12.0738029;39.1098709;6.7528033;0.020859;0.0519986;6.1587944;1.00E-06;12.7532997;0.2207536;0.8433938;0.1161415;1.66E-05;1.7620373;0.3859386;-127.8332977;0.9753296;-0.1330749;0.3999221;40.453331;-145;51.1503716;4.1359935;48.6108437;0.0547737;0.2059
826780.5;791126.5;16;2.4725916;0.0006844;5.90E-06;31.8296528;17.8098984;7.994236;34.8472176;31.3349285;12.0149059;39.1982498;5.605463;0.0241654;0.0597622;6.1288514;1.80E-06;344.3757935;-0.2693273;0.8520365;0.1095035;2.20E-05;1.7464817;0.3522589;-129.125;0.9630487;0.0837156;0.3933549;33.6542587;-120;46.2867165;4.0296192;45.6955605;0.1571585;0.2422983
831241.5;791126.5;16;2.3662317;0.0006715;5.20E-06;30.5844421;21.9393196;7.9938779;34.8778648;27.5703354;12.7245131;39.2960091;3.7232552;0.0321668;0.0780973;6.0429287;4.90E-06;329.2752991;-0.5109135;0.861579;0.0943951;2.73E-05;1.730926;0.3193357;-124.3332977;0.8596321;0.2030303;0.3958621;32.1938591;-102;44.2612534;3.9895523;42.4265938;0.3199722;0.2857533
835702.5;791126.5;16;2.2627296;0.0006581;4.60E-06;29.3664551;26.0956192;7.9936581;34.9071388;23.9349976;13.4111471;39.4201355;4.1854663;0.0406656;0.0977992;5.7997293;9.10E-06;357.8523865;-0.0374738;0.8721174;0.0803707;3.26E-05;1.7153703;0.2885379;-110.8889008;0.9992976;0.0304659;0.2570099;18.6096992;-109;44.2658806;4.0262222;38.163929;0.6525625;0.3333291
840163.5;791126.5;16;2.2249634;0.0006343;4.10E-06;28.7746315;30.870121;7.9934192;34.9049454;23.2725468;13.569417;39.5542641;3.3317225;0.0606022;0.148939;5.5290961;4.07E-05;9.6887875;0.1682965;0.8834342;0.0912782;4.00E-05;1.6563076;0.2613918;-115.6667023;0.9857364;0.0167715;0.4673466;42.10569;-113;45.7875748;4.0870395;34.2713928;0.97741;0.3774777
844624.5;791126.5;16;2.1871972;0.0006104;3.70E-06;28.1828079;35.6446228;7.9930992;34.9027519;22.610096;13.7276859;39.731739;5.8628864;0.0805387;0.2000789;5.1395826;7.23E-05;349.4265137;-0.1834973;0.8952566;0.1021857;4.77E-05;1.5910296;0.2500697;-108.6667023;0.9830202;0.0272904;0.7347742;47.7726097;-104;44.1921501;4.0228319;31.9827309;1.2687058;0.4226351
849085.5;791126.5;14;1.9345553;0.0005463;0.0003276;24.5210972;58.7769661;7.9927702;34.899765;17.2655163;15.1497698;39.8954086;9.2498579;0.1512645;0.3965449;4.7809196;0.0010618;326.5137939;-0.5517356;0.9067705;0.1121477;5.54E-05;1.5257516;0.2378476;-92.3333435;0.8340191;0.0335097;0.7505704;54.057579;-86;46.7310677;4.0105023;29.5471191;1.5964773;0.471008
853546.5;791126.5;13;1.6725709;0.0004804;0.0006657;20.725914;82.7074738;7.9923711;34.8967476;11.7173672;16.6268005;39.950161;10.3879566;0.2241985;0.5993294;4.6656275;0.002093;312.8876038;-0.7326902;0.9163505;0.1220687;6.31E-05;1.4604735;0.2185265;-58.4444389;0.6805624;0.0469349;0.5542608;36.27705;-53;45.3792572;4.0847511;25.952219;2.2120011;0.5149892
858007.5;791126.5;13;1.2704371;0.0005787;0.86375;14.4035006;124.7796631;7.9919815;34.465023;9.3296156;19.9468136;40.0102768;11.5451679;0.341512;1.1640648;4.5541301;0.0111975;302.0054016;-0.8479984;0.9216202;0.1494936;7.07E-05;1.3951956;0.1994273;-32.5555611;0.5299987;0.1283951;0.3634361;25.9962006;-21;49.7519455;4.2297821;22.4457779;2.8127198;0.5495633
862468.5;791126.5;6;0.848282;0.0007004;1.8500837;7.7200541;169.443512;7.991838;33.9720612;7.3933487;23.5301094;40.2081184;11.2132378;0.4651653;1.7805073;4.5400295;0.0214553;295.7872925;-0.900415;0.919934;0.1794191;2.14E-05;1.3299176;0.1860253;-13.6666698;0.4350319;0.2301587;0.1586623;12.3198099;-4;49.3219261;4.2785974;21.2097816;3.0334451;0.5777107
866929.5;791126.5;6;0.6771807;0.0007436;2.9387109;5.0959382;186.4594269;7.9916945;33.6691856;6.6998839;24.9028988;40.4059601;10.9172106;0.4729545;1.8908159;4.525929;0.0235444;302.9052124;-0.8395703;0.9095185;0.171726;2.28E-05;1.3460304;0.1726232;-5;0.5432511;0.0434783;0.0650054;6.3420992;-4;47.9422417;4.3163514;19.9737854;3.2541702;0.6141056
871390.5;791126.5;6;0.5721462;0.0007661;4.0542574;3.5400672;196.199585;7.9910684;33.4163361;6.3334718;25.6939735;40.6721802;10.6398554;0.4502532;1.8679311;4.5254002;0.0234839;344.0545959;-0.2747211;0.9026387;0.1541333;2.39E-05;1.2837714;0.1700201;-0.6666667;0.961524;-0.0972222;0.0701159;6.6499791;-3;48.1062508;4.3238397;19.4009418;3.2324471;0.6599336
875851.5;791126.5;6;0.4718899;0.0009184;6.5543547;2.2339528;204.2814789;7.9903064;33.0865822;6.5491261;26.3468323;40.9899483;10.4655333;0.4683917;2.0468857;4.5254002;0.0267322;350.7890015;-0.160071;0.9131508;0.1338346;2.50E-05;1.2215124;0.167441;0;0.9871055;-0.2177778;0.1203359;8.56493;-4;48.3842888;4.3238397;18.8539371;3.1956115;0.6737909
880312.5;791126.5;6;0.3736012;0.0011241;9.6245604;1.0306795;211.6805573;7.9902377;32.7251625;7.0044556;26.9427776;41.1286507;9.7934666;0.5033467;2.3089509;4.4175758;0.0313429;34.9193993;0.5724236;0.9270098;0.1124216;2.60E-05;1.1592536;0.1692787;-1.222222;0.8199581;-0.0957854;0.1037556;10.0308199;-4;48.1089096;4.3370032;18.5035744;3.5135157;0.6553554
884773.5;791126.5;6;0.4225133;0.0010987;9.5542746;1.6983751;206.9974518;7.990263;32.7530899;7.0609026;26.6097946;41.223671;6.8118701;0.4887433;2.2031808;4.3143268;0.029201;86.6335373;0.9982744;0.9236087;0.1121425;2.71E-05;1.0969946;0.1713453;-4.2222219;0.058722;-0.2337165;0.0546709;8.296958;-11;48.0653076;4.2887521;18.1781387;3.8223114;0.6111874
889234.5;791126.5;9;0.5597461;0.0009346;7.5996938;3.488652;195.0650177;7.9901414;33.0146255;6.8780203;25.7194557;41.3204002;11.3359213;0.444405;1.8767095;4.1893368;0.0230075;59.0362396;0.8574929;0.9031568;0.1245437;2.81E-05;1.0347357;0.180218;-9.333333;0.5144958;0.3333333;0.0093598;4.4472208;-4;40.9948578;4.3412933;18.0165539;3.893774;0.5969794
893695.5;791126.5;9;0.7239349;0.0008277;5.4051914;6.0095587;179.3611755;7.9899869;33.3160477;7.2563243;24.3111782;41.4195633;10.6072979;0.4285845;1.7200227;4.0571113;0.0199218;17.2414608;0.2963992;0.8990132;0.1156387;6.75E-05;0.9830396;0.1907059;-9.7777777;0.9550641;0.1851852;0.0487408;4.516089;-7;38.7264404;4.3585782;17.8927803;3.9171004;0.5870886
898156.5;791126.5;9;0.9109325;0.0007693;3.0076785;9.1486912;160.4661407;7.9898529;33.6512222;8.109478;22.4646435;41.4975777;9.2516003;0.4368946;1.7069997;3.0662863;0.0194658;330.5241089;-0.4920573;0.9027005;0.0887054;0.0001705;0.9489484;0.1796225;-9.666667;0.8705629;0.2820513;0.0424087;4.3716259;-6;32.8204308;4.3534832;17.5769691;4.2924566;0.5838097
902617.5;791126.5;5;0.8561984;0.000903;7.3149261;8.5329657;163.9547119;7.9897261;33.5043564;8.4249954;22.7165642;41.5680695;9.3153667;0.4395403;1.8078452;1.7698581;0.0213394;297.6459961;-0.8858317;0.9280649;0.0817807;0.0002736;0.9148573;0.1608613;-4.4444451;0.4640067;-0.0730159;0.0761072;9.0812521;-7;35.7542;4.3078318;17.1928062;4.7931118;0.5946715
907078.5;791126.5;1;0.515781;0.0012639;19.5459805;3.4796808;193.896637;7.9895382;32.7878036;8.1051245;25.4484787;41.6955719;6.0810442;0.4354917;2.0432625;1.2357591;0.025966;324.9262085;-0.5746307;0.9544161;0.0985026;0.0003767;0.8807661;0.1458002;-1;0.8184128;-0.1785714;0.0921834;8.2731161;-6;40.489357;4.289011;16.8034267;5.2172213;0.6223634
911539.5;791126.5;1;0.3895074;0.0014011;23.2365265;0.3889384;210.6127777;7.9851542;32.4562988;10.7829685;26.9212723;41.9257126;8.3533621;0.4078394;2.1112604;0.838668;0.0284043;354.9576111;-0.0878937;0.9534877;0.1568699;0.0005171;0.8293877;0.1390976;0;0.9961299;0.0079365;0.1095772;9.7385578;3;40.1033134;4.3326912;16.6965294;5.7504258;0.6193639
916000.5;791126.5;1;0.3748394;0.0013963;27.2774944;0.309194;217.1303864;7.9860926;32.54496;11.0916824;27.157465;42.3869324;9.0544987;0.3847913;2.0103807;0.5884149;0.0261292;307.4761963;-0.7936066;0.9714954;0.1595769;0.0005847;0.7910467;0.1454911;0;0.6084312;-0.1993464;0.1213593;10.9521999;0;40.081665;4.3378205;16.1403465;5.8597665;0.6597288
920461.5;791126.5;1;0.3606144;0.0014408;23.7003078;0.2117461;217.078537;7.986599;32.4997749;9.9733725;27.2979164;42.3727722;9.6465282;0.385313;1.9841056;0.5831083;0.0242261;264.9364014;-0.9960973;0.9800216;0.1331721;0.000681;0.7710666;0.1470565;0;-0.088262;0.0634921;0.127307;11.3016996;16;38.3381805;4.3073206;15.239399;5.8118677;0.6846297
924922.5;791126.5;1;0.4795205;0.0012778;28.8495216;0.2128741;135.6531677;7.9886336;32.8807793;14.7271929;27.2297821;39.3306694;8.8826962;0.4128283;1.9037406;0.7969284;0.0224971;276.2034912;-0.9941444;0.9808264;0.1388441;0.0008965;0.7357503;0.1374423;0;0.1080592;0.0045455;0.1485474;16.0915394;27;38.721981;4.3971453;16.6236629;6.0015793;0.643917
813397.5;786665.5;16;2.1919971;0.0006924;0.0001009;28.8873482;25.3092709;7.9984779;34.9551315;21.1352634;13.6867342;39.3070335;6.6427245;0.0311595;0.0697114;6.1687403;9.00E-07;326.5921936;-0.5505949;0.8252449;0.132823;1.03E-05;1.7810507;0.3394494;-94.4000015;0.8347725;-0.6085106;0.2711286;17.0011806;-123;54.8662109;4.102951;49.8781548;0.0522078;0.171228
817858.5;786665.5;16;2.1894174;0.0006902;7.82E-05;28.8357506;25.8927956;7.9982886;34.9543381;21.1239529;13.6712532;39.5147858;4.7247577;0.0323439;0.0725808;6.1687422;1.10E-06;100.4915009;0.983282;0.832472;0.1062125;1.95E-05;1.7584469;0.3204096;-104.1428986;-0.1820893;0.4078676;0.0881542;22.6111794;-76;54.2141457;4.1685667;48.5346184;0.0969692;0.2018446
822319.5;786665.5;16;2.1537058;0.0006785;4.30E-05;28.352005;29.3133373;7.9980693;34.9560547;20.2726574;13.7552299;39.7049446;4.2269154;0.0378634;0.0853772;6.1563902;2.00E-06;48.3338509;0.7470311;0.8416643;0.1029992;2.87E-05;1.7358432;0.2959187;-108.25;0.6647891;0.1195652;0.2342141;19.3374596;-100;50.2813187;4.153573;46.433197;0.2630555;0.2385158
826780.5;786665.5;16;2.1132181;0.0006644;1.21E-05;27.7996578;33.1846085;7.9977908;34.9594841;19.3000011;13.8633547;39.8605728;3.8439796;0.0445776;0.1011501;6.1197872;3.60E-06;322.943512;-0.6026026;0.8507037;0.098241;3.79E-05;1.7132394;0.2607272;-108.444397;0.7980414;-0.2128061;0.1971181;16.7671108;-121;49.366993;4.0302167;44.3697205;0.6672978;0.2823468
831241.5;786665.5;16;2.0392957;0.0006335;1.07E-05;26.7670937;40.2110062;7.9957914;34.974884;17.4778347;14.1405172;39.6780167;4.3248949;0.0596542;0.1377589;6.0346746;9.90E-06;316.193512;-0.6922254;0.8661857;0.0826683;4.71E-05;1.6906357;0.2699623;-99.1111069;0.7216814;0.0565657;0.2179746;16.0585308;-96;47.6125908;3.9658525;40.7734184;0.7783861;0.3320349
835702.5;786665.5;16;1.9652357;0.0006019;9.40E-06;25.7272186;47.3513603;7.9954057;34.9894714;15.6752071;14.419611;39.735218;4.9423051;0.0757999;0.1771965;5.787262;1.87E-05;346.6075134;-0.2316204;0.8816618;0.0687863;5.63E-05;1.6680319;0.2395938;-90.7777786;0.9728063;-0.0898345;0.2425582;15.7393904;-95;48.4803772;4.0453553;36.2122574;1.3013029;0.3854201
840163.5;786665.5;16;1.8880163;0.0005531;8.50E-06;24.5192165;57.1127663;7.9950409;34.9853477;14.3220072;14.7431307;39.7921448;6.4041929;0.1165354;0.2816977;5.5175056;8.32E-05;333.3186951;-0.449027;0.893544;0.0937917;6.91E-05;1.6037083;0.2121726;-82;0.8935181;0;0.3539036;23.5702305;-82;46.7278061;4.0505724;32.0354347;1.8073816;0.4382252
844624.5;786665.5;15;1.810797;0.0005044;7.60E-06;23.3112144;66.8741684;7.9947677;34.9812279;12.9688072;15.0666513;39.847908;10.8734684;0.1572708;0.3861988;5.1509242;0.0001477;329.683197;-0.5047803;0.8995847;0.1187971;8.24E-05;1.5334247;0.1975226;-69.5555573;0.8632479;0.0950617;0.4388294;27.9647007;-61;47.4032898;4.1068912;29.5240822;2.2404954;0.4993697
849085.5;786665.5;13;1.6159712;0.0004324;0.0006695;19.8700504;90.1015244;7.9944792;34.8914833;10.7843456;16.8619156;39.8830452;10.5710421;0.2566821;0.6828642;4.8111353;0.0021525;327.4704895;-0.5377342;0.9144509;0.1391616;9.56E-05;1.4631412;0.1825376;-48.4444389;0.8431144;-0.0048309;0.4835758;32.0281487;-49;46.5939102;4.2078891;26.9844513;2.7067254;0.5722025
853546.5;786665.5;13;1.4160322;0.0003594;0.0013603;16.3317909;113.9143524;7.9940696;34.7980156;8.5637436;18.7211685;39.7555046;10.7348919;0.3586444;0.9878846;4.682703;0.0042417;324.2601929;-0.5841048;0.9288138;0.1593244;0.0001089;1.3928578;0.1649097;-29.6666698;0.8116782;-0.0137457;0.4232039;27.9483604;-31;51.4556732;4.200675;24.0207233;3.4342046;0.6513198
858007.5;786665.5;9;0.9050444;0.0005099;0.397682;12.2434816;146.4627838;7.9904151;33.9069862;8.0537109;23.1283989;39.6292915;10.6799698;0.4386552;1.6612713;4.4757447;0.0174287;325.8641052;-0.5611582;0.9416885;0.1701437;8.85E-05;1.3134695;0.159409;-13.4444399;0.8277085;-0.0555555;0.2288389;18.7800808;-17;51.1399345;4.2781792;22.0028114;3.1672444;0.6707858
862468.5;786665.5;9;0.5642661;0.0006281;1.3126973;5.2538743;172.4907837;7.9891777;33.4086113;6.0005884;25.9605694;39.6276093;9.9883003;0.491917;2.0425115;4.4382782;0.0269791;311.5664063;-0.7481876;0.9444633;0.1734454;0.0001005;1.2401187;0.1559863;-5.333333;0.6634872;-0.2666667;0.1137084;8.7305336;-12;51.2035446;4.3284192;20.2643814;3.5632236;0.6682767
866929.5;786665.5;6;0.3888742;0.0008886;4.3269324;2.7002549;201.954361;7.9888258;33.2651062;5.1848493;26.6866589;39.7030678;9.3930502;0.5144024;2.2585216;4.4899011;0.0321217;312.9545898;-0.7318939;0.9341193;0.1777791;9.67E-05;1.1674294;0.1488154;-1.222222;0.6814186;0.0763889;0.0636029;4.939136;0;49.9472046;4.3284302;19.4067001;3.8621609;0.734589
871390.5;786665.5;6;0.3477173;0.0012971;8.152853;0.7579351;214.6086426;7.9925265;32.8722572;7.6382337;26.9947891;39.901844;9.944437;0.5269817;2.4974992;4.5254002;0.0352596;305.2175903;-0.816968;0.9387367;0.1321822;0.0001513;1.1293702;0.1373162;0;0.576683;0.0944444;0.0668038;6.008225;4;51.5763931;4.247458;18.0022087;3.9677303;0.8241687
875851.5;786665.5;9;0.3297307;0.001401;11.9494267;0.5709067;214.4186401;7.9844894;32.6992569;7.8642378;27.0601101;40.3994331;9.7933846;0.4975342;2.4038429;4.5275326;0.0331437;316.0809021;-0.6936415;0.9531886;0.1224335;9.15E-05;1.0699461;0.1357185;0;0.7203204;0.3046595;0.1203359;10.4361696;16;43.9397736;4.3011775;17.5618229;3.8442321;0.8337243
880312.5;786665.5;9;0.3126077;0.0015109;16.3985577;0.4033925;213.8587494;7.9860749;32.4692764;8.1105642;27.1158257;40.5097046;9.8536339;0.4715087;2.3182464;4.5883565;0.0313422;27.4744301;0.4613527;0.9609426;0.1177598;9.54E-05;1.0105219;0.1436271;0;0.8872168;0.2877493;0.1809241;13.3148003;17;43.5807686;4.3254867;17.2662811;4.0927262;0.8052408
884773.5;786665.5;5;0.3168481;0.0015266;16.7524529;0.4746232;213.0922546;7.9920397;32.4032898;8.1781836;27.0756817;40.1989365;6.029562;0.4614752;2.2763088;4.2842522;0.0305134;41.6335411;0.6643639;0.9589016;0.11343;9.93E-05;1.0240462;0.1307906;0;0.7474093;-0.3646724;0.1932903;13.5053701;-12;44.5821991;4.2468367;16.9891014;4.6872654;0.7486929
889234.5;786665.5;5;0.3339065;0.0014858;14.6492081;0.6891008;212.2018127;7.9919815;32.4357033;8.1385784;26.9780197;40.2581444;5.7340317;0.4610368;2.2605667;4.1560178;0.0302681;343.6105042;-0.282166;0.9335265;0.1093067;0.0001032;0.9632047;0.1336804;-1;0.9593656;-0.2051282;0.1137763;12.9185495;-9;42.7774811;4.2485075;16.8110619;4.8419943;0.7231994
893695.5;786665.5;5;0.3567972;0.0013815;11.0350676;0.9929929;211.2814789;7.9918299;32.5619812;8.0219955;26.8397465;40.3671036;5.4347868;0.4856949;2.3371665;4.0086694;0.0320658;346.9208984;-0.2262968;0.9594057;0.1002247;0.0001507;0.914343;0.1388158;0;0.9740584;-0.2654321;0.1631461;13.07339;-9;42.907383;4.2684121;16.655899;4.9674115;0.7093898
898156.5;786665.5;5;0.6147084;0.0011655;7.318944;0.9417682;197.6219177;7.9859715;32.8673096;9.0568848;26.8934097;40.606308;8.6130123;0.4708106;2.1870766;3.1111252;0.0266799;7.2531948;0.1262543;0.968753;0.0817695;0.0003257;0.84009;0.1492371;0;0.9919979;-0.2716049;0.1779951;13.7983704;-8;40.7139893;4.3156166;15.9861584;5.2502241;0.7134511
902617.5;786665.5;1;0.3784856;0.001222;11.3947296;1.3044127;210.0929413;7.9912295;32.767292;7.752368;26.7001591;40.6239929;6.3059735;0.5266886;2.4800742;1.8445933;0.0353694;333.1659851;-0.451408;0.9538106;0.0884951;0.0003915;0.8565524;0.1239002;0;0.8923177;-0.3942652;0.1529065;12.05338;-9;42.7908134;4.246172;16.3196526;5.5378346;0.6996741
907078.5;786665.5;1;0.4386669;0.00129;24.1418877;0.4029007;202.1514893;7.9880824;32.5810318;11.774703;26.9630127;40.812336;8.8907509;0.4719621;2.1882887;1.1562114;0.0302445;333.434906;-0.4472136;0.9780208;0.1304885;0.0005426;0.7933519;0.132198;0;0.8944272;0.547619;0.100501;9.1043339;19;42.9817123;4.3314648;15.6534176;5.7809677;0.6793233
911539.5;786665.5;1;0.4513305;0.0012447;25.2706947;0.2485786;211.1464844;7.9853024;32.2478447;12.8983402;27.1174297;41.5900269;8.2255201;0.4244747;2.0294831;0.7894412;0.0278285;340.6409912;-0.3314863;0.9798086;0.2008046;0.0006226;0.7555314;0.1257381;0;0.94346;-0.1538462;0.0629514;8.485281;4;41.297081;4.3544941;16.0933266;6.0514188;0.674162
916000.5;786665.5;1;0.4957046;0.001168;24.3217964;0.3414317;211.2727814;7.9875336;32.2071686;16.9309006;27.0579567;41.8497581;7.5581841;0.4051768;1.8457973;0.6821076;0.0219696;318.9909058;-0.6561789;0.9826242;0.2105012;0.0007284;0.738682;0.1319743;0;0.7546054;0.3253968;0.097851;8.9124689;20;40.4803085;4.3942099;16.6173363;5.9199653;0.679715
920461.5;786665.5;1;0.4963579;0.001142;28.6632862;0.5368503;214.9428101;7.9885387;32.2347107;14.5706816;27.0576324;39.5056229;6.8183398;0.3878816;1.8077346;0.7275141;0.023472;315;-0.7071069;0.9825249;0.2063164;0.0008659;0.7330734;0.1269656;0;0.7071066;-0.292517;0.1407451;13.2581196;6;40.1514168;4.2746978;17.884428;6.0763497;0.6856442
924922.5;786665.5;1;0.7262911;0.0010625;28.0884018;1.5391197;77.9561081;7.9894862;32.0773468;26.5509243;27.1226044;35.3958282;8.4394569;0.356578;1.7778068;0.990087;0.0217083;297.4075928;-0.8877547;0.9802831;0.1764676;0.0009506;0.7416378;0.1343471;0;0.4603169;-0.1584415;0.1952796;17.6773796;21;36.6855087;4.4906664;18.8714333;6.2715731;0.6373612
808936.5;782204.5;16;2.3063786;0.0007089;2.42E-05;30.3125954;16.7778988;7.9997807;34.9598579;24.2730236;13.3990927;39.1627121;6.316843;0.0190496;0.0436087;6.1526737;2.00E-07;191.061203;-0.1918571;0.8150261;0.1309038;1.60E-06;1.7986045;0.3413327;-130.1667023;-0.9814229;0.2787115;0.4350556;39.7257996;-97;52.8404427;4.0590944;50.758461;0.0346824;0.1656271
813397.5;782204.5;16;2.224755;0.0006995;3.63E-05;29.3187447;22.4322968;7.9995074;34.9628716;21.9801674;13.6376581;39.3488579;4.3865705;0.0266903;0.0598856;6.1681318;7.00E-07;219.7624969;-0.6396071;0.8225858;0.0906332;1.47E-05;1.7689526;0.3136538;-110;-0.768702;0.2644628;0.2735505;36.8849602;-78;52.5248604;4.065743;49.2035637;0.0656886;0.1993481
817858.5;782204.5;16;2.1276646;0.0006787;0.0001446;28.0549946;30.4061699;7.9993658;34.9677582;19.4654045;13.9344387;39.5516167;4.3335075;0.0417118;0.0950163;6.1681409;7.90E-06;148.2404938;0.5263545;0.8299383;0.0634766;2.78E-05;1.7393008;0.2954228;-99.1111069;-0.8502652;0.0236407;0.0396454;16.1551094;-98;53.9481506;4.1611147;47.5591431;0.1076474;0.2331185
822319.5;782204.5;16;2.0469644;0.0006479;0.0003127;26.9040794;38.5544815;7.9991522;34.9733124;17.5959587;14.1926889;39.7439575;5.3472667;0.0608919;0.1419292;6.1549263;2.02E-05;54.727581;0.8164156;0.8413219;0.0942615;4.08E-05;1.709649;0.2713152;-96.8888931;0.5774648;-0.2691359;0.080612;12.3508396;-109;49.8174133;4.1338625;45.1726875;0.2847379;0.276804
826780.5;782204.5;16;1.9543892;0.000609;0.0004975;25.5609264;48.3049355;7.9987984;34.9801674;15.5574303;14.5030041;39.9158401;5.3164067;0.0865147;0.2057893;6.1157546;5.91E-05;321.7456055;-0.6191547;0.8555921;0.1024802;5.39E-05;1.6799971;0.235672;-95.2222214;0.785269;-0.031746;0.2125888;14.7857103;-97;49.155838;3.9698501;41.3296432;0.7270872;0.3262933
831241.5;782204.5;16;1.8752853;0.0005527;0.0005703;24.336195;57.8659935;7.9984083;34.9781876;14.0816355;14.8619661;40.0568428;5.485414;0.128852;0.3170438;6.024333;0.0002589;318.5035095;-0.6625736;0.8765548;0.1051161;6.70E-05;1.6503452;0.2021064;-83.1111069;0.7489968;-0.0339869;0.3343239;23.0769005;-86;50.5975647;3.9711318;37.196743;1.2155476;0.3808948
835702.5;782204.5;14;1.7996069;0.0004994;0.0006273;23.1659889;66.9946671;7.9979153;34.9766541;12.664403;15.2027979;40.1110802;7.2860165;0.1688383;0.4220029;5.7861142;0.0004436;336.3998108;-0.4003519;0.8994273;0.107513;8.01E-05;1.6206934;0.1743778;-68.7777786;0.9163615;0.0391236;0.3608463;23.3655891;-66;49.1632805;4.061326;32.2494888;1.8335581;0.440427
840163.5;782204.5;15;1.8027188;0.0005147;0.0003223;23.2499123;66.1784439;7.9964924;34.9852829;12.5940981;15.1266184;40.0026321;7.3814378;0.1547523;0.3821697;5.513886;0.0002792;333.434906;-0.4472136;0.9182173;0.1044121;9.82E-05;1.551109;0.1703907;-53.6666718;0.8944272;-0.1686274;0.4019977;26.1406498;-68;46.8370132;4.1796417;29.835783;2.4194674;0.5084441
844624.5;782204.5;15;1.8058307;0.0005299;1.73E-05;23.3338356;65.3622284;7.9962506;34.9939117;12.5237942;15.0504389;39.9546204;9.0325584;0.1406664;0.3423364;5.1704984;0.0001148;324.360199;-0.5826877;0.9216128;0.1013113;0.000117;1.4758199;0.1542429;-39.3333282;0.8126961;-0.007752;0.4187237;26.6999798;-40;47.0519295;4.1103868;27.2683353;2.9381952;0.5968615
849085.5;782204.5;13;1.4802793;0.0004255;0.0004579;17.7467098;103.0157852;7.9959826;34.7081909;9.8302345;18.047163;39.8856773;10.1397686;0.2517816;0.7168021;4.8512745;0.0037969;322.2817078;-0.6117799;0.9319506;0.1308568;0.0001359;1.4005309;0.1384664;-20.4444408;0.791028;-0.0336257;0.4119309;25.6303291;-23;52.8333549;4.2072158;24.8972492;3.4804263;0.707745
853546.5;782204.5;9;1.2217795;0.0004188;0.2701459;13.7210979;131.3568268;7.9888444;34.1329689;10.4024096;22.067421;39.5447502;10.5423164;0.3502673;1.1940371;4.5435462;0.0121298;334.7467957;-0.4266187;0.9640931;0.1447245;0.0001686;1.2927301;0.1403363;-10.1111097;0.9044316;0.3298611;0.2821925;20.0966797;11;51.2573776;4.3234081;22.5487175;3.51144;0.698177
858007.5;782204.5;9;0.6152138;0.0007352;0.9514531;6.506309;172.3837738;7.9881902;33.5535698;6.7234697;24.9419098;39.5092239;9.8733215;0.4612021;1.9505173;4.6242967;0.0237111;3.814075;0.066519;0.9687667;0.1720332;0.000184;1.1983165;0.1168061;-3;0.9977852;0.1086956;0.1447879;13.75984;2;51.7119446;4.3041968;20.5067406;3.7962787;0.7640231
862468.5;782204.5;5;0.4074867;0.0012026;2.9421685;1.567425;210.5288086;7.9946508;32.9724159;7.5780349;26.5833473;39.1409721;10.429019;0.5670233;2.5873549;4.5438766;0.0375305;330.7511902;-0.4886038;0.9747028;0.1675299;0.0001925;1.1746638;0.1026632;-1.5555561;0.8725058;0.2645503;0.0919875;7.3652511;4;52.2656517;4.3061914;19.1721439;5.0090494;0.8786342
866929.5;782204.5;5;0.3240258;0.0013856;5.1595654;0.453951;216.8464661;7.9943905;32.748909;7.8803258;27.137598;38.9300575;9.900115;0.557339;2.6441305;4.5260682;0.0383677;341.565094;-0.3162277;0.9415027;0.1524305;0.0002055;1.1101762;0.0959748;0;0.9486833;0.1666667;0.0406086;4.9888759;4;51.9886627;4.3544374;18.3437195;4.9066877;0.9009365
871390.5;782204.5;5;0.2974678;0.0014079;8.7840023;0.2579584;217.0507507;7.9893036;32.6198425;5.6808386;27.3652859;39.625351;8.7682323;0.5570301;2.5000663;4.5378761;0.0337154;248.1985931;-0.9284766;0.9765021;0.1396069;0.0002026;1.0026668;0.1232992;0;-0.3713908;-0.2916667;0.0345769;4.4221659;0;52.2911911;4.3519287;17.1918316;4.5737734;0.9580307
875851.5;782204.5;5;0.3035573;0.0015028;9.7347775;0.216281;218.1896362;7.9880853;32.5454636;6.9567251;27.3702068;40.0812111;8.3157187;0.4689096;2.3836524;4.7343183;0.0309566;246.0375061;-0.9138116;0.9813012;0.1298307;0.0002248;0.9672937;0.1333921;0;-0.4061384;-0.1358025;0.1264744;8.1513462;6;47.0687485;4.3533487;16.7192307;4.3353019;0.9434891
880312.5;782204.5;5;0.308358;0.0015123;16.6153774;0.212996;218.1847992;7.9864483;32.3551826;7.2411852;27.35079;39.895237;8.0628052;0.4133969;2.2439873;4.9608669;0.0332128;258.690094;-0.9805806;0.9829587;0.1431118;0.0002185;0.8981822;0.1319885;0;-0.1961164;0.4102564;0.0081849;10.4136696;27;48.3643646;4.3528214;16.2858448;4.5021901;0.9439138
884773.5;782204.5;5;0.3468605;0.0014744;17.6707745;0.2111413;217.9391937;7.9889841;32.5829697;8.4211016;27.3455048;39.6669006;8.2480135;0.4674799;2.2646036;4.4859757;0.0315228;45.7848206;0.7167259;0.9838399;0.1312738;0.0002247;0.8885369;0.114325;0;0.697355;0.2079772;0.1657315;12.5471897;17;45.5106277;4.3612943;15.9356289;4.8359122;0.930051
889234.5;782204.5;5;0.3069936;0.0015692;25.0966415;0.360794;212.9170685;7.9933381;32.3873787;8.1684189;27.1264534;39.4747276;9.4493122;0.4512905;2.2575936;4.1314449;0.0302195;343.7203064;-0.280326;0.9747407;0.1186889;0.0002532;0.8201427;0.0993589;0;0.9599048;-0.2250712;0.1889628;14.6042404;-1;41.3680954;4.4036918;15.294466;5.5413065;0.8542646
893695.5;782204.5;5;0.3892109;0.0013771;19.2050724;0.3132303;211.5376282;7.989152;32.6055908;11.5186243;27.3609314;39.4630127;8.5258808;0.4822775;2.3232636;4.2342181;0.0337877;338.1986084;-0.3713911;0.9843501;0.1067598;0.0003541;0.8101498;0.1197382;0;0.9284765;0.4969136;0.2074608;14.6472902;27;43.885128;4.2946239;14.6302328;5.2985206;0.8772568
898156.5;782204.5;5;0.5817404;0.0013322;21.1628475;0.6062449;205.5907745;7.9885087;32.5525398;12.9779367;27.2920952;39.2314072;7.7279315;0.4760185;1.9633294;3.5984867;0.0303463;22.2702694;0.378976;0.9842529;0.1171534;0.0004516;0.8151644;0.1316791;0;0.9254065;0.3364197;0.1821306;14.0510502;22;41.8908081;4.3490524;15.8469505;5.7996812;0.8352889
902617.5;782204.5;1;0.4971873;0.0011006;19.5008793;0.5918992;202.8567657;7.989264;32.3051567;13.8851681;27.0397358;39.2017746;8.8669319;0.52314;2.0147882;1.3533701;0.0288917;4.2363949;0.0738717;0.9844853;0.1672898;0.0005541;0.8018198;0.1272744;0;0.9972678;0.1146953;0.0869179;10.4468098;13;42.1489868;4.3707919;16.0732307;5.7916555;0.7899616
907078.5;782204.5;5;0.4802868;0.001135;24.436676;0.6600962;199.2405548;7.9921808;32.2585602;14.8797169;27.1616077;39.9872398;10.0249376;0.4539253;2.0547941;1.505078;0.0270399;30.9637604;0.5144958;0.9480899;0.1648238;0.0006472;0.7745481;0.0958222;0;0.8574929;0.1071429;0.0093598;7.2877369;11;39.5704041;4.3527036;16.7799644;6.143858;0.7483773
911539.5;782204.5;1;0.64055;0.0009668;25.5579166;1.6652172;185.7009125;7.9897718;32.3861046;21.9086075;26.9889221;39.483284;8.8688955;0.3672687;1.8869082;0.9504063;0.0210834;284.5344849;-0.9679969;0.9844437;0.1983669;0.0007466;0.7176998;0.122291;0;0.2509621;-0.3915344;0.0447731;6.7622771;5;40.1638031;4.3835125;17.4420567;6.0169287;0.7019095
916000.5;782204.5;1;0.7472454;0.001087;29.6180134;1.1306415;179.4109192;7.9897499;31.8421154;28.8842468;26.9433365;37.2026787;8.1855259;0.3533198;1.7882429;1.0711943;0.0182906;299.3577881;-0.8715754;0.9838293;0.2226563;0.0008113;0.7228832;0.1228074;0;0.4902614;0.0185185;0.1178696;9.0690088;16;37.5914345;4.3676796;18.4339008;6.2960024;0.7222228
920461.5;782204.5;1;0.8217455;0.0009925;27.5474834;1.0988039;112.7874832;7.9894862;31.7596455;30.3828831;27.0772018;35.385685;8.6219559;0.3515189;1.7346221;1.4820621;0.0192167;306.6070862;-0.8027438;0.9839358;0.2216525;0.0009254;0.7260636;0.1230479;0;0.5963241;0.0959302;0.1399741;11.5047503;28;36.6766548;4.4135494;19.3952465;6.2448545;0.6327078
924922.5;782204.5;5;1.1227485;0.0008976;27.4043865;8.4294739;86.355072;7.9921227;31.6437664;33.3494339;26.8212376;35.1246834;9.2889557;0.3041504;1.6622921;1.8659241;0.0230393;298.0725098;-0.8823529;0.9793438;0.1794104;0.000977;0.7723005;0.1549385;0;0.4705882;0.3121212;0.2183054;18.1605492;49;34.9951477;4.5366421;21.2620564;6.3726897;0.5721644
804475.5;777743.5;16;2.5105052;0.0007094;3.72E-05;32.5529442;11.2077284;8.0012178;34.8884277;31.9248352;12.1608696;39.0296516;6.2800193;0.0126631;0.0325832;6.1241693;2.00E-07;200.6269989;-0.3522829;0.8047493;0.1116002;0;1.7540857;0.350008;-227;-0.9358935;0.1981424;1.061554;105.0698013;-163;46.4795647;4.0311255;52.0672112;0.0148128;0.1565187
808936.5;777743.5;16;2.4421904;0.0007041;1.07E-05;31.6871605;13.0213156;8.0007992;34.9183998;29.0763988;12.6189566;39.2009544;4.885036;0.0155905;0.0388664;6.1511111;5.00E-07;230.3862;-0.7703602;0.811692;0.1038305;2.10E-06;1.7935545;0.3153834;-157.375;-0.637609;-0.178491;0.7980029;66.6575928;-197;49.4030151;4.002202;50.3475418;0.0451981;0.1897077
813397.5;777743.5;16;2.248776;0.0006846;3.04E-05;29.4282532;24.2745476;8.000514;34.9451866;23.2593098;13.395483;39.3830414;4.2412858;0.0308886;0.0713408;6.1669445;2.30E-06;241.8787994;-0.8819523;0.818019;0.0760661;1.91E-05;1.7568547;0.2878339;-119.8889008;-0.4713387;-0.0261438;0.5550968;40.1509514;-123;49.4508896;4.0272603;48.448452;0.0796392;0.2262458
817858.5;777743.5;16;2.0499949;0.0006472;0.0063066;26.9156303;38.4953194;8.0004177;34.9613419;17.8735161;14.2644196;39.5804787;5.1154866;0.0613564;0.1473652;6.1669574;0.0001807;251.5650024;-0.9486833;0.8306751;0.0667063;3.60E-05;1.7201546;0.270361;-99.4444427;-0.3162278;0.2543209;0.0812171;13.4751701;-88;50.1084633;4.0709229;46.2938271;0.1198567;0.2666687
822319.5;777743.5;16;1.8308221;0.0005415;0.0363578;23.4388924;63.9927444;8.0002146;34.9371071;14.126647;15.4845171;39.7724113;7.4678411;0.1494686;0.3888796;6.1536622;0.0010307;338.7026062;-0.3632084;0.8488771;0.1272844;5.29E-05;1.6834548;0.2467383;-93.3333435;0.9317079;-0.1222221;0.1016481;8.2596741;-97;51.2775726;4.2631497;43.6040497;0.3031881;0.3154952
826780.5;777743.5;14;1.6396161;0.0004456;0.0589496;20.4174786;86.3301086;7.9998016;34.9175606;10.8142729;16.5133324;39.9535522;7.2692966;0.2287199;0.6042306;6.1142454;0.0017141;305.8886108;-0.810158;0.8692799;0.1787027;6.99E-05;1.6467549;0.211044;-84.5555573;0.5862116;-0.0257936;0.2437028;16.1252804;-86;49.8769302;4.118474;39.8637848;0.7674468;0.3692732
831241.5;777743.5;13;1.7345499;0.0004657;0.001209;22.1033592;75.4328842;7.9993587;34.9681053;11.6420507;15.4841938;40.1086311;7.4137597;0.2040084;0.5134178;6.0291843;0.0005427;303.3106079;-0.8357054;0.8912361;0.1324461;8.68E-05;1.6100549;0.178853;-67;0.5491781;0.0322581;0.3361301;20.9549809;-65;53.3365326;3.9907818;35.7742844;1.2538091;0.4342421
835702.5;777743.5;9;1.6528161;0.0003902;0.0013328;20.7587605;86.4076233;7.9988008;34.9502449;10.4034529;15.9538021;40.1952591;10.2925882;0.2701487;0.6904393;5.8034744;0.0009279;317.1611023;-0.6799397;0.9127398;0.1534269;0.0001038;1.573355;0.1552044;-48;0.733268;0.1363636;0.361196;25.4383793;-36;47.1661987;4.0866518;30.7035828;1.8341804;0.5081178
840163.5;777743.5;14;1.7533712;0.0004823;0.0006804;22.4071941;72.7902756;7.9982586;34.9737167;11.897994;15.3972168;40.2446175;9.7578382;0.1904384;0.4780293;5.5479183;0.0004971;331.2601929;-0.4808329;0.9448622;0.1161907;0.0001273;1.4985096;0.1325333;-30.2222195;0.8768123;0.0705706;0.397259;25.0456409;-25;47.8882523;4.2189145;26.4423294;2.419342;0.6017452
844624.5;777743.5;13;1.463215;0.000586;0.3383715;20.8442059;94.3307266;7.992785;34.6728592;13.4680576;17.8887806;39.6418381;10.501442;0.2210291;0.6623092;5.1258769;0.0027866;330.9454041;-0.4856429;0.9529798;0.1508496;0.0002467;1.3436933;0.1393784;-16.6666698;0.8741572;0.0900901;0.347052;23.6877804;-10;49.4871101;4.3409948;25.0968685;3.0327113;0.6623353
849085.5;777743.5;13;1.3707149;0.000434;0.0001673;15.9844694;113.3000031;7.996942;34.499897;9.6657038;19.1571369;39.9319611;9.7521582;0.2311213;0.7146854;4.9216146;0.0055203;313.2101135;-0.7288483;0.9660898;0.1175064;0.0001762;1.3379205;0.1255449;-3.2222221;0.6846752;0.1313131;0.2180337;16.88377;4;50.3516769;4.2466841;23.1164799;3.3027287;0.8332127
853546.5;777743.5;9;0.8544617;0.0006316;2.6024237;6.0816174;162.058136;7.992455;33.621685;7.5855074;23.7340012;39.483654;10.5216827;0.3641416;1.6066701;4.662333;0.0183573;326.309906;-0.5547001;0.977605;0.1562821;0.000252;1.2425493;0.1104458;0;0.8320503;0.3508772;0.0231504;10.0664501;15;52.1862335;4.297646;20.7501297;3.7652581;0.8802173
858007.5;777743.5;9;0.5094182;0.0008327;2.4574232;4.8110533;189.7458954;7.9889479;33.3384781;6.1117105;26.1945038;39.2947769;10.3522034;0.4323299;2.1381137;4.4071779;0.0242176;111.5014038;0.9304084;0.9814668;0.167004;0.0002962;1.1261883;0.104972;0;-0.3665245;-0.4012346;0.0569335;5.2446332;-3;51.263588;4.340457;19.3676262;3.8620653;0.9465176
862468.5;777743.5;5;0.3533476;0.0012257;8.4044895;1.166394;208.2294006;7.9900708;32.7217484;6.0121355;27.17379;39.369957;9.3054256;0.500014;2.3687422;4.1430025;0.0351492;233.1300964;-0.7999999;0.9829906;0.1630964;0.0002813;0.9959348;0.0896154;0;-0.6000001;0.3015873;0.0321039;2.282515;4;51.7629776;4.3034053;18.0261784;4.4475198;0.9442915
866929.5;777743.5;5;0.3181938;0.0015228;3.8375163;0.4248583;216.2934265;7.9914317;32.6772804;8.2500753;27.115942;39.2940826;6.9228363;0.5357686;2.5794578;4.4831381;0.0365441;206.5650024;-0.4472134;0.9829386;0.1528407;0.0002664;1.0315582;0.086583;0;-0.8944272;0.1666667;0.0071786;2;4;51.2320251;4.3754635;17.6824741;4.7357893;0.9692998
871390.5;777743.5;9;0.3107626;0.0016355;6.2705626;0.3822176;214.8456573;7.9880414;32.5017166;8.5162477;27.1070595;39.3415184;9.6392193;0.4994863;2.4456697;4.5616083;0.0336608;326.309906;-0.5547001;0.9835767;0.1372842;0.0002788;0.9749689;0.0885808;0;0.8320503;0.0740741;0.0115752;1.892154;4;45.8145218;4.3932753;16.7795143;5.2353735;0.9709055
875851.5;777743.5;5;0.3091382;0.0016397;16.9619293;0.3793482;213.3456573;7.9887867;32.4401436;8.3971901;27.1056671;39.8149338;6.8938007;0.4728833;2.3393135;4.4465222;0.0316897;236.6894073;-0.8357054;0.9844549;0.1358072;0.0002911;0.9183796;0.09247;0;-0.549178;-0.1111111;0.0672268;7.4386382;4;44.1161652;4.3278174;16.2655506;4.9553332;0.9698521
880312.5;777743.5;5;0.3023694;0.0016112;18.0483284;0.2169406;218.1350098;7.9876089;32.2734909;6.1835089;27.3932667;39.2584724;7.9312911;0.3602728;2.3932385;4.9357848;0.0316121;208.7398071;-0.4808325;0.9847288;0.1583558;0.0003906;0.8183727;0.0932476;0;-0.8768125;-0.0370371;0.1135042;7.7236209;9;46.5302887;4.4046702;16.1745148;5.1622295;0.9995239
884773.5;777743.5;5;0.3594092;0.001503;17.3076096;0.4062439;217.8462372;7.9898448;32.3594742;9.2479334;27.3745098;39.1796951;8.2847185;0.4069378;2.4055576;4.7410789;0.0293009;175.1009064;0.0854012;0.9847712;0.1857906;0.0003822;0.769335;0.1075464;0;-0.9963467;0.1190476;0.0563878;8.0966387;15;44.1356773;4.3695912;16.4881706;5.4575896;0.9987242
889234.5;777743.5;5;0.3948395;0.0013835;20.9189911;0.3508323;216.8083344;7.9902763;32.7281036;15.2210503;27.3043156;38.5982666;9.3734436;0.4535895;2.2389238;4.1907721;0.0289734;252.7584991;-0.9550642;0.9847859;0.1622259;0.0004309;0.7495744;0.1168158;0;-0.296399;0.1309524;0.0487408;9.140873;17;43.3400116;4.3778014;15.7414961;5.5174236;0.9932467
893695.5;777743.5;5;0.5184227;0.0010874;18.9670124;0.482887;216.2140045;7.9913187;32.8640862;13.8413668;27.3156357;38.5984154;8.7186718;0.3867768;1.9920306;3.9511149;0.0290687;210.1734924;-0.5026206;0.9847809;0.1535015;0.0004667;0.7601545;0.1149581;0;-0.8645071;0.3492064;0.0798412;8.9041538;25;43.2446976;4.3200583;15.5485687;5.6449056;0.9745229
898156.5;777743.5;5;0.639113;0.0008495;16.1706009;1.140954;208.8110962;7.9915071;32.6607628;24.00173;27.1810322;38.5153503;8.475255;0.467644;1.8687563;1.8625971;0.0281248;140.3144989;0.6385725;0.9847296;0.1883447;0.0005249;0.7512993;0.1195016;0;-0.7695616;0.1064815;0.0980351;7.646512;18;44.0177841;4.3920164;16.2345009;5.7793221;0.9109511
902617.5;777743.5;5;0.6415936;0.0008998;21.8878727;3.7624645;196.8023224;7.991827;32.2953339;28.1160793;27.235445;38.1802139;8.1025696;0.3961325;2.0339611;2.2475808;0.0246613;111.8013992;0.9284767;0.984731;0.2100672;0.0006313;0.7814914;0.1353199;0;-0.3713906;-0.2857143;0.0345769;5.0771818;10;42.0527954;4.3997626;15.7245054;6.0351095;0.83543
911539.5;777743.5;5;0.8748668;0.0009419;28.1410828;4.3127127;71.1947174;7.9894981;31.8773251;24.8371868;27.148838;36.6900749;9.4002199;0.3620912;1.7875032;2.0732124;0.0191669;316.145813;-0.6928263;0.9846829;0.184937;0.0007889;0.7145145;0.1199307;0;0.7211044;-0.2222222;0.1135269;8.62955;10;38.360981;4.3936572;20.1672783;6.4661045;0.7731325
920461.5;777743.5;5;1.2513357;0.000921;30.1217575;10.6295853;68.5803223;7.9917798;31.7711334;30.9570827;26.6921558;35.1508827;9.3522091;0.2968691;1.7446903;2.8240454;0.0223302;251.5650024;-0.9486833;0.9797246;0.2049783;0.0009522;0.77196;0.1512412;0;-0.3162278;-0.1111111;0.0456846;10.1434202;26;34.1080513;4.4621053;22.1497974;6.0613542;0.5670656
795553.5;773282.5;16;2.913482;0.0007119;1.65E-05;37.4330673;6.8505788;8.002327;34.6995468;50.2542686;9.1952143;38.9198265;6.8552113;0.0063789;0.0232038;6.0774598;1.00E-07;215.5265045;-0.5810798;0.7897307;0.0768008;0;1.6588494;0.375625;-669.5999756;-0.8138466;0.2079147;1.916414;224.5702972;-533;48.1602211;4.083694;53.2968407;0;0.1164562
800014.5;773282.5;16;2.8526053;0.0007094;1.87E-05;36.5578918;6.3578134;8.0023355;34.7288132;46.6626167;9.7137508;38.964859;6.5192189;0.0067765;0.0238568;6.1020799;1.00E-07;224.2897949;-0.6982874;0.7943645;0.06671;0;1.7058489;0.3560731;-458.5714111;-0.7158175;0.0706437;2.196537;171.2064972;-420;48.2624397;4.0074167;52.9366188;0;0.1468314
804475.5;773282.5;16;2.756007;0.0007065;8.40E-06;35.2127991;5.3091955;8.0021305;34.7996101;41.2806168;10.6294851;39.062542;5.3539605;0.0064148;0.0228564;6.1261044;0;220.5921936;-0.6506703;0.8009748;0.0731564;0;1.7528485;0.327925;-330.75;-0.7593603;0.0689462;2.18469;148.2866974;-300;47.7540398;4.0270586;51.8066559;0.0182918;0.1795429
808936.5;773282.5;16;2.5933475;0.0006956;8.30E-06;33.1760445;9.6762028;8.0016994;34.8662224;34.5668678;11.6930971;39.2155762;4.4956861;0.0131337;0.0369339;6.1495032;1.00E-06;238.611496;-0.8536555;0.8125882;0.0744951;2.60E-06;1.7885047;0.2907398;-216.6667023;-0.5208381;0.082897;1.485165;114.8506012;-185;46.7121887;3.9612114;49.867485;0.0558135;0.2149402
813397.5;773282.5;16;2.2702553;0.0006648;3.28E-05;29.4595432;27.1954441;8.0014219;34.9226723;24.6188622;13.1158428;39.3841286;4.5569301;0.0370484;0.0876292;6.1632504;4.40E-06;264.4874878;-0.9953753;0.8269291;0.0634293;2.34E-05;1.7447567;0.2619082;-143.3332977;-0.0960631;0.1314102;0.7853126;65.9629517;-116;48.6616783;4.0045595;47.6329117;0.0956261;0.2546829
817858.5;773282.5;16;1.9555175;0.0006089;0.0140816;25.5314732;48.2844543;8.0013618;34.9525681;15.9283581;14.6693659;39.5747871;4.7420869;0.0851035;0.2108121;6.1632504;0.0003982;284.5344849;-0.9679969;0.8438016;0.0765145;4.42E-05;1.7010086;0.244974;-99;0.2509621;0.0571429;0.1343191;11.4503803;-97;51.3604317;4.1338072;44.9776192;0.1387017;0.2997269
822319.5;773282.5;14;1.6725261;0.0004575;0.0814228;20.7994499;82.938591;8.0011873;34.8815651;12.0163574;16.7198391;39.7551155;8.0522947;0.2248926;0.6094477;6.1532636;0.0022757;290.8208923;-0.9346961;0.860871;0.1813736;6.50E-05;1.6572605;0.2222768;-87.1111069;0.355448;-0.052469;0.1219312;10.7024899;-89;50.0448952;4.1167569;41.9908295;0.3076322;0.3521798
826780.5;773282.5;14;1.4407035;0.0003315;0.1319383;16.9469242;111.3389816;8.0007868;34.8268776;8.7271538;18.339962;39.9151726;7.5857782;0.3396449;0.9340207;6.1236734;0.0037084;296.9957886;-0.8910393;0.8806984;0.2651333;8.59E-05;1.6135125;0.1882672;-73.4444427;0.4539261;-0.094162;0.2864338;19.0561199;-79;52.030468;4.1775336;38.3533249;0.7236112;0.4150248
831241.5;773282.5;9;1.5670626;0.0003823;0.0646739;19.2508907;95.9631424;8.0003633;34.8864059;9.7975178;16.9476357;40.0471268;7.9923725;0.2791403;0.7401545;6.0728207;0.0020263;297.59729;-0.8862254;0.9079626;0.2011978;0.0001067;1.5697645;0.1615015;-52.8888893;0.4632542;-0.0017637;0.3187804;20.3056908;-53;48.9305267;4.1369038;34.3999023;1.1071742;0.4936207
835702.5;773282.5;13;1.6693562;0.0004295;0.0002186;21.1513748;83.204071;7.991467;34.9168129;10.7196865;15.7904739;39.8037682;9.8155975;0.2240668;0.5707617;5.9560819;0.0007301;292.9809875;-0.9206343;0.9431258;0.1397855;0.0001275;1.5260165;0.1436824;-30;0.3904262;-0.0735294;0.333019;21.2550602;-35;46.7381172;4.0283041;29.3937778;2.2114844;0.5918995
840163.5;773282.5;13;1.3495876;0.0005796;0.7904867;17.9309673;92.581749;7.9923601;34.5028954;10.5073195;19.3318539;39.7851753;10.1111002;0.2863899;0.9389058;5.5466032;0.0042132;301.8169861;-0.8497359;0.96311;0.1710939;0.0002649;1.3282964;0.1323382;-12.4444399;0.5272086;0.3439153;0.2587982;16.55369;2;48.2975693;4.313879;26.9604092;2.6697099;0.7194373
844624.5;773282.5;9;1.0958681;0.000685;3.5617793;13.6786671;123.6437607;7.9923544;34.1195145;12.7299261;21.7670021;39.4280548;10.4502182;0.2955806;1.0858338;5.1775327;0.0119802;330.4612122;-0.4930126;0.972656;0.1697483;0.0002875;1.3072621;0.1208559;-0.6666667;0.8700222;0.2150538;0.1107001;9.7410927;6;48.639286;4.3732448;23.4412003;3.3771503;0.7711849
849085.5;773282.5;9;0.9449023;0.0007313;11.5085106;7.4800043;173.0926056;7.99231;33.6244926;11.7286339;23.2397957;39.3902245;10.1793671;0.325756;1.3971839;4.7167416;0.0175453;288.434906;-0.9486834;0.9788716;0.1611818;0.0003383;1.174349;0.1103821;0;0.3162274;-0.0133333;0.0355325;6.0369229;4;49.8660812;4.3736305;21.7436028;3.5580661;0.9100282
853546.5;773282.5;9;0.5282183;0.0007755;9.0285072;1.5143068;188.5225677;7.989727;33.5265503;8.6856613;26.5392475;39.3355217;10.6825733;0.3819806;1.9726646;4.2600307;0.0206799;129.2893982;0.7739572;0.9829757;0.1883429;0.000327;1.0612696;0.1009859;0;-0.6332379;-0.0308642;0.0228141;4.5242829;4;49.4854584;4.3249712;19.8135853;4.0457096;0.9422698
858007.5;773282.5;5;0.4709577;0.0010723;14.5182705;2.265888;202.9048309;7.9916105;33.0463867;6.9120393;26.2675953;39.3092804;9.9916792;0.4528359;2.0074537;4.0038295;0.0261804;75.9637527;0.9701425;0.9841371;0.2061784;0.0002765;1.1047101;0.0949558;0;0.2425357;-0.154321;0.0397103;4.8483171;1;47.5777206;4.3641024;18.8413582;4.5436378;0.9734714
862468.5;773282.5;5;0.3254696;0.0013695;11.4066839;0.265021;215.7093048;7.9906163;32.8716698;8.9841862;27.3487434;39.1337204;9.1002007;0.474694;2.4838488;2.9548819;0.0348409;180;-1.00E-07;0.9844262;0.1959327;0.0003798;0.8934165;0.0838948;0;-1;-0.1604938;0.0032104;2.629369;0;49.8275986;4.3843379;17.1151009;4.8099957;0.9928116
866929.5;773282.5;5;0.3169067;0.0015694;16.2453575;0.4358498;214.2243805;7.9915509;32.5908241;8.2191105;27.098629;39.724369;6.7195044;0.5012839;2.4441071;3.4681263;0.03397;225;-0.7071067;0.9846672;0.1826397;0.0003273;0.9529402;0.0759193;0;-0.7071068;-0.2063492;0.0317812;2.1659541;1;51.0106735;4.3495979;16.6326275;5.3003149;1
871390.5;773282.5;5;0.3110287;0.0016506;17.8174171;0.3992602;213.2562408;7.9914789;32.4697495;8.4200459;27.0959587;39.6775513;10.0318537;0.4791107;2.3611052;4.4001608;0.032204;217.875;-0.6139407;0.9847184;0.1603309;0.0003425;0.8977683;0.0841344;0;-0.7893522;0.4444444;0.018302;1.911628;6;44.254509;4.3509145;15.8731766;5.4904108;0.9945077
875851.5;773282.5;5;0.3097374;0.0016522;23.1153202;0.3931929;212.4957123;7.9916368;32.4326363;8.3580036;27.0976086;39.3641167;6.6963954;0.4648202;2.3041613;4.8624377;0.0311346;206.5650024;-0.4472134;0.9847804;0.151554;0.0003577;0.8425964;0.084463;0;-0.8944272;-0.2222222;0.0143573;2.0061629;3;43.5073853;4.3501124;15.2874546;5.3703203;0.9839177
880312.5;773282.5;5;0.3167786;0.0016283;20.0173111;0.195283;218.1887817;7.9904056;32.4674263;10.2834778;27.3957748;39.1557388;8.4253635;0.4332321;2.3606119;4.4270897;0.0275281;208.6105042;-0.478852;0.9847894;0.1525049;0.0004326;0.6928678;0.0913508;0;-0.8778957;-0.0952381;0.040226;4.0551748;4;42.6637077;4.4022231;15.0014238;5.4353895;0.9998896
884773.5;773282.5;5;0.4137697;0.0015135;20.6575985;0.3270128;216.473465;7.9935679;32.1214294;15.1673985;27.3373604;38.3695679;8.4814758;0.4495306;2.2499039;4.1161132;0.0263592;211.7595062;-0.5263544;0.9847887;0.2136457;0.0004198;0.7307471;0.1007163;0;-0.8502653;-0.2708333;0.0792907;5.2068329;4;41.9350204;4.4504509;15.574131;5.3774228;0.9998153
889234.5;773282.5;5;0.5794662;0.0010284;23.5048447;2.5147266;214.750412;7.9925456;32.1502647;15.3881779;27.2995224;38.0337753;8.8307629;0.461064;2.1801248;3.411998;0.0271968;205.5599976;-0.4314555;0.9847882;0.2054096;0.0004699;0.7669747;0.1154063;0;-0.9021342;0.0833333;0.0818491;7.498148;13;40.9732323;4.3891816;15.019804;5.647306;0.9983289
893695.5;773282.5;5;0.7235367;0.0009982;18.6392174;4.241508;201.3632202;7.9939189;31.9743633;17.8872318;27.2547035;37.636837;9.6161537;0.3403891;1.9445218;3.5274491;0.0226461;192.5287933;-0.2169305;0.9847786;0.1935257;0.0005199;0.7743033;0.1188295;0;-0.9761871;-0.4848485;0.0591966;6.0918889;3;41.1926079;4.3534861;16.7524586;5.8246531;0.9936252
902617.5;773282.5;5;0.9577867;0.0009068;20.6215687;8.0117636;133.1391144;7.9940386;31.628788;27.5821095;27.1818943;36.7056541;9.3297882;0.3923061;1.9787425;2.6291013;0.0211386;339.7750854;-0.3457054;0.9847468;0.208398;0.000699;0.7559189;0.1394709;0;0.9383431;-0.3859649;0.0650054;6.0369229;8;38.8956833;4.3867764;18.2799721;6.037087;0.9136076
911539.5;773282.5;5;1.0499107;0.0009665;25.9236336;12.8397331;30.1476364;7.9937706;31.5053997;28.0943565;27.0675831;35.5168877;9.1698036;0.3095412;1.9393793;2.8663216;0.0247991;287.5256042;-0.9535826;0.9844155;0.1895523;0.0008502;0.705573;0.1514604;0;0.3011316;-0.1257143;0.0639665;8.1139841;16;35.5016479;4.4453888;24.8045197;6.0858808;0.6364115
916000.5;773282.5;5;1.3153349;0.0010295;26.7745571;12.9542303;31.7834778;7.9942517;31.9222469;28.3098602;26.5965214;35.1740341;9.9692764;0.3204498;1.9305794;3.0593619;0.0272693;313.876709;-0.7208331;0.9829437;0.1818346;0.0008707;0.7807308;0.1776147;0;0.6931087;0.4916666;0.1157966;8.3522453;34;33.8165665;4.5069909;24.1075859;6.1063566;0.5805173
791092.5;768821.5;16;3.0849452;0.000701;0;40.0219116;18.4539967;8.0034914;34.6386642;71.6713791;7.0485363;38.9624901;7.6877799;0.0043633;0.0199913;5.9828506;0;246.9745026;-0.9203309;0.7806168;0.0708448;0;1.6209829;0.3824074;-773;-0.3911407;-0.5588235;2.2313819;226.651001;-1077;47.7581367;4.0107083;53.6270561;0;0.1078292
795553.5;768821.5;16;3.0669816;0.0007053;0;39.6664467;14.2078772;8.0033016;34.6359673;66.2743988;7.4543362;38.9884224;7.5379176;0.0043641;0.0199913;6.0891242;0;236.5106049;-0.8339874;0.7860557;0.0528739;0;1.6641207;0.35376;-693.166687;-0.5517835;-0.0240994;2.160439;211.6683044;-709;47.566391;4.095695;52.7415123;0.0003714;0.1377562
800014.5;768821.5;16;3.021765;0.0007085;0;38.9422531;10.4344177;8.003274;34.6584435;60.150383;8.0825634;39.0126305;6.3549614;0.0044054;0.0199964;6.1086483;0;209.9998016;-0.4999969;0.7905939;0.0438483;0;1.7072585;0.3348715;-560.375;-0.8660272;-0.0951566;2.1916389;152.8119049;-609;47.455677;4.1097441;52.2232437;0.0010317;0.1690912
804475.5;768821.5;16;2.9311271;0.0007098;0;37.603508;7.4487238;8.0030479;34.7228622;52.8146324;9.0815039;39.0899429;6.0363307;0.0045143;0.0200098;6.1282907;0;221.9658051;-0.668687;0.8016442;0.0497314;0;1.7503963;0.3058814;-466.333313;-0.743544;-0.0154419;2.8710141;183.3235931;-476;47.3374519;4.1098208;50.9365387;0.0238941;0.1968483
808936.5;768821.5;16;2.7612927;0.0007037;5.00E-06;35.4106522;9.2580042;8.0026121;34.7929039;43.6608162;10.372817;39.2230797;5.4660716;0.0101878;0.0315243;6.1480575;7.00E-07;233.9028931;-0.8080193;0.819715;0.0532999;3.10E-06;1.781788;0.2662717;-308.2221985;-0.589156;0.0230174;2.7116411;171.5289001;-296;45.3311195;4.0572906;48.8419876;0.0700971;0.2348664
813397.5;768821.5;16;2.3991246;0.0006792;2.21E-05;31.1435299;22.7122231;8.0023432;34.8765945;30.0917091;12.3741798;39.3753853;4.610548;0.0293756;0.0709695;6.1596661;3.30E-06;240.6517029;-0.8716568;0.8400047;0.0512469;2.75E-05;1.730958;0.2362173;-185.7778015;-0.4901168;0.2408865;1.581485;121.0580978;-94;45.6966553;4.1033187;46.3406487;0.1176371;0.2784465
817858.5;768821.5;16;2.0293381;0.0006227;0.0128433;26.4073124;42.9917259;8.0023117;34.9278069;18.1647377;14.5598755;39.5550003;5.2710109;0.0784407;0.2011095;6.1596551;0.0005463;230.7106018;-0.7739573;0.8609536;0.0703014;5.20E-05;1.6801279;0.2197719;-110.1110992;-0.6332378;0.1365349;0.2965806;35.1960983;-94;47.9221306;4.1312256;43.2599373;0.1670813;0.3292536
822319.5;768821.5;7;1.6306021;0.000444;0.0743202;19.8885326;89.2073212;8.0021553;34.8555946;12.4778872;17.4460411;39.7215004;7.1383429;0.2410398;0.6758893;6.1527305;0.0031434;270.4307861;-0.9999717;0.8812386;0.1695638;7.65E-05;1.6292979;0.1981272;-85.8888931;0.0075187;-0.1451248;0.2134959;15.5595198;-93;46.4516716;4.1117983;40.0259209;0.322942;0.3903104
826780.5;768821.5;9;1.2788408;0.0003219;0.2603465;14.2029848;129.4261627;8.0017576;34.751255;7.6631556;19.9393749;39.8622665;9.6361332;0.379608;1.0996393;6.1322331;0.00585;287.1583862;-0.9554929;0.8999272;0.2509055;0.0001009;1.5784677;0.1662764;-65.2222214;0.2950143;0.0594679;0.3645474;23.83638;-61;49.6288185;4.1743698;36.4909668;0.6876943;0.4667042
831241.5;768821.5;9;1.2559017;0.0005955;1.3182189;14.350049;127.6677017;8.0014639;34.4220352;8.9532633;19.6828995;39.9660835;8.9123898;0.34996;1.1661812;6.1171165;0.0093239;304.5451965;-0.8236795;0.9212933;0.2068021;0.0001254;1.5276377;0.1427865;-38.8888893;0.5670556;0.0089787;0.3878072;27.3310795;-38;49.0833702;4.1152072;33.3324127;0.9566991;0.5651042
835702.5;768821.5;13;1.0747467;0.0005352;2.8644519;13.0588341;132.8913727;7.9928236;33.8902969;7.9952679;20.7585888;39.7589493;10.0730286;0.3417866;1.2454858;5.964294;0.0094862;311.4677124;-0.7493289;0.9659231;0.186349;0.0002236;1.3389589;0.125624;-14.7777796;0.6621979;-0.1126332;0.3684491;23.8223896;-23;47.2055511;4.2504678;27.5833473;2.0431302;0.6693999
840163.5;768821.5;6;0.858502;0.0008104;7.3583512;8.3647213;164.8912811;7.9935298;33.5966949;7.9154201;22.9108047;39.4023323;10.4874287;0.3758;1.5203053;5.5688014;0.017926;312.3056946;-0.7395638;0.9783946;0.1762829;0.0001835;1.3922412;0.1128616;0;0.6730865;0.050505;0.1931703;16.6918297;3;48.6027336;4.2874079;25.6175537;2.8801286;0.8195794
844624.5;768821.5;6;0.7420911;0.0009661;12.8824415;3.6389284;174.9263153;7.9943113;33.2167778;10.4170609;24.7558308;39.1348801;10.6847668;0.3751839;1.6405928;5.0250292;0.0181029;2.489553;0.0434372;0.9822847;0.1997481;0.0003173;1.2312881;0.1157668;0;0.9990562;-0.020202;0.0369543;3.359159;6;49.3100128;4.3835568;22.3668709;3.6500573;0.8903293
849085.5;768821.5;5;0.409208;0.0011459;23.4869709;1.4476182;207.1417389;7.9927158;32.8061142;6.7505393;26.690897;39.063961;10.0830889;0.4432906;2.0201912;4.5583158;0.026757;23.1985893;0.3939193;0.9841514;0.2313006;0.0002533;1.2134694;0.1046756;0;0.919145;-0.3333333;0.0244496;1.885618;4;48.0146561;4.3708067;20.4277592;3.9057133;0.9399597
853546.5;768821.5;5;0.4145009;0.0011652;19.1652145;0.5157492;207.8536072;7.99263;32.9705505;8.8054562;27.2188568;39.0466919;9.8852596;0.4219529;2.1744778;4.1984801;0.0255253;21.8014107;0.3713907;0.9845806;0.2172929;0.0003649;1.0327229;0.1070559;0;0.9284767;0.1904762;0.0172885;1.943651;6;49.3911438;4.3812342;18.5219421;4.5408292;0.9969818
858007.5;768821.5;5;0.3833311;0.0013799;18.4489746;0.8041413;215.1308746;7.9913778;32.8327103;9.0248699;27.3595161;39.0357208;10.3898258;0.4252558;2.3069811;2.6506727;0.0295424;32.0053787;0.5299989;0.984724;0.2262418;0.0003879;0.9095058;0.0788942;0;0.8479983;0.1888889;0.0302867;3.0347781;6;52.4968948;4.3568587;17.287571;4.5648794;0.9998233
862468.5;768821.5;5;0.3187782;0.0014478;19.3433495;0.2566106;217.7048492;7.9917836;32.8794937;13.4341021;27.3950024;39.1900635;10.4046755;0.3891205;2.2332008;3.8837583;0.0345711;17.2414608;0.2963992;0.9847786;0.2356164;0.0004261;0.8482411;0.0913204;0;0.9550641;-0.2020202;0.0487408;3.644716;1;45.3048782;4.303309;16.9038162;5.1231356;0.999958
866929.5;768821.5;5;0.3168156;0.001592;32.2663269;0.4573897;211.7563934;7.9915757;32.5004616;8.0826941;27.0824585;39.4135056;9.9422131;0.4634008;2.2901568;4.0788608;0.0311984;347.735199;-0.2124296;0.9847908;0.2201726;0.0003823;0.8781537;0.0731304;0;0.9771764;-0.4242425;0.0377818;3.5901101;-1;47.2363586;4.4173751;16.4957008;5.3020549;0.9995465
871390.5;768821.5;5;0.3102094;0.0015919;25.8366871;0.2158954;218.2046967;7.9902692;32.8219337;7.7403698;27.4032555;39.2466698;8.6853552;0.4592842;2.402431;4.1248369;0.026634;324.4623108;-0.5812383;0.9847924;0.14678;0.0004978;0.7538021;0.0865171;0;0.8137334;-0.0617284;0.0138084;2.586766;3;44.2665405;4.4850936;15.8051777;5.8879976;0.9999957
875851.5;768821.5;5;0.3337899;0.0015114;25.3087444;0.2340414;218.1965027;7.9914923;32.8197136;8.8330622;27.39324;39.1766357;8.3371906;0.440939;2.3914948;4.3846955;0.0268039;315;-0.7071069;0.9847928;0.1179127;0.0004688;0.7200736;0.0867557;0;0.7071066;-0.5833334;0.0090804;1.333333;2;42.53685;4.4095931;15.5378084;5.6381168;0.9999942
880312.5;768821.5;5;0.4280015;0.0014808;28.5764084;0.4735902;217.4061432;7.9950342;32.5067329;15.4311724;27.3622589;38.7923584;7.8978958;0.4718675;2.1295383;3.1039333;0.0268578;45;0.7071068;0.9847907;0.1313848;0.0005279;0.7277664;0.1049055;0;0.7071068;0.4666666;0.0068103;1.490712;6;43.8537407;4.4948926;14.5400171;6.0149665;0.9999692
884773.5;768821.5;5;0.574717;0.0013986;28.7422791;0.9630846;209.0680237;7.9961314;31.8465233;20.6442795;27.2619953;38.2323952;8.7566013;0.3589689;2.0609643;3.1103175;0.028459;218.6598053;-0.624695;0.9847891;0.2005152;0.0005023;0.738969;0.1048768;0;-0.7808688;-0.3425926;0.0205565;3.1426971;1;42.2416916;4.4193583;14.5396633;5.6377258;0.9998748
889234.5;768821.5;5;0.8346866;0.0011684;28.7889996;4.9265409;160.937439;7.994173;32.0218697;19.6262932;27.1641102;38.2705688;9.1362953;0.3285543;1.9752604;3.8057594;0.02388;252.5527954;-0.9539937;0.9847856;0.2080441;0.0005439;0.7442294;0.1239738;0;-0.2998268;-0.047619;0.0588912;4.7375569;6;39.3912163;4.419734;15.713892;5.8295465;0.998811
898156.5;768821.5;5;1.060195;0.0008765;26.1441479;12.4184561;58.998951;7.9969373;31.6219444;27.7261696;27.0718479;37.1735611;9.1583309;0.3361709;1.9449074;3.1706374;0.0231003;292.7510071;-0.9221944;0.9846634;0.176373;0.0006613;0.7964196;0.1500766;0;0.3867267;0.0059524;0.0539594;6.854166;13;37.2727165;4.3953009;22.6143646;5.8650155;0.9783669
800014.5;764360.5;16;3.1266325;0.0007069;0;40.7796059;19.040369;8.0042286;34.6119347;73.792984;6.6527147;39.0157967;7.1691833;0.004374;0.0199931;6.1171646;0;226.1092987;-0.720664;0.7932659;0.0298662;0;1.7037394;0.3144567;-651.5;-0.6932845;-0.4761194;1.641132;102.3161011;-811;47.2775192;4.0997782;51.4838791;0.0102027;0.1813368
804475.5;764360.5;16;3.0772665;0.0007157;0;39.8833923;12.8980417;8.0039997;34.6510887;65.2455597;7.5266881;39.0739975;6.1633744;0.004404;0.0199964;6.1324577;0;235.9541016;-0.8285888;0.8092042;0.0324906;0;1.7394372;0.2841493;-568.125;-0.5598576;-0.1104369;2.0061841;144.6690063;-625;46.143364;4.0888877;50.0317917;0.0462471;0.2111995
808936.5;764360.5;16;2.9361503;0.0007187;1.40E-06;37.9523277;10.0450058;8.0036211;34.7108841;54.2385559;8.8901281;39.1744423;5.9815021;0.0070405;0.0246829;6.1478868;2.00E-07;240.7384033;-0.8723971;0.8276792;0.0354564;3.30E-06;1.7634041;0.2431878;-409;-0.4887978;-0.1128205;3.0184529;192.1053009;-475;45.4212532;4.1434121;47.774044;0.1133199;0.2520823
813397.5;764360.5;16;2.5722132;0.0007078;6.00E-06;33.5080414;15.1802473;8.0033693;34.8208199;37.2582664;11.4422703;39.2891083;4.9099112;0.0160071;0.0407431;6.156949;9.00E-07;236.4956055;-0.8338437;0.8480536;0.0392516;2.99E-05;1.7052546;0.2123786;-266.666687;-0.5520006;0.1243055;2.3337989;159.2118988;-207;44.6741562;4.1327891;45.0155678;0.1871718;0.3030212
817858.5;764360.5;16;2.1724582;0.0006579;0.0078937;28.2137356;31.488821;8.0032978;34.8964615;22.1229267;14.2385597;39.4240265;4.3706541;0.0592562;0.1612866;6.1569433;0.0006659;205.9927979;-0.4382586;0.872758;0.0574912;5.65E-05;1.647105;0.1960286;-156.7778015;-0.898849;0.2391067;1.149922;74.8357773;-108;46.3210335;4.1371899;41.5439415;0.2706787;0.3609087
822319.5;764360.5;3;1.6365961;0.0004594;0.0457368;19.6893635;90.2560577;8.0030937;34.8417969;13.9983997;17.9626045;39.5591812;6.882102;0.232779;0.6788668;6.1511364;0.0038556;226.8986053;-0.7301456;0.899685;0.1306192;8.30E-05;1.5889553;0.176438;-114.3332977;-0.6832917;0.0877915;0.8221667;72.5534286;-93;45.6035042;4.0963802;38.0611725;0.4239706;0.4313751
826780.5;764360.5;9;1.1322337;0.0003553;0.4115746;11.7582407;144.6632233;8.0026255;34.6818314;7.0204434;21.4452267;39.6947937;8.4672003;0.3903515;1.1976577;6.1339421;0.0080523;268.0354919;-0.9994122;0.9272783;0.1952301;0.0001096;1.5308057;0.1504865;-64.2222214;-0.0342803;0.0286935;0.6087036;48.6113281;-59;49.4285851;4.107739;34.5565224;0.7142475;0.5307973
831241.5;764360.5;5;0.8483697;0.0009117;3.0733745;7.9798665;168.5498657;8.0022802;33.7847443;8.0684843;23.2379055;39.7948112;7.1150208;0.4362722;1.7249238;6.1212611;0.019299;298.6861877;-0.8772621;0.9461693;0.200222;0.0001362;1.4726561;0.1313473;-23.3333302;0.4800117;0.0164609;0.4848794;30.6304092;-22;53.0063362;4.135726;31.9718437;0.9283267;0.6584493
835702.5;764360.5;6;0.8011144;0.000714;9.5060701;5.4525242;175.6569672;7.9920526;33.0682411;7.4955359;25.0204945;39.3737526;10.0795612;0.4342487;1.7613136;5.9437332;0.0187042;320.8559875;-0.6312715;0.9780018;0.1867555;0.0002821;1.2897543;0.1287068;-1.5555561;0.7755619;0.3716475;0.2669916;19.4885197;20;49.9315796;4.316525;26.7157516;1.9716185;0.7498008
840163.5;764360.5;6;0.8324112;0.0008405;18.7837086;3.1016603;178.722702;7.9923568;32.8619118;10.4855967;26.1423187;39.0988426;9.9887772;0.3971835;1.8151002;5.4876242;0.0228815;357.5104065;-0.0434375;0.9837596;0.1846669;0.0003241;1.2559971;0.1204234;0;0.9990562;0.1524548;0.0739087;11.5191698;13;49.7855835;4.3546791;24.1898384;2.7774951;0.9370373
844624.5;764360.5;5;0.6911613;0.0010472;24.1390495;0.9337938;191.6941071;7.9939466;33.1932793;13.0937767;26.7224541;38.7396622;10.245306;0.4000124;1.9013468;4.8554115;0.0254398;51.3401909;0.7808688;0.9846069;0.2198223;0.0004141;1.1772214;0.1261159;0;0.6246951;0.3;0.0205565;2.9439199;10;47.935791;4.3338895;21.3251133;3.8964474;0.9585612
849085.5;764360.5;5;0.5023897;0.001143;21.9029903;0.498308;197.1880798;7.9940276;32.6901665;11.5979261;27.0988846;38.7739258;9.7921677;0.4325192;2.0203443;4.1074772;0.0252172;4.398705;0.0766965;0.9847634;0.2008193;0.0004174;1.0334842;0.1079272;0;0.9970545;0.0404041;0.0209292;3.1308889;8;49.3135605;4.3855;20.1278095;4.3329296;0.9950752
853546.5;764360.5;5;0.4226737;0.001321;18.8702526;0.4641884;213.5665741;7.9941077;32.9829063;8.6446571;27.3558521;38.5623398;8.9931126;0.4279029;2.1688833;3.3746281;0.0253033;357.8789063;-0.0370116;0.9847867;0.2224782;0.0004155;0.9933945;0.1042968;0;0.9993148;-0.1203704;0.04337;4.0030851;6;48.9688416;4.3588862;16.9807892;4.8623257;0.999275
858007.5;764360.5;5;0.3203878;0.0016246;35.3558884;0.502538;211.1121368;7.9934635;32.4882622;8.1699982;27.0463161;39.1899452;9.8495998;0.4642638;2.2852769;3.5056851;0.0312615;358.4518127;-0.027017;0.9847909;0.2701061;0.0003366;0.9829462;0.0862917;0;0.999635;-0.3730159;0.0594139;4.7088051;3;48.8594437;4.3524303;16.7857475;5.2420502;0.9742377
862468.5;764360.5;5;0.3196304;0.0015864;24.8199997;0.2710221;217.8312836;7.9927416;32.8394051;11.4963884;27.3938789;39.0645828;11.0367126;0.4028755;2.3904619;1.3177804;0.0287981;8.9726267;0.1559626;0.9847925;0.2543112;0.0004431;0.8446409;0.1043098;0;0.987763;0.2296297;0.061753;4.878778;10;49.35215;4.4007044;16.6085911;5.612;0.999994
866929.5;764360.5;5;0.3050223;0.0015992;28.1337681;0.2126075;218.0765533;7.9901733;32.5340385;9.3959484;27.3911495;38.8368416;8.5232372;0.4079453;2.4181037;3.0797589;0.036222;26.5650501;0.4472136;0.9847932;0.1999499;0.0004757;0.7616944;0.1011612;0;0.8944272;0.1666667;0.0502505;4.1365581;8;45.3290253;4.4069829;16.7145996;5.4084516;0.9999975
871390.5;764360.5;5;0.3315246;0.0015521;30.3375301;0.2376192;218.1994934;7.9901485;32.4265556;9.4590816;27.3822403;38.8676491;8.2832909;0.4215768;2.2951765;3.5875018;0.0333541;10.0079803;0.1737853;0.9847931;0.1891875;0.0005521;0.7534368;0.0840394;0;0.9847836;0.0740741;0.0277099;2.5385909;5;43.4301338;4.4568391;15.9236479;5.5517921;0.9999907
875851.5;764360.5;5;0.4244793;0.0013883;27.9241524;0.4549957;218.1579132;7.9931192;32.1224403;11.7651386;27.3722248;38.5414543;8.5179176;0.4124981;2.2966983;3.1103833;0.0300525;332.1026917;-0.4678877;0.9847928;0.166638;0.0005255;0.7585491;0.0914612;0;0.8837879;-0.0606061;0.0308765;2.9439199;5;44.555172;4.4380016;16.2748699;5.7758474;0.9999819
884773.5;764360.5;5;1.1844348;0.001202;31.0632591;7.4968491;93.7004852;7.9967628;31.8668842;21.1808357;27.2213326;38.4309006;9.2578545;0.3545316;2.0149705;3.3672659;0.0237451;56.3099289;0.8320503;0.9847885;0.19677;0.000581;0.7628789;0.1276844;0;0.5547002;-0.2023809;0.0231504;3.4992709;3;41.0159454;4.5097284;17.185051;5.9760389;0.9995199
889234.5;764360.5;5;1.1071267;0.0010124;28.922039;14.8889313;71.5385818;7.9986591;31.6808929;27.2373905;27.0456982;38.0599861;9.5748272;0.3333612;1.9776547;3.6886642;0.024253;248.1985931;-0.9284766;0.9847567;0.1988047;0.000575;0.7579469;0.1488336;0;-0.3713908;-0.1904762;0.0518654;4.853406;4;38.6568451;4.4810534;20.3129234;5.8795729;0.9982771
804475.5;759899.5;16;3.1394219;0.0007143;0;40.900425;16.5067177;8.0049553;34.6212502;71.8167191;6.7669044;39.0577087;6.4496779;0.0043627;0.0199915;6.1364622;0;287.7182922;-0.9525645;0.8202388;0.0251267;0;1.7284782;0.262671;-590.4285889;0.3043369;-0.1955219;1.460691;134.0211945;-679;46.1205482;4.0913372;48.2382088;0.0684567;0.2254904
808936.5;759899.5;16;3.0154033;0.000722;0;39.1451683;11.2350807;8.0046291;34.6755829;59.831871;8.1512938;39.1256752;6.2472715;0.0056453;0.0217328;6.1477113;0;278.3609009;-0.9893718;0.8401036;0.0284074;3.60E-06;1.7450202;0.2204879;-443.7778015;0.1454082;-0.2758946;2.7025981;178.8162994;-574;46.3114967;4.0924644;45.6165009;0.156134;0.2691875
813397.5;759899.5;16;2.6597989;0.0007173;0;34.680584;11.9498014;8.0043926;34.7980385;41.1800461;10.9511404;39.2028389;5.7536016;0.0100418;0.0277038;6.1543193;0;278.0651855;-0.9901092;0.8618013;0.0350412;3.23E-05;1.679551;0.1889744;-280.8888855;0.1402989;0.0488469;2.001404;158.8014069;-255;47.9501648;4.1596522;42.8482323;0.2561381;0.3246333
817858.5;759899.5;16;2.2316933;0.0006855;0.0457546;28.876318;27.9055996;8.004283;34.8285675;24.4060459;14.175065;39.2931137;5.1098843;0.0574529;0.1842351;6.1543179;0.0015664;290.2976074;-0.9379036;0.8847799;0.0532782;6.09E-05;1.614082;0.1726571;-160;0.3468959;-0.541502;0.7495813;84.3721924;-297;47.4455414;4.2260141;39.8712311;0.3736987;0.3938312
822319.5;759899.5;9;1.5280833;0.00055;0.2653769;17.9812546;101.7774887;8.0040264;34.5097733;14.7677889;19.0104904;39.3972931;7.4742908;0.26832;0.9128956;6.1496611;0.0090853;288.6138;-0.9476916;0.9052401;0.1156074;8.96E-05;1.5486128;0.1551978;-98.2222214;0.3191875;-0.2441421;0.9755312;83.0472107;-170;53.9902878;4.0780287;36.1005173;0.5235741;0.4894965
826780.5;759899.5;9;0.8774527;0.000504;1.433136;7.9751401;169.3019257;8.0034771;34.126812;6.4624453;23.4682484;39.5303307;7.3178267;0.456833;1.6084062;6.1357036;0.0168376;290.1195984;-0.9389764;0.9383614;0.1741507;0.0001183;1.4831437;0.1352644;-47.8888893;0.3439815;-0.0332126;0.8632398;55.0503693;-54;52.4903717;4.0864115;30.7717876;0.7393964;0.617211
831241.5;759899.5;6;0.6274772;0.000722;7.8393855;5.3832917;192.932312;7.9941559;33.0929108;7.0712109;25.8719177;39.2657623;8.8567066;0.4733289;2.0668118;6.1087518;0.0185528;297.3499146;-0.8882176;0.9689764;0.1797783;0.0002215;1.3527533;0.1294332;-7.2222219;0.459423;0.2433193;0.4192649;28.9243393;12;52.3772049;4.2404442;28.953743;1.1603447;0.7066965
835702.5;759899.5;6;0.7118551;0.0010415;16.4448643;2.6551223;199.2623444;7.9941769;32.9274368;9.2197886;25.7644196;39.155201;9.7287197;0.4005985;2.0099676;5.938664;0.0210652;311.1859131;-0.7525769;0.9826128;0.1905077;0.0003114;1.2993337;0.12158;0;0.6585044;0.1534392;0.0341269;11.4902;15;49.0444412;4.3120213;25.6171513;2.1703184;0.8207219
840163.5;759899.5;5;0.6774273;0.0011319;18.3802414;2.4892774;177.842926;7.995357;33.0521584;14.909297;26.0671749;38.8612595;10.0446692;0.4325472;2.0571921;5.5137758;0.022847;127.5686035;0.792624;0.9844752;0.1848333;0.0004064;1.199765;0.132604;0;-0.6097108;-0.3730159;0.0526543;4.1305852;6;48.5567703;4.3748388;23.4711723;2.8044763;0.9426576
844624.5;759899.5;5;0.5771375;0.0011886;19.8004589;1.6581724;184.7336884;7.9977236;33.2425537;11.6541176;26.822401;38.9912109;10.2483873;0.4725134;2.0171747;4.3613644;0.0247721;135;0.7071068;0.9847565;0.2098057;0.0004421;1.094395;0.1346185;0;-0.7071068;-0.0416666;0.0136205;2.260777;8;48.9565582;4.4109979;20.4431839;3.8722894;0.9961513
849085.5;759899.5;5;0.4254885;0.001108;22.6814365;0.6516683;204.1481018;7.9945002;32.8717384;10.3941488;27.1206303;38.9293098;10.3116283;0.3626847;1.9923155;3.9164059;0.0291192;304.3803101;-0.8253074;0.9847853;0.2159701;0.0004926;1.0182564;0.1484075;0;0.5646837;-0.3492064;0.0369543;4.201705;5;48.6484108;4.4147367;18.9202557;4.598609;0.9993505
853546.5;759899.5;5;0.5013929;0.0013115;21.2832851;3.324255;213.1659393;7.9959245;33.4103775;10.3307457;27.3393555;38.8454895;9.7837257;0.3925977;1.851814;3.9540524;0.0263704;335.5559998;-0.4138033;0.9847902;0.2360537;0.0004214;0.9411669;0.1203318;0;0.9103663;0.3263889;0.0581869;4.939136;15;49.5473175;4.3809285;18.9160595;5.1390734;0.9999468
871390.5;759899.5;5;0.4283204;0.0014783;24.8397503;0.4334339;217.8104553;7.995997;31.9172878;13.6414242;27.3309555;38.2012024;8.6885986;0.3775525;2.0883291;2.6437974;0.0302018;347.0054016;-0.22486;0.9847929;0.2106998;0.0005846;0.7497021;0.1111534;0;0.9743911;-0.0808081;0.0428319;3.754832;7;43.4443474;4.389936;17.3352051;6.202271;0.9999901
875851.5;759899.5;5;0.6845242;0.0011642;31.2853184;1.8310074;202.8901062;7.9956322;31.7500153;20.2546444;27.310627;38.0909424;9.2458363;0.3547025;1.9757675;3.7992413;0.0264676;352.4053955;-0.1321637;0.9847916;0.1699193;0.0006654;0.7786478;0.1153644;0;0.9912279;-0.3295455;0.048582;4.299346;5;41.1608429;4.4502487;17.9369049;6.0648308;0.9999418
804475.5;755438.5;16;3.1511872;0.0007087;0;41.1597481;19.0110054;8.0060158;34.6165771;74.8720016;6.484139;39.0325127;7.8477631;0.0043627;0.0199919;6.1362963;0;285.1134949;-0.9654114;0.8277854;0.0236891;0;1.717519;0.2477092;-555;0.2607313;-0.1744548;1.138803;109.6464005;-611;45.6676903;4.0915093;46.4446259;0.0869852;0.2426924
808936.5;755438.5;16;3.0372934;0.0007182;0;39.5287132;12.6669998;8.0056438;34.6683121;62.4345284;7.8587718;39.0735359;7.2047238;0.0053013;0.0211174;6.1473961;0;282.4661865;-0.9764234;0.850068;0.0278351;3.80E-06;1.7266363;0.2076424;-434.8888855;0.2158644;0.1373016;2.867945;194.769104;-358;45.2703476;4.1345448;43.4589577;0.1884587;0.2891535
813397.5;755438.5;16;2.6960828;0.0007154;0;35.1379509;11.3002729;8.0053606;34.7950554;43.1549568;10.7244759;39.1169395;5.9534063;0.0085184;0.0249768;6.1539173;0;295.8869934;-0.8996567;0.8754503;0.0355017;3.46E-05;1.6538476;0.1767222;-260;0.436598;0.0892857;2.4251029;177.2718964;-210;46.3774643;4.1788001;40.6808968;0.310518;0.3457332
817858.5;755438.5;16;2.2405972;0.0007085;0.1093019;28.8525982;29.0741863;8.0052023;34.7387428;25.6841259;14.2662649;39.1637383;6.6041832;0.0660784;0.2448464;6.1539164;0.0029354;329.7229919;-0.5041817;0.9025109;0.0542235;6.54E-05;1.581059;0.1588291;-130.2221985;0.8635976;0.297318;1.607379;101.7030029;-44;47.0894623;4.26127;38.1985168;0.4618965;0.4225653
822319.5;755438.5;9;1.3508668;0.0006856;0.6339509;15.3677826;119.5825348;8.0049171;33.9868126;15.086503;20.3771706;39.2332726;8.4048109;0.3301421;1.2855551;6.1513786;0.0170255;332.6872864;-0.4588459;0.9290932;0.1149552;9.62E-05;1.5082704;0.1446168;-70.8888931;0.8885159;0.0489766;1.210243;94.3827286;-56;54.2070198;4.1457405;34.1398659;0.5921799;0.5371088
826780.5;755438.5;2;0.5577672;0.0007218;2.9768972;3.3890252;199.581604;7.9986787;33.2804375;5.9552755;25.8015709;39.1161118;9.8563423;0.5567572;2.2067928;6.1396599;0.0295727;309.7887878;-0.7684092;0.9623906;0.1738288;0.0001269;1.4354817;0.1388332;-27.8888893;0.6399588;0.1352657;0.6997747;56.2088203;-3;51.1203651;4.232234;26.9870529;1.0246584;0.6838989
831241.5;755438.5;2;0.6047933;0.0009242;13.007143;2.4250627;206.3482971;7.9983845;33.072422;7.0574093;26.381609;39.1700592;8.9749565;0.4563241;2.2734683;6.081068;0.0208026;294.3624878;-0.9109541;0.9764125;0.1812035;0.0002717;1.2748369;0.1400951;0;0.4125077;0.1658615;0.1867822;20.6994991;14;51.2761459;4.2385015;27.2668419;1.4927557;0.7524852
840163.5;755438.5;5;0.8139311;0.001243;19.1316051;2.1137187;147.8999634;7.9970336;33.0365906;13.548254;26.2989292;38.5359917;9.5671682;0.4204764;2.1514504;5.1381693;0.0251772;4.6354632;0.0808159;0.984612;0.1990883;0.0003965;1.1700107;0.154672;0;0.9967291;-0.2291667;0.119174;9.2496243;7;49.179451;4.3576059;22.8218613;3.1488686;0.9802569
804475.5;750977.5;16;3.1301191;0.0007079;0;40.7954445;17.9286003;8.0070763;34.6342659;72.794342;6.7066083;39.0073166;7.8175898;0.0043633;0.019992;6.1361299;0;271.6326904;-0.999594;0.8288549;0.0271847;0;1.70656;0.2327474;-510.666687;0.0284919;-0.4567023;1.351872;102.9315033;-639;46.0294304;4.0848961;45.4730721;0.1055137;0.2565427
808936.5;750977.5;16;2.9807606;0.0007032;6.06E-05;38.6267815;14.4943008;8.0066586;34.6880951;59.2633438;8.2606716;39.0213966;6.9753757;0.0167321;0.0510806;6.1470814;6.09E-05;268.9119873;-0.9998197;0.8523439;0.0350166;4.10E-06;1.7082523;0.1947968;-395.5555115;-0.0189875;-0.1412393;2.95628;184.4584045;-469;46.8849869;4.0414877;42.4570732;0.2207834;0.3028603
813397.5;750977.5;16;2.5546072;0.0006539;0.0002682;33.0261879;24.5525074;8.0063276;34.7904663;39.367897;11.3817558;39.0310402;4.2883739;0.0591368;0.1576701;6.1535153;0.0002698;271.697113;-0.9995614;0.8798177;0.05017;3.70E-05;1.6281441;0.16447;-202.3332977;0.0296163;0.1831502;2.599771;164.3728943;-119;46.8472748;4.0790005;39.4815178;0.3648979;0.3606741
817858.5;750977.5;16;2.0350583;0.0006515;1.079885;25.8486481;50.5579872;8.0061216;34.6666527;21.8784714;15.1563215;39.0343666;6.4924388;0.1411476;0.4632773;6.1535153;0.0038727;284.4830933;-0.9682215;0.9106522;0.0750112;6.99E-05;1.548036;0.1450011;-71.3333435;0.2500942;0.2769727;0.8984969;71.6193619;-14;51.8177528;4.1068945;36.5635605;0.5500944;0.4425881
822319.5;750977.5;6;1.160607;0.000827;6.2612562;12.6787271;137.1630859;8.0059748;33.6833344;13.5319281;21.4141159;39.0386467;8.6713428;0.3736615;1.5251517;6.1534162;0.0203723;320.2677002;-0.6392013;0.9444927;0.1366667;0.0001027;1.4679278;0.1320617;-13.2222204;0.7690394;0.0787623;0.3214366;23.15061;-7;54.4586525;4.2229934;33.3937874;0.6735854;0.557661
826780.5;750977.5;2;0.6068327;0.0009084;11.2810068;4.556931;187.0216827;7.9997211;32.9465523;8.8939638;26.6961727;38.8356247;8.6122551;0.5035433;2.0877228;6.1334639;0.022038;313.0419006;-0.7308543;0.9732361;0.1679625;0.0002033;1.2991737;0.1302761;0;0.6825335;0.0843882;0.2657535;22.3507404;7;53.6351776;4.1983099;28.7254791;1.2296727;0.7053034
831241.5;750977.5;2;0.7621077;0.00111;15.658699;0.9474582;181.5310059;7.9994769;32.8733749;9.1691828;26.7474709;38.6225052;9.2401133;0.4652258;2.1072664;6.0476193;0.0231918;341.565094;-0.3162277;0.9813757;0.1810613;0.0002912;1.2154027;0.1385721;0;0.9486833;-0.2259615;0.0609128;8.0224295;6;50.2075768;4.2389169;26.3533459;1.7210492;0.7927837
804475.5;746516.5;16;3.0812688;0.0007111;0;39.9034538;13.8112984;8.0080557;34.6708794;66.3734131;7.3565841;38.9900436;8.0265989;0.0043646;0.019992;6.1402183;0;295.8901978;-0.8996328;0.8410717;0.0348547;0;1.695601;0.2186934;-495.333313;0.4366473;-0.2323869;1.1578389;105.1548996;-569;44.9280128;4.0959678;44.5335464;0.1381644;0.2667429
808936.5;746516.5;16;2.8578701;0.0006787;0.0001724;36.6371422;16.6561546;8.0076609;34.7307701;51.2065964;9.2501574;38.9696198;7.0433888;0.0381261;0.1069179;6.1485848;0.0001734;283.050415;-0.9741718;0.8628793;0.0487592;4.40E-06;1.6898683;0.1812432;-370.8888855;0.2258083;-0.0842775;2.9616671;196.8921967;-418;47.0025749;4.0548;41.5002136;0.2825721;0.3136031
813397.5;746516.5;16;2.2627192;0.0005421;0.0007634;28.7405376;49.5677719;8.007329;34.7845154;30.7053204;12.7869873;38.9515038;5.1847591;0.1538752;0.4049498;6.1535001;0.000768;278.2948914;-0.9895387;0.883511;0.0768602;3.93E-05;1.6024407;0.1517756;-180.3332977;0.1442678;0.0291758;2.524076;168.3125;-167;48.0969391;3.9898069;38.3198509;0.436724;0.3808899
817858.5;746516.5;13;1.6480672;0.000527;2.81796;20.3229656;89.2315826;8.0070868;34.6095695;13.7711973;16.7223358;38.9366837;8.2310581;0.2724382;0.8152477;6.1535001;0.0044445;276.8342896;-0.9928944;0.9004836;0.1125887;7.43E-05;1.5150131;0.1336774;-45.5555611;0.1189986;0.1301412;0.8632428;58.5474396;-22;48.7995377;3.9608247;34.9300766;0.6047539;0.4703413
822319.5;746516.5;2;0.9593108;0.0009731;16.3382568;9.9257164;154.5536957;8.0069265;33.5655746;10.3922615;22.1720543;38.9268646;7.2281513;0.401694;1.6521566;6.1535001;0.0198323;291.5226135;-0.9302729;0.9287639;0.1773013;0.0001093;1.4275854;0.1216873;0;0.3668683;-0.0790123;0.2450208;14.9600296;-3;51.5746956;4.1691461;32.567997;0.7160738;0.5899907
826780.5;746516.5;2;0.6592565;0.0009734;20.3476887;3.2443151;182.8693848;8.0015373;33.0156212;7.4122548;26.5886078;38.5249786;8.7135658;0.4786119;2.076896;6.1205134;0.0238292;310.1560059;-0.7642915;0.9798623;0.1738274;0.0002667;1.2569879;0.1287021;0;0.6448709;0.4111111;0.134415;10.0774803;23;53.1807785;4.2421055;28.3162994;1.4784461;0.7296769
804475.5;742055.5;16;3.0186205;0.0007104;0;38.930233;11.3625908;8.0090322;34.7048187;60.9399071;8.0373316;38.9730797;8.5712729;0.0044139;0.0199982;6.1444726;0;285.0874023;-0.9655298;0.8574105;0.0413496;0;1.684642;0.2046747;-445;0.2602926;-0.3942652;1.442746;109.8483963;-555;44.5432014;4.0977879;43.1946602;0.1713654;0.2832721
808936.5;742055.5;16;2.7137597;0.0006615;0.0043114;34.4292221;20.6491394;8.0086632;34.7283707;44.1363716;10.5050468;38.9178543;6.8396273;0.052213;0.158859;6.1501594;0.0007697;282.1520996;-0.9775922;0.883496;0.0605325;4.60E-06;1.6714845;0.1676619;-334.5555115;0.2105078;0.025676;2.9103799;181.4535065;-322;47.8003006;3.9319093;39.6058197;0.3455088;0.3375924
813397.5;742055.5;7;1.9490255;0.0004773;0.0190934;23.9591007;76.7625427;8.0083313;34.6011505;24.1860752;15.0243216;38.8722191;6.3741989;0.2160037;0.6349422;6.1535001;0.0034086;282.7701111;-0.9752647;0.9096139;0.0990801;4.17E-05;1.5767373;0.1390641;-156.1110992;0.2210401;0.182084;2.148546;144.1159973;-80;46.3635063;3.8915582;35.9621277;0.5092298;0.4096494
817858.5;742055.5;13;1.2632196;0.0004302;3.0254536;14.4724035;128.3522186;8.0080538;34.3456383;8.3679533;19.26931;38.8402367;8.4986925;0.3564675;1.1182963;6.1535001;0.0076495;287.7142944;-0.9525856;0.9263236;0.1397885;7.88E-05;1.4819901;0.1224514;-36.7777786;0.3042706;0.1238889;0.8071057;60.4368896;-12;51.599308;4.086472;32.2403183;0.6581068;0.5153977
822319.5;742055.5;6;0.6514065;0.0006251;16.9210701;6.679317;153.3576508;8.0035906;33.1264687;8.1341801;24.68717;38.2412109;8.4409389;0.377;1.802109;6.147819;0.0176034;304.894989;-0.8202024;0.9687046;0.1759995;0.000201;1.3377823;0.1256861;0;0.5720735;0.1252525;0.2328902;16.6696301;14;53.4517937;4.2270818;29.7376213;1.2540766;0.6429343
804475.5;737594.5;16;2.9396653;0.000705;0;37.8610153;10.8858595;8.0099945;34.7356033;56.6733551;8.7544479;38.9496994;8.4317045;0.0045201;0.0200119;6.1452479;0;287.008606;-0.9562606;0.8710254;0.0464556;0;1.659045;0.1872605;-398.833313;0.292516;-0.4012557;1.508727;113.0154037;-516;44.4336281;4.0946255;41.8051491;0.2436958;0.3093937
808936.5;737594.5;16;2.5445714;0.0006531;0.0132098;31.9633389;26.8061848;8.0096531;34.6727104;38.2320404;12.0735941;38.8541718;4.7465177;0.0576642;0.2061955;6.1504459;0.0019377;277.6058044;-0.9912022;0.8965991;0.0699784;4.60E-06;1.6391847;0.1510013;-294.2221985;0.1323562;0.0088889;2.7266991;174.4004059;-290;45.9384232;3.9333081;37.5925789;0.4860542;0.3697193
813397.5;737594.5;7;1.6095614;0.0004679;0.0585007;18.5917358;106.5330963;8.0093193;34.2081108;20.1998558;18.2450504;38.7464027;7.0534172;0.2395934;0.8445042;6.1535001;0.0085812;273.7944031;-0.9978079;0.9318251;0.1160166;4.16E-05;1.5429178;0.1237983;-126;0.0661771;0.0969697;1.867064;122.960701;-94;47.9876366;3.8974831;33.4527893;0.6710469;0.4583887
817858.5;737594.5;13;0.8521284;0.0003616;1.3035443;7.768631;170.9854889;8.0089951;33.7989845;5.9942193;23.25457;38.6212082;6.108355;0.3867632;1.3819865;6.1535001;0.0144419;274.0762939;-0.9974703;0.9685848;0.1558481;7.85E-05;1.4466509;0.1094936;-22.8888893;0.0710841;0.1802275;0.6999956;45.4739113;0;51.5962448;4.0426445;29.4166679;0.7743366;0.5739691
822319.5;737594.5;6;0.6076997;0.0006842;14.2334385;5.3919673;160.5335083;8.003521;33.1586533;7.7037106;25.3741913;38.0365028;8.1790924;0.3777491;1.8559524;6.1383595;0.0184151;266.0548096;-0.9976303;0.975104;0.1704373;0.0002223;1.3227789;0.1165561;0;-0.0688023;0.508642;0.0933223;11.7136602;33;52.8509827;4.2871614;28.5670815;1.4833052;0.6785167
804475.5;733133.5;16;2.7757456;0.0006879;6.00E-07;35.7418327;16.384285;8.0109549;34.7764854;49.4543839;9.8004627;38.9255066;8.3277016;0.0161285;0.0463334;6.1455822;4.20E-06;300.7312012;-0.8595741;0.8827901;0.0594688;0;1.6313568;0.1694159;-337.666687;0.5110112;-0.3187561;1.491739;114.542099;-447;44.290844;3.9078867;40.9358253;0.3209864;0.3444969
808936.5;733133.5;16;2.2933946;0.0006594;0.9801034;28.6585941;39.9451408;8.010643;34.6405487;30.6365051;13.6732092;38.7889748;6.3141308;0.078416;0.291325;6.1505699;0.0030419;287.6697998;-0.9528219;0.9028778;0.0866592;4.60E-06;1.6048971;0.1339504;-249.7778015;0.3035301;-0.0281924;2.43121;155.9691925;-263;45.4769173;3.9930117;36.4500084;0.6364375;0.4088518
813397.5;733133.5;9;1.3093098;0.0005913;4.3404546;14.200428;130.3769226;8.0103054;33.8816376;16.3670807;20.6284008;38.6146889;6.2882447;0.2711913;1.0847713;6.1535001;0.0134496;282.6177063;-0.9758492;0.9264887;0.1300685;4.11E-05;1.5079389;0.1082087;-102.444397;0.2184453;0.0696248;1.6822701;108.9027023;-81;46.3457298;4.0276804;32.1874657;0.8441851;0.5100074
817858.5;733133.5;9;0.6942942;0.0005884;14.0245037;5.6534548;179.4968109;8.0030251;33.3462753;8.814786;24.8381329;38.1181488;7.4252586;0.3532366;1.6540738;6.1506128;0.017133;278.7217102;-0.9884365;0.9532033;0.1596017;0.0001033;1.3430427;0.098143;-17;0.1516355;0.1968504;0.5716196;42.8615303;8;50.0821304;4.1414189;29.8573952;1.2430242;0.6448468
804475.5;728672.5;16;2.4702177;0.0006513;2.20E-06;31.8727093;31.8413067;8.0119829;34.8342018;37.3147049;11.3946447;39.0093842;7.2516847;0.0469076;0.1165014;6.1370921;1.52E-05;313.2726135;-0.7281012;0.8895027;0.0856607;0;1.6036687;0.1617317;-256.333313;0.6854697;-0.225957;1.430508;114.2507019;-337;42.539238;3.9118223;40.1865463;0.3458858;0.379095
808936.5;728672.5;12;1.9055703;0.0006904;3.5436554;23.9557514;64.7206116;8.0117388;34.6475525;20.2223072;15.3246031;38.837822;8.3907843;0.1246689;0.4394431;6.1294284;0.0040397;298.4780884;-0.8789993;0.9096779;0.1153981;4.50E-06;1.5706095;0.1241768;-187.3332977;0.4768231;0.0335675;2.1064401;135.7637024;-173;40.7076759;3.9627638;35.5083618;0.7134864;0.4358281
813397.5;728672.5;6;1.0744126;0.0009358;15.6933203;11.4358826;144.3428497;8.0114584;33.6661072;12.7900438;21.6161232;38.5955124;7.5698452;0.3161362;1.3762137;6.1234102;0.0178111;291.2838135;-0.9317939;0.9317915;0.1393125;4.06E-05;1.47296;0.0953926;-71.5555573;0.3629878;0.0873863;1.286635;88.6254425;-47;40.0095024;4.0514851;31.2092171;0.9554261;0.536595
817858.5;728672.5;2;0.5614517;0.0010097;31.5889778;3.3087521;194.0802917;8.0036316;33.1237564;6.7233944;25.7796993;38.1950645;7.6228433;0.3722068;2.0223553;6.1415591;0.0241674;284.4067078;-0.9685542;0.9516073;0.1579743;0.0001069;1.3038541;0.0842938;-11;0.2488027;0.2929293;0.3612888;30.9444008;18;48.386322;4.1481252;28.3463821;1.2602259;0.636757
822319.5;728672.5;2;0.5357004;0.0012473;25.2729034;3.4252806;176.8837128;8.0059032;32.7724342;6.5372419;26.582159;37.7530937;8.2362518;0.3631649;2.32535;6.0937672;0.0242299;293.1986084;-0.9191452;0.9632385;0.151084;0.0001964;1.2072572;0.0848974;0;0.3939191;-0.4305556;0.0366744;5.9150362;4;48.8279152;4.3012533;26.7286797;1.9409989;0.6811495
804475.5;724211.5;16;2.1431396;0.0005916;0.0351805;27.3737354;52.6958389;8.0130272;34.7799873;26.7214413;13.5276079;39.1181984;15.4251699;0.093751;0.255167;6.126565;0.0008752;315;-0.7071069;0.8893097;0.1101137;0;1.5759807;0.1563921;-168.1667023;0.7071066;-0.1994444;1.184817;96.6150665;-228;41.6763725;3.9437678;39.1717262;0.358695;0.3961568
808936.5;724211.5;14;1.5208578;0.0006479;4.6763163;18.7571564;95.1841431;8.0128593;34.5301819;11.7960329;17.5259857;38.9129829;7.0243587;0.1897877;0.651449;6.1033792;0.0057359;301.0232849;-0.8569574;0.9093504;0.1409726;4.50E-06;1.5363218;0.1160825;-119.7778015;0.5153874;0.0888889;1.588009;104.9759979;-90;39.6703949;4.0323644;34.7674751;0.7736121;0.4444947
813397.5;724211.5;2;0.8704244;0.0010664;20.5266457;8.7583838;159.7219391;8.0126495;33.5243149;9.5053749;22.7404327;38.6022987;7.9627018;0.3618001;1.5951844;6.0863767;0.0208554;296.285614;-0.8965982;0.9305216;0.1443354;4.01E-05;1.437981;0.0832165;-39.1111107;0.442845;0.1000582;0.7357797;56.3805389;-20;43.661129;4.065289;30.766531;1.0523833;0.525612
817858.5;724211.5;2;0.3551129;0.0014011;33.1379585;0.8391553;210.8218079;8.0123796;32.7264557;7.7042403;26.8694324;38.1414032;7.969264;0.4981258;2.3438253;6.0781808;0.0328472;272.3662109;-0.9991473;0.9495628;0.1463474;7.58E-05;1.3396404;0.0609519;-3.2222221;0.0412871;0.1111111;0.1943935;18.5039196;4;50.9695778;4.1562524;27.3399887;1.1372495;0.6365232
822319.5;724211.5;2;0.4384022;0.0015106;22.0984364;1.6087759;184.1017609;8.0081339;32.7256927;5.1503229;26.9831276;37.8701668;8.0855865;0.3897148;2.4088202;6.0520916;0.0249213;278.7461853;-0.9883717;0.9610128;0.1326697;0.0001816;1.1592387;0.0844059;0;0.1520568;-0.0925926;0.126678;12.9452801;9;47.7214241;4.3127999;25.7180595;2.0632579;0.6743568
804475.5;719750.5;11;1.7637244;0.0004759;0.1557882;21.3451233;86.6585999;8.0140133;34.4539528;19.8837624;16.9690399;39.4451065;12.1867514;0.1796082;0.5601837;6.0220938;0.0037967;296.6130981;-0.8940521;0.8824028;0.1303438;0;1.5482925;0.1623663;-123;0.447963;-0.1004785;0.8563492;78.6602097;-144;40.6601219;4.1327925;38.0623894;0.4083835;0.4140842
808936.5;719750.5;13;1.1437029;0.000427;2.3339562;12.3545866;139.4615021;8.0138721;34.1107445;8.1975765;21.0630512;39.2564697;8.4998474;0.3007235;1.0186108;5.9816918;0.0091281;294.8959045;-0.9070739;0.9024903;0.1588618;4.40E-06;1.5020341;0.1234786;-72.4444427;0.4209714;0.1568338;1.01036;70.2410278;-37;45.6536674;4.0505404;34.0980492;0.8856786;0.4520828
813397.5;719750.5;6;0.7415018;0.0006773;9.526803;6.2922878;178.5330048;8.0136852;33.5615921;6.9307442;24.1964512;38.9406013;8.0198088;0.40921;1.6381531;5.9556389;0.0207011;290.1087036;-0.939042;0.9245609;0.1391069;3.96E-05;1.4030021;0.0923076;-22.1111107;0.3438024;0.213948;0.3128163;27.2577991;-2;46.2223396;4.1274695;30.5144691;1.2773497;0.4990572
817858.5;719750.5;2;0.4171157;0.0009236;16.6374493;1.436184;209.5829163;8.0134296;33.0946198;6.0932951;26.6931686;38.4435196;7.5901046;0.4959089;2.1487787;5.9500222;0.030147;265.6012878;-0.9970545;0.9480719;0.1222486;7.48E-05;1.3039702;0.0721272;-0.6666667;-0.0766968;-0.1238095;0.1255748;10.5198202;-5;45.360611;4.1902089;27.4731884;1.5470715;0.5833682
822319.5;719750.5;2;0.4150961;0.00119;15.6132135;0.6538388;207.7189941;8.0063877;32.7684441;5.0847201;27.1542683;37.9988441;7.4091525;0.4166777;2.1851382;5.8625126;0.0282118;275.4038086;-0.9955558;0.9553245;0.1106869;0.0001704;1.1591504;0.0817828;0;0.0941739;-0.0622222;0.2386279;15.2128897;10;45.9885406;4.3016109;24.9981689;2.3497112;0.6215319
826780.5;719750.5;5;0.558452;0.0015717;19.6351166;1.3989503;180.6103058;8.0055065;32.7772484;8.7002258;26.7742329;37.7733002;8.3104458;0.3597981;2.0480638;5.6735954;0.028842;286.9274902;-0.9566738;0.9503139;0.1175029;0.0002482;1.0473632;0.0938428;0;0.2911619;0.3961039;0.2315477;15.9091797;43;44.0505867;4.3832693;23.9221058;2.7522359;0.6491637
800014.5;715289.5;16;2.2375083;0.000621;0.0623171;28.3738194;35.3673363;8.0151892;34.7286835;26.4769554;14.3986816;39.9581566;8.3743048;0.0735298;0.2321814;5.8830872;0.0015453;289.6336975;-0.94186;0.8553882;0.0946502;0;1.5667672;0.2016881;-148.1999969;0.3360057;-0.6105263;0.9219366;54.1826591;-241;41.17799;4.0810232;39.6005249;0.1868954;0.416546
804475.5;715289.5;14;1.4925966;0.0003916;0.2284961;17.1119862;109.9108429;8.0149784;34.2613144;14.4139986;19.3166256;39.8496399;10.6441631;0.247083;0.7856898;5.8841848;0.0056658;269.5103149;-0.9999635;0.8748497;0.1442268;0;1.5206044;0.1723675;-107.625;-0.0085467;0.0891148;0.9389889;67.8452988;-89;42.3330994;4.1398983;37.0458908;0.4711987;0.4366274
808936.5;715289.5;13;0.8961154;0.0002625;0.4629556;8.1315727;169.1490021;8.0148478;33.8591805;5.6832008;23.3242416;39.6954651;7.8642459;0.3877664;1.2904423;5.825964;0.0112887;268.310791;-0.9995654;0.8942265;0.1685886;4.30E-06;1.4677465;0.1363881;-54.8888893;-0.0294781;0.1611894;0.598976;44.2529182;-32;46.8336983;4.1168408;33.4205513;1.0162325;0.4622872
813397.5;715289.5;9;0.6601079;0.000377;0.863239;4.6917505;191.2170105;8.0146646;33.6154785;5.0447898;25.1210594;39.3969002;6.7244511;0.4486232;1.6767879;5.7915492;0.0205601;240.0048981;-0.8660684;0.9138811;0.1317147;3.91E-05;1.3680233;0.1089684;-20.2222195;-0.4999256;0.2086168;0.2279703;16.2465591;-10;44.542614;4.1804595;30.0907936;1.5478787;0.503436
817858.5;715289.5;2;0.4589739;0.000583;4.8013239;1.8329444;208.9501343;8.0144072;33.3430328;4.9363179;26.5816116;38.8926926;4.8698683;0.4979983;2.0288396;5.791039;0.0285447;254.1974945;-0.962206;0.9316449;0.1024668;7.39E-05;1.2683001;0.0937398;-2.333333;-0.2723225;-0.1060606;0.1768333;13.3083096;-7;41.5840912;4.240365;27.1820126;2.0604579;0.5743673
822319.5;715289.5;2;0.3814138;0.0010018;14.2180862;1.3059425;204.3338318;8.0077686;32.7875671;5.4161863;27.156496;38.4295692;6.5465651;0.4496167;2.0313632;5.4693122;0.0288759;252.3681946;-0.9530227;0.9460518;0.0984534;0.0001506;1.1056657;0.0846122;0;-0.302899;0.0985325;0.2172761;17.4150505;15;45.7232742;4.3692274;23.7822895;2.7507548;0.6081473
826780.5;715289.5;5;0.4111696;0.0013699;25.679781;1.066288;193.7281952;8.0072412;32.9645576;9.0758171;26.9120731;38.5750923;7.7908936;0.4077727;2.1367576;5.2761369;0.0280077;231.2156067;-0.7795091;0.9492731;0.1135277;0.0002515;0.9802445;0.0926573;0;-0.626391;0.1163793;0.2306334;17.6121407;31;44.4608879;4.4153848;21.8961411;3.0667348;0.6293169
800014.5;710828.5;16;2.1705422;0.0006306;0.0325051;27.9125614;35.8865547;8.0167084;34.8302765;23.1957111;14.3026495;40.353035;6.5133243;0.0783495;0.2213757;5.2959323;0.0009646;308.1325073;-0.7865851;0.8514071;0.1023584;5.00E-06;1.5288701;0.1979769;-132.5;0.6174819;-0.1914286;0.626474;58.0251389;-166;41.8837242;4.1270142;38.3987923;0.4539055;0.4494743
804475.5;710828.5;14;1.6329601;0.0004268;0.1191853;19.7016602;92.4631119;8.0164709;34.5755768;14.1423092;17.5075855;40.2807007;10.5252752;0.2447052;0.7090554;5.2779379;0.0035355;285.2550964;-0.9647638;0.8634958;0.1339913;6.10E-06;1.4732544;0.1743475;-102.3332977;0.2631174;0.0063796;0.8784287;63.9131393;-101;39.3482895;4.1616921;36.0766869;0.782835;0.4636548
808936.5;710828.5;13;1.1408843;0.0003121;0.3831204;12.1908665;143.3949585;8.0162783;34.2455215;7.2883296;20.7371006;40.1536331;7.7483945;0.3840166;1.2000183;5.2281823;0.0087693;267.2124939;-0.9988168;0.8805824;0.1472984;1.14E-05;1.4124215;0.1450462;-49.3333282;-0.0486315;-0.018315;0.4290866;28.8829098;-51;51.4343491;4.1590881;32.738945;1.3879119;0.484035
813397.5;710828.5;9;0.7593234;0.0004139;1.0775321;6.3803401;180.6182251;8.0160789;33.7324638;5.7758064;24.0263004;39.9260979;6.4510198;0.4576488;1.6989545;5.1992121;0.0204703;254.2680054;-0.9625404;0.8963974;0.1161001;4.61E-05;1.3150676;0.1220234;-23.6666698;-0.2711381;-0.0984849;0.236807;15.29706;-28;49.836422;4.2723284;29.5796928;1.9907861;0.5140355
817858.5;710828.5;2;0.4445457;0.0006072;5.2974973;1.6637939;210.2157288;8.0158691;33.2567139;4.9779644;26.658329;39.555481;5.641355;0.5157275;2.1305683;5.1998448;0.0302321;255.2563934;-0.9670745;0.9081677;0.0912142;8.07E-05;1.2177138;0.1079429;-6.666667;-0.2544933;-0.0757576;0.2207584;14.0237904;-10;48.9439697;4.2912149;26.6746445;2.590523;0.5748076
822319.5;710828.5;5;0.3425409;0.0011203;24.0919971;0.4816694;214.3286133;8.0074368;32.9204292;5.9736671;27.0359745;39.2606201;6.611239;0.4973271;2.1923845;4.7087646;0.0322465;208.2174072;-0.4728178;0.9247628;0.0977482;0.0001153;1.12036;0.1011932;0;-0.8811602;0.3307494;0.1493776;14.1874599;16;45.2805824;4.2544565;22.3957539;3.4579942;0.6459926
826780.5;710828.5;5;0.3301663;0.001622;38.3295021;0.6148807;211.3773956;8.0080166;32.6304817;8.5741081;26.9110413;39.0939217;5.2432337;0.5138069;2.4601724;4.9296784;0.0347189;221.5166931;-0.6628386;0.944312;0.089528;0.00015;1.0230063;0.0761772;0;-0.7487623;-0.3521368;0.2615415;20.5828609;-5;42.8291016;4.3564014;19.8160248;3.852391;0.6391361
831241.5;710828.5;5;0.3239045;0.0016401;29.5665073;1.5345285;214.8884735;8.01054;32.5300865;8.112731;27.1983223;38.8452835;8.2311945;0.4420252;2.5451691;4.2118254;0.0330066;246.134201;-0.914496;0.9447923;0.1051634;0.0003115;0.8767098;0.0799267;0;-0.4045949;0.0473485;0.2896184;22.6960201;31;42.1639061;4.4397454;18.3199387;4.4520998;0.5914394
800014.5;706367.5;16;2.0805907;0.0006291;0.0103456;27.0434952;39.604599;8.0185146;34.9107628;19.7793751;14.3708715;40.7754364;6.1016893;0.0880554;0.2285145;4.4787045;0.0005632;304.1698914;-0.8273757;0.8769988;0.1105285;1.30E-05;1.4803815;0.1884716;-109.1428986;0.5616489;-0.2040816;0.5315732;42.5824509;-132;41.7904434;4.1410084;36.6781006;0.8407718;0.4861103
804475.5;706367.5;14;1.7165484;0.0004503;0.0379185;21.3431396;81.2574387;8.0182314;34.8128777;13.5302629;16.2477188;40.7252769;8.7180872;0.2454341;0.6605592;4.4331031;0.0020512;300.2669067;-0.8636872;0.8702037;0.1252251;1.59E-05;1.4141073;0.1722411;-80.5555573;0.5040282;0.1086236;0.6337353;42.0637398;-66;41.9723244;4.2238812;34.488533;1.2212292;0.4999123
808936.5;706367.5;10;1.3155985;0.0003593;0.3988837;15.1000948;124.9011307;8.0179405;34.5314331;8.5111837;18.8564644;40.6215668;9.7679596;0.3828073;1.1459849;4.4052033;0.0071882;296.7961121;-0.8926166;0.8617987;0.1278332;2.28E-05;1.3444741;0.1515384;-45.7777786;0.4508166;0.0315657;0.3560592;24.9790001;-43;48.1396904;4.2797441;31.3883724;1.8824289;0.5156986
813397.5;706367.5;6;0.8250155;0.0004815;1.5695161;7.5390906;173.3797607;8.0177145;33.8042068;6.479321;23.2426815;40.4924316;7.5761862;0.4715958;1.7610499;4.3887119;0.0211871;291.3706055;-0.9312428;0.8741685;0.1010841;5.75E-05;1.2513261;0.1332416;-23.7777805;0.3643994;-0.0048309;0.2378709;15.2881804;-24;49.7780991;4.3461633;28.4205017;2.5215087;0.5374629
817858.5;706367.5;2;0.4258716;0.0006847;6.0587459;1.4587557;211.7447052;8.0175781;33.1690636;5.2555337;26.733408;40.3270912;6.5372934;0.5400003;2.272491;4.3884683;0.0325809;273.0775146;-0.9985579;0.8826095;0.0796512;9.21E-05;1.158178;0.1183714;-8.8888893;0.0536856;0.020202;0.1494983;11.9948502;-8;50.3097954;4.390563;25.6410408;3.1290848;0.5691746
822319.5;706367.5;5;0.3741961;0.0011954;23.1586475;1.0049666;211.6777039;8.0175066;32.8838196;7.1024332;26.82127;40.1920776;6.3219271;0.5309451;2.3901613;4.3453546;0.0340755;171.0274048;0.1559625;0.9031764;0.0784203;0.0001267;1.06503;0.1029565;-4.4444451;-0.987763;0.015873;0.061753;7.689981;-4;43.7843742;4.4744029;22.5599499;3.9256175;0.6056686
826780.5;706367.5;5;0.3289682;0.0016424;38.1235657;0.6077877;211.6187744;8.0175724;32.6343002;8.7186041;26.8981705;40.1054916;4.9100776;0.5230279;2.4931314;4.1993823;0.0353837;243.4349976;-0.8944273;0.9367279;0.0773142;0.0001614;0.971882;0.0840498;0;-0.4472134;-0.3773148;0.1866442;16.5559292;-12;43.2219696;4.4292417;18.8867683;5.264647;0.5976228
831241.5;706367.5;5;0.3057645;0.0017187;31.5713234;0.2938022;216.4147034;8.0106573;32.7695618;6.7349691;27.3059292;39.3178253;7.6011195;0.4930471;2.5712807;4.1027656;0.0378675;242.6676025;-0.888358;0.9528626;0.0773346;0.0002808;0.8473721;0.0809364;0;-0.4591515;0.2878788;0.3216289;21.9696808;36;38.0934029;4.5702071;16.1421413;5.3825784;0.5970381
795553.5;701906.5;16;2.3103671;0.0006421;3.67E-05;30.0043163;36.1486893;8.0200062;34.8824577;30.1940613;12.419383;40.9346504;7.059196;0.0579999;0.1413438;4.2297664;2.75E-05;296.3581848;-0.8960357;0.9145637;0.1043471;1.61E-05;1.5088253;0.1785188;-122.5;0.4439819;-0.3269231;0.5965279;45.7083092;-165;41.2748985;4.0288959;35.9873772;0.9452154;0.5249161
800014.5;701906.5;16;1.8297414;0.0005501;0.0417546;23.3197784;65.7144547;8.019743;34.8434715;15.4173794;15.5888681;40.9243164;9.3787956;0.1319652;0.361264;4.144402;0.0014166;295.7325134;-0.9008305;0.9094855;0.1219325;2.09E-05;1.4318929;0.169788;-87.25;0.4341709;0.0557692;0.5434647;40.7821999;-80;40.1917;4.202589;34.593029;1.0905792;0.5403955
804475.5;701906.5;13;1.4027108;0.0003922;0.1529606;16.3472767;113.7461166;8.0194426;34.5114326;10.5357275;18.8320522;40.8500137;10.5741167;0.2679097;0.8090303;4.0867782;0.0050892;304.6440125;-0.8227003;0.8973703;0.126744;2.57E-05;1.3549603;0.1580962;-57.5555611;0.5684754;0.0301318;0.4546035;32.3526115;-54;48.588089;4.3117557;32.4657974;1.5109603;0.5589982
808936.5;701906.5;13;0.9999304;0.0003896;1.0838358;9.9588671;157.2286835;8.0191021;34.1143379;7.0581155;21.9213772;40.7084694;9.1474743;0.3993819;1.3466864;4.0583177;0.012175;304.9668884;-0.8194835;0.876;0.1211437;3.42E-05;1.2765266;0.1432915;-31.8888893;0.5731028;-0.0018518;0.2996918;18.8411198;-32;51.0189781;4.3633094;29.5680981;2.2204626;0.5716254
813397.5;701906.5;2;0.6560433;0.0007642;4.0053363;4.9889679;189.6634674;8.018856;33.5592537;6.9903183;24.6370468;40.5795898;8.0966969;0.5199928;2.1026464;4.0414186;0.0275501;304.8753052;-0.8203982;0.854551;0.0902573;6.89E-05;1.1875844;0.1293214;-16.5555592;0.5717927;0.0911681;0.1937031;12.8591604;-13;52.4945297;4.4022546;26.8062687;2.919749;0.5807205
817858.5;701906.5;2;0.3774768;0.0011351;8.6755199;1.0025033;215.1175079;8.0187435;33.0720978;7.184566;26.7970104;40.4687576;7.9172034;0.6100773;2.6957703;4.0409851;0.0395596;303.366394;-0.835171;0.8771243;0.065916;0.0001035;1.0986422;0.1165399;-7.8888888;0.5499903;0.1375661;0.0788018;6.3847809;-5;50.046051;4.4508934;24.2379513;3.6044858;0.5817293
822319.5;701906.5;5;0.3471283;0.0014924;19.9906979;0.7530907;214.0447083;8.0185614;32.8430901;8.3745852;26.8452854;40.3214035;8.1407957;0.584161;2.6701186;4.0425615;0.0387799;30.9637604;0.5144958;0.9073221;0.0664456;0.0001382;1.0097001;0.1019415;-5.666667;0.8574929;0.1851852;0.0280794;2.8674419;-4;42.6958961;4.5108938;21.4350548;4.4842548;0.576817
826780.5;701906.5;5;0.3207493;0.0017998;30.1875744;0.5362973;213.0539856;8.0182428;32.6430321;9.3937893;26.888052;40.102356;8.0600128;0.5602562;2.6425991;4.0480847;0.0380111;247.3061981;-0.9225799;0.9386175;0.0670039;0.0001728;0.9207578;0.0837767;0;-0.3858061;-0.1689815;0.0956943;13.3952303;-8;43.3894005;4.4693027;18.1716824;5.7468667;0.5841667
831241.5;701906.5;5;0.3009187;0.0017587;27.2816067;0.2171862;218.0252838;8.0107298;32.9405403;8.0068645;27.3600998;39.7304688;7.0348196;0.5261466;2.5086827;4.3408461;0.0391052;226.6365967;-0.7270132;0.9543217;0.0587215;0.0002074;0.8318156;0.0857971;0;-0.6866235;-0.0625;0.2384551;16.9181004;5;39.1005745;4.2357893;15.2292385;5.8121171;0.6229664
835702.5;701906.5;5;0.3891155;0.0016611;32.710907;0.4878997;185.3366394;8.0116634;32.3942566;11.3874474;26.8861332;39.492218;5.5161333;0.446129;2.5207579;2.5857446;0.0349767;231.1551971;-0.7788473;0.9580137;0.0798197;0.0003596;0.770931;0.0797577;0;-0.6272135;-0.0753968;0.2328902;18.9851894;17;41.1041908;4.7018075;14.2209244;5.7731562;0.612936
840163.5;701906.5;5;0.6219964;0.0014494;28.5589657;6.5930052;186.2200317;8.0084047;32.8417091;14.2186804;24.4803276;39.0154266;7.1174569;0.4066971;2.4295435;3.5550601;0.0425359;237.2839966;-0.8413593;0.9500943;0.1336552;0.0005031;0.7679263;0.0835323;0;-0.5404761;0.5959184;0.2880841;17.0105896;57;35.0253944;4.5928712;17.4915047;6.0881305;0.6110536
791092.5;697445.5;16;2.7050037;0.0006777;0.0075497;34.6470604;20.003046;8.0211439;34.8014259;43.5400581;10.2140827;40.9340439;12.366374;0.0340782;0.0932787;4.5157981;0.0001524;287.1583862;-0.9554929;0.9238349;0.0862394;1.57E-05;1.5585859;0.1666792;-158.3332977;0.2950143;-0.1457432;0.7290653;75.1812592;-192;41.415081;4.0920119;35.7512512;0.8961295;0.5558063
795553.5;697445.5;16;2.1146488;0.0005838;0.0240217;27.1107521;52.7660484;8.0208054;34.8948212;24.3867016;13.332056;40.9251785;11.4710026;0.0984465;0.2525319;4.2211413;0.000485;301.9121094;-0.8488596;0.9373573;0.1154105;2.23E-05;1.4709951;0.1522599;-100.75;0.5286183;-0.0183616;0.7317775;53.6114502;-104;38.6093979;4.1204276;33.5634766;1.0775107;0.58522
800014.5;697445.5;13;1.5661548;0.0004781;0.240523;19.3864746;93.1428986;8.020566;34.7466202;11.1169844;16.9546185;40.8811417;8.2682371;0.1810638;0.523201;4.1491747;0.0028268;311.248291;-0.75186;0.9412932;0.1320355;2.89E-05;1.3834041;0.1446601;-64.3333435;0.6593229;0.0136452;0.6938298;47.5371208;-62;40.7422638;4.1526489;32.0699272;1.2441536;0.6289296
804475.5;697445.5;13;1.0874296;0.0003527;0.7904063;11.3489103;146.2095032;8.0202694;34.1957626;7.653336;21.4181633;40.7501831;8.8793297;0.2940964;0.9795635;4.0904713;0.0085172;323.7233887;-0.5916843;0.9248453;0.1277504;3.55E-05;1.2958133;0.1354988;-31.6666698;0.8061697;-0.0387597;0.4340595;27.5721302;-35;51.152401;4.3009028;30.5028725;1.696311;0.6771004
808936.5;697445.5;9;0.6902065;0.0004402;2.4908412;4.9447098;188.6747742;8.0199118;33.6940422;5.7191777;24.8984985;40.5278358;9.0406151;0.4173726;1.557577;4.045711;0.0173209;326.809906;-0.5474189;0.9084397;0.1146395;4.56E-05;1.2085792;0.124696;-17;0.8368587;0.05;0.2551081;18.3726807;-14;50.807869;4.4128871;28.5047646;2.4486248;0.6881974
813397.5;697445.5;2;0.4909166;0.0010448;6.9854727;2.5072467;205.3939972;8.0196514;33.311657;7.4994955;25.9910412;40.330307;8.3481159;0.5655258;2.4310286;4.0193558;0.0336853;318.6521912;-0.6606278;0.8800526;0.0800941;8.03E-05;1.1238428;0.1147722;-9;0.7507136;0.0909091;0.1069111;9.2975502;-6;52.5567551;4.4354525;25.3108253;3.2249694;0.6844406
817858.5;697445.5;5;0.3311208;0.0015665;11.7214031;0.566646;218.2142181;8.0195265;32.9731827;9.0234327;26.8580856;40.1681213;7.6855445;0.6742256;3.0892432;4.0192137;0.0460364;308.2901917;-0.7848829;0.8859286;0.053189;0.0001149;1.0391064;0.1061003;-5;0.6196441;0.0909091;0.0388576;3.1622779;-4;51.2007484;4.5077286;21.891346;4.0355396;0.6583131
822319.5;697445.5;5;0.3214026;0.0017726;17.3742695;0.5141231;216.2182922;8.0193157;32.8015633;9.5731201;26.8682423;40.0169373;7.8603439;0.6330024;2.9295561;4.0197306;0.0431369;0;0;0.9070099;0.0553169;0.0001496;0.95437;0.0963576;-3.5555561;1;0.0793651;0.0224727;1.9499919;-3;51.4079361;4.5416179;19.286623;4.9761004;0.6180293
826780.5;697445.5;5;0.3136769;0.0019346;23.3064976;0.4747762;214.2963409;8.0189333;32.6514816;9.9761343;26.8786755;39.8873482;7.2655668;0.5926031;2.7721934;4.0215406;0.0402946;26.5650501;0.4472136;0.9320119;0.0579336;0.0001842;0.8696336;0.0845131;-3.2222221;0.8944272;0.017094;0.0071786;3.644716;-3;51.1581192;4.5072451;16.9529552;6.1718302;0.6012602
831241.5;697445.5;5;0.3198981;0.0017871;31.1942558;0.527662;212.8921356;8.018651;32.6521416;9.3524246;26.8910503;39.7917747;7.1488886;0.5579711;2.6311009;4.0228753;0.0378522;251.0032959;-0.9455375;0.9563172;0.0639721;0.0002189;0.7848971;0.0757778;0;-0.3255132;-0.32;0.1035567;8.6281195;-6;43.176918;4.5153174;15.2318735;7.0536804;0.6075069
835702.5;697445.5;5;0.3489395;0.0017134;33.6884155;0.567076;209.3053741;8.0137939;32.2779922;10.4776926;27.191433;39.4352951;5.6417398;0.4921153;2.4884605;3.6661537;0.0374424;247.1094971;-0.9212495;0.9632151;0.0545693;0.0003358;0.7240101;0.0785658;0;-0.3889722;-0.0989583;0.235224;18;8;40.28479;4.7941947;14.2415123;6.2308955;0.6082727
840163.5;697445.5;5;0.6230149;0.0015185;31.5295544;3.8679962;192.2947845;8.0086451;32.4260941;11.2334318;25.0114899;39.2214203;6.3990769;0.4207028;2.5546899;2.8673773;0.0416883;208.3007965;-0.4740996;0.942749;0.1268617;0.0004676;0.7370071;0.0850024;0;-0.8804712;-0.0170068;0.1422022;15.9521904;22;36.9850388;4.723681;14.341198;6.1743727;0.6356692
786631.5;692984.5;16;2.7821729;0.0007125;0;36.0931931;12.3614998;8.022522;34.7906303;48.2163582;9.87819;40.9434357;11.0786638;0.0082166;0.0254625;5.1130753;0;259.5221863;-0.9833253;0.9271405;0.0766911;1.16E-05;1.6296632;0.1675937;-259;-0.1818552;-0.0981308;1.473745;145.4555969;-301;47.5181847;4.0763445;35.854435;0.8526583;0.5731404
791092.5;692984.5;16;2.3242159;0.0006692;0.18823;29.6185303;38.5474358;8.0219803;34.6899757;32.470665;13.157135;40.9515839;8.5041523;0.0797261;0.29494;4.5388708;0.0034308;275.696106;-0.9950624;0.9335666;0.0919007;2.00E-05;1.531414;0.1452135;-151.875;0.0992516;0.1107026;1.261287;102.5371017;-118;42.1218414;4.0017047;32.9371376;1.0335882;0.6211851
795553.5;692984.5;13;1.5776901;0.0005682;0.5989137;18.9363537;101.4117584;8.0215483;34.3430824;17.759201;17.888916;40.9275742;7.4208879;0.2327928;0.8786976;4.2505322;0.0109162;308.2409058;-0.7854154;0.9604393;0.1033053;2.84E-05;1.4331647;0.1339729;-72.5555573;0.6189691;0.0121116;0.9257396;60.8534012;-70;41.4719925;4.1411819;30.7497807;1.1777214;0.672092
800014.5;692984.5;9;1.0096124;0.0005688;4.2885571;10.6326237;150.8990326;8.021121;33.9698868;8.2333794;21.718708;40.8673515;8.3373022;0.3495084;1.3564491;4.1694536;0.0170459;320.774292;-0.6323766;0.9736995;0.1122156;3.69E-05;1.3349155;0.1308078;-29.7777805;0.7746611;0.1201445;0.6091816;38.9180794;-15;50.3279724;4.3213329;29.1301556;1.3196274;0.7520769
804475.5;692984.5;6;0.6243804;0.0006129;4.0299711;4.3585358;165.7246399;8.0152426;33.6361885;9.7029867;25.7087936;40.4504814;8.7917013;0.3856025;1.6826729;3.8805676;0.0199059;340.4269104;-0.3350097;0.9623166;0.1313973;4.87E-05;1.2107034;0.1215722;-10.1111097;0.9422147;0.1989026;0.3066522;23.6005898;6;49.7612419;4.3360767;26.8358536;2.2068577;0.7564047
808936.5;692984.5;2;0.5171974;0.0009541;20.5050678;2.8531744;199.8472595;8.0203066;33.2000732;7.0052333;25.8564568;40.4397812;9.0996485;0.4679304;2.002815;4.0395651;0.0261244;356.7107849;-0.0573766;0.945901;0.1123997;5.70E-05;1.1406318;0.1156307;-4.333333;0.9983526;0.1300813;0.1398821;12.6578903;1;47.5701447;4.4722281;24.7961273;2.559854;0.8233356
813397.5;692984.5;5;0.3564107;0.0012048;17.8290596;0.6062534;208.9419403;8.0124874;32.9861603;10.7047901;27.1070576;40.1129837;8.4886045;0.5324461;2.3966343;3.498311;0.0350899;352.1846924;-0.1359803;0.9356131;0.0958535;0.0001148;1.0235507;0.1247609;-1.777778;0.9907115;-0.2111111;0.0826324;6.1604071;-6;48.6343842;4.4678617;21.8460732;3.803937;0.6855794
817858.5;692984.5;5;0.3316585;0.0015582;24.6368046;0.5998783;214.9611969;8.0199089;32.8293762;8.7884922;26.8610783;40.0215645;8.0466566;0.6020143;2.7971621;4.0086002;0.0409696;344.0545959;-0.2747211;0.9319473;0.0636506;0.0001263;0.9795706;0.101011;-0.4444444;0.961524;-0.1196581;0.0701159;4.9913511;-2;48.1580658;4.4838653;17.6632614;4.2456779;0.7651734
822319.5;692984.5;5;0.3265465;0.0016672;27.442812;0.5720446;213.9433136;8.0196829;32.7417755;9.078455;26.8668823;39.8685112;8.1234932;0.5812318;2.717041;4.0086002;0.0395037;340.3461914;-0.3363365;0.9265507;0.0636429;0.000161;0.89904;0.0936355;0;0.9417419;-0.1604938;0.0954516;8.2192183;-2;51.293354;4.5406518;16.1645851;5.2158751;0.7003977
826780.5;692984.5;5;0.3223138;0.001755;30.3939075;0.5498147;212.9647675;8.019269;32.6648369;9.2989845;26.8732567;39.7825317;8.0938644;0.5609699;2.6385884;4.0086002;0.0380751;18.4349499;0.3162278;0.9443979;0.0640095;0.0001956;0.8185093;0.0848721;0;0.9486833;-0.0555556;0.1116734;8.7305336;-1;51.200161;4.5224729;15.2551537;6.3789997;0.6758581
831241.5;692984.5;5;0.3242368;0.0016953;34.3606148;0.5668122;212.2616119;8.0189638;32.6625633;9.0334816;26.8836441;39.71912;8.1788454;0.5443533;2.5718162;4.0086002;0.0369077;320.9468994;-0.6300407;0.9489879;0.0669962;0.0002303;0.7379787;0.0784091;0;0.7765621;-0.375817;0.1095537;11.97013;-7;43.5007362;4.4894919;14.5844479;7.236804;0.6596888
835702.5;692984.5;5;0.3301252;0.0017041;32.1784286;0.1930033;213.1710205;8.0124092;32.0328865;11.0378828;27.3358727;39.2509041;4.9270549;0.449796;2.4443996;4.0156679;0.0391184;292.4330139;-0.9243265;0.9746878;0.0471087;0.0003434;0.6707273;0.090336;0;0.3816027;0.0555556;0.1892898;12.6880903;13;42.9195824;4.5798407;14.9880285;6.509963;0.6459813
840163.5;692984.5;5;0.6975815;0.0015523;30.5129242;0.3180802;148.7581329;8.0098276;32.5014954;12.2459917;26.3396645;38.8937683;7.0430341;0.3826315;2.4687696;3.1519701;0.0423879;322.7651978;-0.6050835;0.9520547;0.1668206;0.0004507;0.6687042;0.0975154;0;0.7961621;0.0438597;0.0504041;6.6687498;20;38.4365273;4.7505403;14.7523556;6.1648359;0.6461172
782170.5;688523.5;16;2.8722055;0.0007205;0;37.1786919;9.3374853;8.024025;34.7339134;50.1517143;9.3921413;40.9561386;9.988348;0.0070162;0.0237592;5.5959015;0;294.5848999;-0.9093461;0.9446039;0.0750517;3.80E-06;1.7220573;0.1757113;-381;0.4160405;-0.5197133;1.620039;112.3787994;-526;47.3023605;4.1403618;35.9087334;0.7240123;0.6127522
786631.5;688523.5;16;2.5381243;0.0007138;0;33.1240959;12.6748371;8.0234938;34.8671455;34.5558891;11.8567801;40.9711647;8.3788729;0.0119127;0.0307141;5.1624908;0;275.821106;-0.9948434;0.9396157;0.0915443;1.41E-05;1.6131496;0.1493774;-249.25;0.1014231;-0.1441116;2.151417;146.8535004;-319;46.390995;4.0722957;33.4734573;0.9709157;0.6265572
791092.5;688523.5;16;1.9434279;0.0006606;0.3689103;24.5900021;57.0918236;8.0228453;34.5785217;21.401268;16.1001873;40.9608116;8.3700581;0.1253739;0.4966014;4.5999422;0.0067091;283.1210938;-0.9738923;0.9339222;0.097562;2.43E-05;1.5042421;0.1288086;-135.7778015;0.2270103;0.1148261;1.851961;120.3438034;-98;41.755619;4.079391;31.2637119;1.165019;0.6979501
795553.5;688523.5;6;1.0407314;0.0005525;1.1738056;10.7619572;150.0574799;8.0224037;33.7913437;11.1317015;22.4457741;40.9446373;7.6621175;0.3671391;1.5048633;4.3322263;0.0213473;304.0244141;-0.8287999;0.9604589;0.0912002;3.46E-05;1.3953345;0.1206329;-34.6666718;0.5595451;0.1581509;0.7630421;47.6748199;-13;46.1546288;4.2877941;29.167078;1.2645745;0.7775243
800014.5;688523.5;2;0.8006617;0.0006674;5.2756867;6.2451186;156.5865631;8.0154018;33.7385445;11.2615271;26.142807;40.498085;8.2163048;0.3970425;1.7862676;3.7701228;0.0261584;321.34021;-0.6246952;0.9747131;0.1238214;5.04E-05;1.2464811;0.1127005;-2.8888891;0.7808687;0.2459426;0.3083448;26.3162193;19;50.802166;4.4283328;27.3865623;2.0296562;0.831281
804475.5;688523.5;5;0.6152467;0.0007155;13.4562693;0.9500985;163.894577;8.0154581;33.4677124;12.6675224;26.9293327;40.1474075;8.6032391;0.4253646;1.863216;3.8276556;0.0256187;25.7099495;0.4338156;0.9792339;0.1385651;8.37E-05;1.1000562;0.1116048;0;0.9010017;-0.006536;0.0962045;9.5774946;6;52.1656647;4.4529209;25.1867828;2.4952724;0.8282575
808936.5;688523.5;5;0.4986143;0.0009092;19.9281693;0.5232657;187.0854645;8.0141468;33.1835709;11.7986584;27.1078014;39.8112984;8.3540916;0.4648609;2.1315992;3.5627239;0.0327265;25.9065094;0.436904;0.9802265;0.1315117;0.0001113;1.0097833;0.1030427;0;0.8995082;-0.1060606;0.0624583;5.7735028;3;52.7451324;4.5398345;22.4906635;3.1582518;0.8132471
813397.5;688523.5;5;0.3812948;0.0011485;25.9765091;0.840786;208.2034912;8.0140781;33.0389557;12.0980234;27.3293076;39.6959;8.9582596;0.5151922;2.1872749;3.3789752;0.0336179;352.875;-0.1240349;0.9735529;0.1216485;0.0001623;0.9617794;0.1186462;0;0.9922779;0.1437908;0.0776489;4.9241161;6;50.2925949;4.4783173;20.3687859;3.487129;0.8326222
817858.5;688523.5;5;0.3736633;0.0013602;12.2779636;0.2866278;216.6886597;8.0126257;32.9199181;13.7697392;27.3614731;39.3811798;8.2179098;0.5801626;2.3060758;2.7187078;0.0370799;357.5104065;-0.0434375;0.9584781;0.1192978;0.0002007;0.9086529;0.117365;0;0.9990562;0.124183;0.0739087;5.4046159;6;49.8983727;4.6157379;19.4238529;4.1838956;0.7761838
822319.5;688523.5;5;0.3414592;0.0014478;16.975729;0.3577518;217.7386322;8.0134411;32.9441948;12.5093021;27.3460064;39.2839432;8.6217747;0.5370478;2.3068769;4.1652379;0.039143;316.193512;-0.6922254;0.969061;0.0656898;0.0002451;0.8434659;0.1121913;0;0.7216814;-0.0133333;0.1089877;8.5114298;7;50.3457565;4.5371299;17.8358002;4.9116387;0.7747166
826780.5;688523.5;5;0.3362592;0.0014443;26.992918;0.2051101;218.0643005;8.0124807;32.8295784;11.9245129;27.3827553;39.2103882;9.8221874;0.5354843;2.4607491;3.9607909;0.0381256;8.9726267;0.1559626;0.9711323;0.0532677;0.0002336;0.738342;0.1061818;0;0.987763;0.5333334;0.1235059;10.3709002;23;48.6249542;4.4549494;16.4179363;5.9203615;0.7598911
831241.5;688523.5;5;0.3285753;0.0016035;37.5269737;0.6059624;211.6310883;8.0120497;32.6729813;8.7145386;26.8762379;39.0191689;8.4931517;0.5307356;2.5125313;4.4199066;0.0359633;354.4725037;-0.0963239;0.9796442;0.0700203;0.0002417;0.6910603;0.1082132;0;0.9953501;-0.3692811;0.0999869;11.6343498;-2;42.6229248;4.5387907;14.2202702;6.0661912;0.7227455
835702.5;688523.5;5;0.3582965;0.0015751;30.713707;0.2038908;212.4229126;8.0126543;31.9746819;9.952055;27.3707371;38.7566452;6.7913418;0.4827676;2.2955146;4.3547726;0.0409836;280.3590088;-0.9837002;0.9762958;0.0718063;0.0004169;0.6229017;0.1125411;0;0.1798161;0.3453453;0.1517563;12.4523802;27;43.6736526;4.6119852;14.9520712;6.3698735;0.6914088
777709.5;684062.5;16;2.9280949;0.000711;0;37.8484116;8.9447994;8.0253353;34.7148399;53.9380989;9.0337152;40.9686623;8.8460636;0.0047167;0.0201075;5.819633;0;307.0549011;-0.7980582;0.9544621;0.0723946;2.10E-06;1.7585808;0.1952415;-380.3999939;0.6025803;-0.374393;1.887998;164.2711945;-550;47.4988289;4.107934;36.6811562;0.492373;0.6808428
782170.5;684062.5;16;2.6137671;0.0006632;0.0004188;33.4970436;20.5667553;8.0250349;34.7806854;39.8659897;11.3469858;40.9965591;8.4894867;0.0515425;0.1453944;5.637784;0.0004875;318.4173889;-0.6636986;0.9562836;0.0923906;7.20E-06;1.6938802;0.1586305;-316.375;0.7480001;-0.005137;2.245692;171.1811981;-319;46.1946602;4.0160651;32.9520073;0.8662559;0.6731114
786631.5;684062.5;16;2.1513522;0.0005712;0.0011921;27.3033333;48.1457558;8.0244322;34.8442879;25.509594;14.1928167;40.9937706;7.2208595;0.1378056;0.376633;5.2657437;0.0013875;315.2080078;-0.7045353;0.9544885;0.1189957;2.02E-05;1.5769689;0.1364588;-188;0.7096689;-0.1522936;2.5000651;169.3786011;-271;42.8022423;4.0205345;31.4224625;1.0861267;0.6920722
791092.5;684062.5;13;1.7091198;0.0005165;0.2275628;21.0072861;82.6315842;8.0235023;34.665432;15.9910688;17.1762657;40.9695053;8.8965473;0.2296853;0.7226592;4.6897087;0.0057401;300.4111023;-0.862416;0.946001;0.1271747;3.32E-05;1.4600577;0.119711;-82.2222214;0.5062003;0.1190007;1.7118649;119.2781982;-42;41.3596306;4.1716661;28.0713234;1.244828;0.7894306
795553.5;684062.5;2;1.4039742;0.000653;3.1861904;7.5982914;127.4556961;8.0181227;33.7381668;15.8636665;24.220089;40.5077095;8.167429;0.3671922;1.6868414;4.4363065;0.0207465;306.057312;-0.8084292;0.9730606;0.1252217;4.56E-05;1.3278859;0.1143492;-6.7777781;0.5885934;0.1433998;0.4527009;37.4099693;10;49.0225296;4.3647795;25.8659592;1.9120827;0.8270333
813397.5;684062.5;5;0.4226979;0.0009719;19.9234962;0.9688417;189.6433411;8.0166998;33.1237946;17.617321;27.2359695;39.0707893;9.0981216;0.3803383;1.988752;3.3097951;0.0328187;325.3048096;-0.5692102;0.9836162;0.169927;0.0002357;0.9059887;0.1262363;0;0.8221921;0.4583333;0.0253804;2.4944379;11;48.9681244;4.5525923;19.8596134;3.7889001;0.8764289
817858.5;684062.5;5;0.446474;0.0011233;24.3345432;0.7048903;206.8053894;8.0175838;33.0448036;16.7920055;27.2754326;39.0796928;7.6523871;0.5263329;2.0528612;4.0139499;0.0341308;3.814075;0.066519;0.980321;0.1879379;0.0002692;0.8367772;0.1269555;0;0.9977852;-0.047619;0.0241314;2.309401;8;49.1270332;4.5006423;19.3915195;4.2974033;0.8536541
822319.5;684062.5;5;0.4464341;0.0011632;19.9868774;0.4270291;216.6364746;8.0156794;32.9874763;12.9760466;27.215456;38.6289444;8.389019;0.4671482;2.0615447;3.655252;0.0357796;298.9400024;-0.8751269;0.9815074;0.1405476;0.0003123;0.8243394;0.1215195;0;0.4838935;-0.1967593;0.1559102;14.4461498;7;47.7775421;4.510509;18.3209305;5.0139523;0.8633201
826780.5;684062.5;5;0.426684;0.0010443;24.6327915;0.3519046;217.3099976;8.015707;32.5665588;19.772337;27.3100948;38.9229698;9.0326481;0.4566328;2.077141;4.2032304;0.0342847;341.565094;-0.3162277;0.9795161;0.1240855;0.0002901;0.7892139;0.1269017;0;0.9486833;0.0099206;0.1776619;15.85427;20;46.9789505;4.6021266;18.1413403;5.7576847;0.7750653
831241.5;684062.5;5;0.4817499;0.0011655;32.2058792;0.2251881;215.0401001;8.0120935;32.2599182;14.9258595;27.3179569;38.4496193;7.9850454;0.4312685;2.2524712;4.00351;0.0349813;16.7419701;0.2880621;0.982973;0.0664991;0.0003572;0.7094229;0.119075;0;0.9576117;-0.1230159;0.2061776;16.9734707;18;44.5958214;4.4982123;18.2403908;5.6302018;0.8169768
835702.5;684062.5;5;0.553679;0.0011937;29.3497677;1.3991134;77.8805695;8.0136957;32.1316376;16.8026066;27.2735043;38.0418701;6.8699627;0.3806379;2.0900514;4.3804216;0.0397064;338.9624939;-0.3589792;0.9760209;0.0974402;0.0004284;0.6509938;0.1322952;0;0.9333456;-0.3989362;0.089431;14.6094999;4;40.7654343;4.6722527;18.8584423;5.8807125;0.726954
777709.5;679601.5;16;2.7728658;0.0007033;0;35.755497;6.6247344;8.0263186;34.7870331;44.157547;10.5267258;41.0157661;9.7001095;0.0050852;0.0202281;5.8409276;0;296.4505005;-0.8953192;0.9628335;0.0865848;7.80E-06;1.6971139;0.1808703;-323.4285889;0.4454251;-0.1664835;2.1540191;182.5617981;-410;45.9089279;4.1072831;34.650238;0.6625592;0.7312915
782170.5;679601.5;16;2.3494728;0.0006028;0.0008559;29.7348404;32.6265869;8.026022;34.8272743;29.7715588;13.3188419;41.0202789;6.9146905;0.0979482;0.2722378;5.6889663;0.0009962;307.9598083;-0.7884421;0.9697479;0.1097534;1.51E-05;1.6284997;0.1443476;-224.6667023;0.615109;0.2174901;2.849952;189.2599945;-97;44.2428741;4.0823202;30.4277744;1.0672448;0.7541561
786631.5;679601.5;13;1.7583743;0.0004223;0.002436;21.3585835;85.1452637;8.025568;34.817112;16.6639137;16.5443954;41.0141182;8.2582912;0.2690114;0.7373635;5.4848504;0.0028353;330.1202087;-0.4981825;0.9690329;0.1469948;3.23E-05;1.5080096;0.1287003;-81.1111069;0.8670722;0.1182896;1.774811;120.8574982;-39;39.8035049;4.1555696;28.8971329;1.2275134;0.7957422
791092.5;679601.5;13;1.5660034;0.0006108;1.807655;16.2190228;116.9438782;8.0223494;34.1834564;15.6660023;18.9008503;40.6757774;8.0134783;0.3090955;1.2300912;5.0527272;0.0090514;319.252594;-0.652725;0.9779709;0.1346933;2.06E-05;1.3892096;0.1216795;-27.5555592;0.7575949;0.1511544;0.8877074;89.5694809;19;46.0366364;4.3340425;26.6310349;1.8258384;0.8399785
804475.5;679601.5;5;0.8281678;0.0008301;22.4437275;2.4342923;98.8224792;8.0185003;33.0904312;22.3158741;26.156292;39.7260971;8.97015;0.3803869;1.8355432;2.7007313;0.0284383;118.0725021;0.8823529;0.9841656;0.1734463;0.0001924;1.007194;0.1064474;0;-0.4705882;-0.4545455;0.0545766;4.2761798;7;50.2825012;4.3942156;20.4890633;3.3109162;0.8693509
773248.5;675140.5;16;2.893106;0.0007043;0;37.6181793;15.5878935;8.0275049;34.7156487;54.9560242;8.8656282;41.113903;9.7812281;0.011494;0.0346902;5.9452348;9.00E-07;279.9620056;-0.9849226;0.9581024;0.0807113;1.11E-05;1.6772491;0.200577;-428.833313;0.1729954;-0.2127572;1.391547;131.4096069;-515;44.6893005;4.0958071;38.4020348;0.5026801;0.7542932
777709.5;675140.5;16;2.5276411;0.0006819;0;32.7524414;20.0392056;8.0272779;34.8325996;36.0677528;11.6025877;41.1033325;8.6328259;0.0229036;0.0582074;5.8504891;2.30E-06;281.2318115;-0.9808472;0.9686931;0.0923538;1.35E-05;1.6356468;0.1686489;-264.875;0.1947785;-0.159114;2.76687;190.5874939;-343;47.6082535;4.214663;33.8066826;0.8664545;0.7585087
782170.5;675140.5;16;2.1942739;0.0006088;0.0005928;28.0521355;38.6401443;8.02701;34.8721542;24.216568;13.8311329;41.0896416;6.5482841;0.0883447;0.2350977;5.7168889;0.0006925;287.2361145;-0.9550916;0.9807752;0.1101658;2.30E-05;1.5631194;0.1313847;-120;0.2963107;0.2013423;2.2794671;152.9705963;-30;42.2700691;4.0902658;28.6641273;1.3235055;0.8169697
786631.5;675140.5;13;1.8822719;0.0005263;0.3678114;19.2135925;87.5083466;8.0233889;34.6075134;14.5858021;17.2139683;40.8629379;7.5128417;0.26085;0.7775605;5.4789839;0.0019994;309.7582092;-0.7687505;0.9793959;0.1381802;8.50E-06;1.4314969;0.1254253;-9.1111107;0.6395487;0.3441128;0.4969449;40.0067902;37;44.0904236;4.2590318;26.2638321;1.7783628;0.8242019
791092.5;675140.5;9;1.3900589;0.0006361;3.7605808;11.6927805;113.737587;8.0240192;33.8370514;13.304492;21.8495388;40.6685219;7.7492838;0.3308174;1.3737452;4.9076118;0.010777;9.2933083;0.1614886;0.9827107;0.1443623;3.56E-05;1.2730857;0.1007579;0;0.9868746;0;0.0894598;19.6581898;12;49.0147476;4.2704859;23.7781029;2.4302299;0.850313
795553.5;675140.5;5;0.9842503;0.0006819;14.9208317;3.4773688;117.819603;8.02213;33.1221352;12.2467585;24.0800686;40.5205841;8.3208389;0.3622734;1.7168987;3.1984937;0.0210358;194.0361938;-0.2425355;0.9813029;0.1485597;9.04E-05;1.1498685;0.091572;0;-0.9701425;-0.1964286;0.0132368;2.1176341;13;49.2001648;4.4339466;21.2933235;2.6970541;0.8891075
800014.5;675140.5;5;1.0541456;0.0008608;19.6119938;4.8274775;135.081131;8.0214882;32.9863281;12.5984573;25.5761547;40.1614189;8.8116684;0.3568412;1.8447459;2.5076051;0.0257547;0;0;0.9833184;0.1521542;0.000164;1.039394;0.0929391;0;1;0.2407408;0.0096312;2.852874;15;49.6289253;4.3926492;20.2141781;3.2272666;0.8515789
768787.5;670679.5;16;3.1156411;0.000718;0;40.561306;13.4742746;8.0285959;34.6485634;67.2617264;7.1605721;41.2897987;11.445982;0.0043628;0.019992;5.928484;0;280.0079956;-0.9847836;0.9472087;0.0582901;1.23E-05;1.6656125;0.2141354;-535;0.1737853;-0.4929577;0.7204208;54.6955185;-605;46.7972221;4.1630926;41.1561203;0.4968756;0.7542037
773248.5;670679.5;16;2.7830637;0.0006982;0;36.1949768;20.3358612;8.0283976;34.7422905;50.2179756;9.4446554;41.2808609;10.9872751;0.019306;0.0513778;5.9342961;1.90E-06;278.9148865;-0.9879195;0.9568809;0.0786354;1.57E-05;1.6198962;0.1940898;-418.625;0.1549678;-0.1716772;2.31898;165.4228973;-500;48.3994675;4.1260796;38.087513;0.685441;0.7464606
777709.5;670679.5;16;2.2695596;0.0006587;0;29.6193676;35.7014656;8.0281982;34.8743668;28.2194996;12.6188574;41.2620544;8.4254112;0.0432148;0.1015951;5.8394165;4.90E-06;283.6252136;-0.9718574;0.967106;0.0969197;1.91E-05;1.5741798;0.160208;-251.7778015;0.2355699;0.1054537;3.0362401;194.0652008;-200;44.339344;4.2493553;33.0966835;1.1296313;0.7536435
782170.5;670679.5;16;2.0120106;0.0006289;0.0001189;26.2432117;45.3631248;8.027998;34.9304314;17.8112164;14.2277155;41.2392693;7.2305536;0.0653618;0.1560294;5.7039075;0.0001444;275.2055054;-0.9958757;0.9766786;0.1075431;3.09E-05;1.497739;0.1207432;-83.8888931;0.0907283;0.1576023;1.503504;115.226799;-24;39.7893295;4.3125496;27.3302212;1.6769687;0.816884
786631.5;670679.5;13;1.5988098;0.0005397;0.3792351;16.8911629;97.1647263;8.0258055;34.2493782;11.0336628;19.5841465;41.0185509;7.8241477;0.3213191;1.0545827;5.2191858;0.0069036;225;-0.7071067;0.9773324;0.1263205;1.62E-05;1.3354957;0.1078464;-6.2222219;-0.7071068;0.3321879;0.4017989;29.8394909;26;46.8856049;4.3147211;25.0562935;2.2742386;0.8404967
791092.5;670679.5;5;1.0226055;0.0006239;7.7074971;8.4267178;153.5176544;8.0251293;33.500061;8.7402296;23.2841415;40.9611053;8.1887379;0.3623737;1.4945562;4.8214378;0.0192119;173.0189056;0.1215413;0.9785017;0.1495458;5.80E-05;1.2250139;0.0728576;0;-0.9925864;0.0563847;0.1584836;17.4723797;14;50.2482758;4.4448738;21.5391998;2.7765775;0.8239142
768787.5;666218.5;16;3.0764196;0.0007178;0;39.8728104;11.0304413;8.0295506;34.68116;63.0244293;7.614398;41.4907417;9.3201637;0.0043644;0.019992;5.8862662;0;301.254303;-0.8548728;0.944202;0.0543072;1.60E-05;1.6123736;0.2114994;-495.833313;0.5188377;-0.3216276;1.194044;98.7174683;-592;47.0544128;4.1890678;40.0073586;0.598407;0.7224399
773248.5;666218.5;16;2.6943676;0.0006707;7.00E-07;34.8321571;24.3637238;8.0293102;34.7735023;45.8206558;10.0211229;41.4762726;10.4829893;0.0378971;0.0980728;5.8943481;3.49E-05;288.5932007;-0.9478061;0.9521447;0.0780355;2.04E-05;1.5625432;0.1901921;-378.4444885;0.3188472;-0.1674367;2.937495;186.1165009;-463;49.0788574;4.1690226;37.4756737;0.8336194;0.7088479
777709.5;666218.5;16;2.1139796;0.0005885;1.80E-06;27.3842182;50.1564522;8.0291195;34.8919029;24.149931;13.3037424;41.4479942;7.9293408;0.0915487;0.2230021;5.7796478;9.08E-05;283.4025879;-0.9727654;0.9593778;0.1038148;2.48E-05;1.5127128;0.1544308;-204;0.2317917;0.1533614;2.5329559;169.1488037;-131;39.9054489;4.132966;32.7176666;1.3726443;0.7146577
782170.5;666218.5;14;1.682368;0.0005483;0.0993633;21.3380013;79.590065;8.0289488;34.7274895;13.1194191;16.1912518;41.4141464;8.2385054;0.1716282;0.5250303;5.6154046;0.0041657;268.6196899;-0.9997098;0.9633985;0.1142477;3.88E-05;1.4323586;0.1128371;-66.7777786;-0.0240894;0.0299902;0.7995669;63.5815811;-60;41.7576828;4.2849298;27.0613251;2.0342603;0.7494056
786631.5;666218.5;9;1.3448007;0.0005186;0.4665642;12.0059052;140.0276184;8.0289259;33.870575;8.6175575;21.7177353;41.4028473;7.9661031;0.3902664;1.3223579;5.429893;0.0174002;230.3656006;-0.7701309;0.9556534;0.127951;6.87E-05;1.3011314;0.0942165;-18.5555592;-0.6378859;-0.1330749;0.4126871;26.9860497;-30;47.9161911;4.4263129;23.287878;2.3907125;0.8086063
791092.5;666218.5;5;0.7233606;0.0005593;6.8014894;9.6984835;168.6907654;8.0270386;33.0211678;6.5672507;25.6907959;41.1147232;8.337491;0.4229007;1.766301;4.5238943;0.02444;216.335907;-0.5925175;0.9710691;0.133821;9.86E-05;1.1699041;0.0556467;-1.5555561;-0.8055576;0.0099206;0.2411093;18.2580891;-1;48.718792;4.4669747;19.4295254;3.0026028;0.8383973
795553.5;666218.5;5;0.5253379;0.0008302;17.3801804;6.5597043;187.0636139;8.0252953;32.8089218;7.7165556;26.2620182;41.0220947;8.2054615;0.403976;1.864345;4.0505128;0.0255686;220.4261017;-0.6484663;0.976886;0.1347961;0.0001583;1.0030184;0.0424128;0;-0.7612434;0.09375;0.1138669;8.8140516;8;46.159729;4.4118319;18.274313;3.2816491;0.7413297
800014.5;666218.5;5;0.4932441;0.0009346;24.9275742;8.1413555;183.4317169;8.0249176;32.8161354;11.8463202;25.7700253;40.5788612;8.3788862;0.3884331;1.9145634;3.3579209;0.0246189;230.7106018;-0.7739573;0.9808607;0.1309889;0.0002321;0.9117368;0.0424445;0;-0.6332378;0.1883117;0.0684423;6.5121551;14;44.9848862;4.4305205;17.1467323;3.5882509;0.7230935
804475.5;666218.5;5;0.7243323;0.0008284;24.6608887;14.2443171;180.6341248;8.0234222;32.7420082;16.1512394;25.58745;40.2028809;8.8758297;0.3459574;1.8305694;3.2770362;0.026353;285.2550964;-0.9647638;0.9801673;0.148187;0.0002911;0.8495709;0.0475862;0;0.2631174;-0.082353;0.0915101;18.6804695;18;46.1510811;4.4861736;17.0914574;4.5615978;0.7240521
768787.5;661757.5;16;3.0306571;0.0007165;0;39.0796356;8.3909254;8.0304756;34.7186279;58.2750092;8.1216736;41.7608032;8.864727;0.0043663;0.019992;5.7771029;0;302.5169067;-0.8432333;0.9390808;0.0511376;1.96E-05;1.5591347;0.2150829;-440.5714111;0.5375478;-0.1815081;1.543461;128.2595978;-509;47.4443893;4.1857142;38.9993248;0.6373014;0.6749688
773248.5;661757.5;16;2.6112895;0.0006375;1.50E-06;33.4852257;28.2020874;8.0302725;34.8059196;41.5129967;10.5969172;41.7421951;7.5459008;0.0593248;0.1526645;5.7825074;7.64E-05;293.6665039;-0.9158977;0.9450905;0.077824;2.51E-05;1.5051903;0.1927121;-313.8888855;0.4014119;0.0155293;2.8368781;180.0867004;-306;47.0623627;4.0899405;36.883812;0.8960938;0.6564298
777709.5;661757.5;16;1.9853735;0.0005059;4.00E-06;25.3853645;64.2937317;8.0300465;34.9030609;21.0747528;13.9014215;41.7013741;9.4895287;0.1472569;0.3649406;5.5991974;0.0001987;288.1148987;-0.9504351;0.9495495;0.111323;3.05E-05;1.4512458;0.155255;-162.3332977;0.310923;0.1509282;1.816653;133.3674927;-100;38.5686798;4.0949087;32.3529091;1.5656861;0.6477469
782170.5;661757.5;13;1.40694;0.0004652;0.1957503;17.0197868;111.1562424;8.0298109;34.5164452;10.1264267;17.9994946;41.6515923;8.833622;0.2803027;0.9022137;5.3397398;0.0081998;285.068512;-0.9656157;0.950478;0.1213894;4.67E-05;1.3669782;0.1117104;-61.1111107;0.2599735;0.0772128;0.51864;35.5572891;-52;40.125351;4.3468604;26.8473721;2.4010396;0.6382045
786631.5;661757.5;6;0.8064758;0.0005055;0.5988913;7.4365482;173.601944;8.0296898;33.6285095;6.8707438;23.320282;41.5871849;8.6031218;0.4713101;1.8083612;4.8430319;0.0245629;281.7804871;-0.9789369;0.9445825;0.1105002;8.08E-05;1.2321719;0.0831142;-28;0.2041632;-0.0338983;0.306627;20.6935291;-30;48.5582161;4.4314156;22.4820652;3.0458269;0.6518376
791092.5;661757.5;5;0.4196765;0.000715;9.4151392;1.4178185;211.5414276;8.0296078;33.0154686;5.6114392;26.6042461;41.4833603;7.8893027;0.577096;2.3957899;3.9413702;0.0349067;268.2986145;-0.9995592;0.9502293;0.1004807;0.000115;1.0973656;0.0544261;-9.7777777;-0.0296897;-0.005848;0.1621957;12.1543598;-10;48.2633667;4.4687119;18.7651253;3.8116014;0.7204602
795553.5;661757.5;5;0.4440087;0.0009196;22.0199661;3.0677667;210.455368;8.0295572;32.5690079;8.6208172;26.7543583;41.4186897;8.0573444;0.4523868;2.1820688;3.37974;0.0318186;247.9320984;-0.9267392;0.9745427;0.1061405;0.0001492;0.9625594;0.0365568;0;-0.3757052;-0.2592593;0.1281743;8.1483164;-4;47.1856232;4.4645953;17.1389637;4.28859;0.7442003
800014.5;661757.5;5;0.504771;0.0010638;23.5580196;3.2871275;203.3461609;8.0259972;32.8756752;8.9117994;26.4498367;40.7297783;8.4064808;0.4281295;2.2419262;3.563982;0.0305543;232.6959991;-0.7954317;0.9690909;0.1046056;0.00023;0.8238397;0.0359696;0;-0.6060433;0.1969697;0.0847566;6.666667;12;46.247097;4.5731339;16.7529869;4.3892183;0.727401
804475.5;661757.5;5;0.7031957;0.0010657;27.0030041;4.9630299;193.2323303;8.0249166;32.7791557;12.5944424;25.7851639;40.386219;8.8475447;0.3753269;2.1952181;3.4567733;0.0271091;261.5524902;-0.9891508;0.9748814;0.1493877;0.0002934;0.7513392;0.0394556;0;-0.146904;-0.1981132;0.1639024;16.0934792;8;45.5112991;4.7506003;18.1950874;4.8693185;0.6422397
764326.5;657296.5;16;3.0116384;0.0007114;0;39.2372093;13.911561;8.0315828;34.6758041;61.9049072;7.9321961;42.0379906;9.2932301;0.0055474;0.0216616;5.6454339;0;298.6431885;-0.8776219;0.9269733;0.0414149;1.67E-05;1.5549729;0.2481997;-472.833313;0.4793536;-0.2712243;1.345916;123.1116028;-574;46.9951477;4.1907778;40.7887764;0.4231721;0.6500974
768787.5;657296.5;16;2.8342278;0.0007142;0;36.6798859;9.8209734;8.0314198;34.7721748;48.555294;9.6223278;41.9957466;8.7208605;0.00722;0.0240187;5.6413417;0;299.2586975;-0.8724218;0.9328251;0.0554092;2.30E-05;1.49751;0.2197512;-357.125;0.4887537;-0.1431962;2.274796;158.3986053;-425;48.0677261;4.1418738;38.5127983;0.6919193;0.6093643
773248.5;657296.5;16;2.4174197;0.0006156;0.000293;30.9865208;33.8903847;8.0312519;34.8355026;33.6177292;12.0121651;41.9697266;5.4436002;0.0840829;0.2185398;5.6395783;0.0003306;300.1799011;-0.8644514;0.9371948;0.0779681;2.93E-05;1.440047;0.1965097;-225.444397;0.5027164;0.0233656;2.3328249;150.9320068;-215;41.7770729;4.0268483;36.3659935;0.9760344;0.5885208
777709.5;657296.5;14;1.8569732;0.0004561;0.0007618;23.4115276;74.8557968;8.0309896;34.8790016;17.7273903;14.821825;41.9183159;7.7353835;0.20606;0.5283593;5.3975949;0.0008597;295.0455017;-0.9059716;0.9397799;0.1056658;3.56E-05;1.3825841;0.1581583;-110.6667023;0.4233385;0.0955794;1.163908;85.9392471;-84;37.5376778;4.068789;32.0409775;1.7581556;0.5711862
782170.5;657296.5;13;1.289524;0.0004844;1.3878297;15.0885124;124.6063766;8.0306892;34.401413;9.3090839;18.8418598;41.8566589;9.0390329;0.3478106;1.1471522;5.0586805;0.0102819;292.5740967;-0.9233837;0.9393344;0.1141175;5.39E-05;1.2952224;0.1137099;-47.2222214;0.3838785;-0.0298686;0.4641381;29.5927105;-50;42.0973091;4.3917942;26.8370323;2.7412267;0.5458049
786631.5;657296.5;2;0.7161492;0.0006714;3.9481735;6.1325531;181.7905579;8.030323;33.4828987;7.2132659;23.8860569;41.7230034;8.7457485;0.5062926;2.0273843;4.404026;0.0272291;297.2903137;-0.8886951;0.9342939;0.1062841;9.20E-05;1.1580293;0.0799426;-21.6666698;0.4584986;0.1666667;0.283577;18.1414204;-13;47.8023186;4.4479032;22.713644;3.5047474;0.5324953
791092.5;657296.5;5;0.3911369;0.0009037;12.978219;1.1525034;212.5337982;8.0299177;32.9349594;6.5357018;26.6572933;41.5484047;8.4479227;0.5813411;2.5108116;3.5698335;0.0364289;310.4260864;-0.7612431;0.9393796;0.099628;0.0001301;1.0208361;0.0522489;-8.1111107;0.6484666;0.0703703;0.1138669;8.7107143;-6;47.7614822;4.4653101;19.2046909;4.1434255;0.5561156
795553.5;657296.5;5;0.3596437;0.0011894;29.654274;0.8712563;212.028656;8.0297413;32.8249741;7.534256;26.7423;41.4720192;8.7571383;0.5577864;2.5252874;3.2048743;0.0364726;276.34021;-0.9938838;0.9529818;0.0943634;0.0001682;0.883643;0.0401329;0;0.1104311;-0.0909091;0.0872139;6.5489612;-2;48.6688004;4.4632015;17.6695232;4.4228473;0.6179071
800014.5;657296.5;5;0.3983294;0.0011594;29.4513054;0.5757179;204.5184784;8.0264797;32.5956764;7.9359293;26.8964672;40.9447212;8.4438667;0.4499907;2.4928508;3.1326592;0.0326636;247.1663971;-0.9216354;0.959766;0.1195869;0.0002684;0.7698602;0.036202;0;-0.3880569;0.2916667;0.0661838;5.395472;9;51.8238297;4.398356;16.546587;4.4784036;0.6268585
804475.5;657296.5;5;0.6317989;0.0011716;27.3029327;7.8908525;176.7606659;8.0251427;32.4537544;12.0002861;26.0397701;40.43256;8.0475426;0.4047089;2.3395412;3.5806394;0.0322757;247.087204;-0.9210983;0.9665888;0.1465092;0.0003648;0.7579268;0.0375247;0;-0.3893301;-0.1929825;0.169041;16.4991608;6;48.3343239;4.6293635;15.8438797;4.8087482;0.6304443
808936.5;657296.5;5;0.9459447;0.0011049;29.3597012;12.8886156;184.860611;8.0229616;32.3234558;14.2786846;23.9614811;39.7909775;8.7454414;0.407249;2.1067493;3.494312;0.0303541;222.2297974;-0.6721056;0.9474756;0.1688414;0.0004371;0.7409111;0.0502696;0;-0.7404553;0.0062893;0.1409098;18.2817497;22;45.0932732;4.5705686;20.302803;4.9739156;0.6349145
759865.5;652835.5;16;3.1168776;0.0007146;0;40.6386833;14.3362007;8.0326986;34.6170464;68.0526276;7.0834479;42.3788185;11.5259647;0.0043634;0.019992;5.4326181;0;263.2756042;-0.9931209;0.9166285;0.0352548;1.21E-05;1.4908104;0.3024493;-558.333313;-0.1170933;-0.4224424;0.3701305;42.6953011;-601;46.834095;4.2578182;43.1148262;0.2611911;0.6095287
764326.5;652835.5;16;2.887851;0.0007157;0;37.6228104;12.4990273;8.0325689;34.7090302;53.610302;9.0592985;42.1788826;10.6566;0.0072181;0.0240187;5.4281068;0;275.0810852;-0.9960703;0.9219353;0.0485896;1.84E-05;1.4339978;0.256607;-465.6000061;0.0885665;-0.0922252;1.322829;133.6931;-500;46.6979218;4.2468004;40.3291512;0.504365;0.578262
768787.5;652835.5;16;2.5757594;0.0007115;0;33.6186066;12.9267244;8.0324316;34.8323479;36.78899;11.5320206;42.1005325;6.273581;0.0112479;0.0297035;5.4070115;0;302.0986023;-0.8471348;0.9261378;0.0627449;2.47E-05;1.3771851;0.2284397;-340.333313;0.531378;0.2369902;2.1950581;169.9752045;-228;44.735878;4.1018147;38.009613;0.8048071;0.5415832
773248.5;652835.5;16;2.1779299;0.0005984;0.0007041;28.0135555;40.3404198;8.0322924;34.8639183;24.2452126;13.7730703;42.0549927;4.5172896;0.1102123;0.2890612;5.3814406;0.0006725;308.6908875;-0.7805292;0.9292604;0.0782587;3.10E-05;1.3203725;0.2050419;-185.6667023;0.6251193;0.2359963;1.383786;124.4328995;-100;39.9917068;4.0573645;35.8158607;1.1207024;0.511496
777709.5;652835.5;13;1.7286577;0.0004198;0.0018307;21.4479923;83.9457092;8.0319939;34.8404427;14.2679529;15.8751154;42.0002136;8.6120787;0.2661375;0.7006229;5.1176052;0.0017485;300.7464905;-0.8594376;0.9307069;0.0945876;3.73E-05;1.2635598;0.1687665;-89.6666565;0.5112407;0.1471631;0.5808432;60.7087784;-62;36.432518;4.0488381;31.6734962;1.9485043;0.4921965
782170.5;652835.5;13;1.2188897;0.0005401;3.0374744;13.853467;132.692215;8.0316296;34.3119011;9.1889315;19.4065361;41.9417114;8.4346666;0.405581;1.3626732;4.757628;0.011828;296.1838989;-0.8973821;0.9297364;0.1013845;5.63E-05;1.1788387;0.1272949;-40.5;0.4412543;0.1753247;0.3237607;27.4028606;-27;41.3591232;4.3652468;26.7448483;2.9828651;0.4631986
786631.5;652835.5;2;0.6579331;0.0009133;8.6407862;5.3882799;185.7889557;8.0312233;33.355999;8.2545738;24.1474285;41.8598213;8.5335798;0.5310785;2.2366755;3.9373581;0.0295259;298.8557129;-0.8758385;0.9256331;0.1001158;9.64E-05;1.047604;0.0952717;-17.1666698;0.4826044;0.2033333;0.1796091;16.9057808;-7;40.1004639;4.4694481;22.8668156;3.8791349;0.4438662
791092.5;652835.5;5;0.3508456;0.0011701;18.0084476;0.7779408;213.9348145;8.0307932;32.8213005;7.8405433;26.7321835;41.7646332;8.5361557;0.5873343;2.6731949;2.8553538;0.0385779;319.5739136;-0.6484664;0.9259266;0.0984242;0.0001366;0.916369;0.0686212;-4.833333;0.7612433;0.3717949;0.0569335;4.4503431;0;48.0593109;4.4774981;19.5861931;4.6968822;0.4628393
795553.5;652835.5;5;0.3437852;0.0012892;31.8248882;0.723331;212.5932312;8.0306053;32.7843819;8.0414457;26.7687778;41.7229881;8.6156578;0.5617592;2.5926895;2.3819768;0.0374119;261.0274048;-0.987763;0.9323941;0.0962329;0.0001768;0.7851341;0.0569616;0;-0.1559626;-0.0888889;0.0308765;4.570436;-1;48.0732956;4.4671845;18.1509209;5.054647;0.5156851
800014.5;652835.5;5;0.3392412;0.0013661;40.3021202;0.6882281;211.7554169;8.0254002;32.7607956;8.174963;26.7918072;40.7375793;8.0278435;0.5460823;2.5437226;2.8582542;0.0367026;250.4633026;-0.9424277;0.9540271;0.0928254;0.0002169;0.6538993;0.0464956;0;-0.33441;-0.1818182;0.0528009;4.1403928;2;50.8266754;4.463335;18.0226707;5.3194985;0.6036238
804475.5;652835.5;5;0.6221776;0.001238;32.1076393;0.7058303;178.6620026;8.0238638;32.406723;11.4168587;26.8982067;40.1574326;6.9810734;0.4477322;2.2600689;3.2985992;0.0317884;261.3843079;-0.9887155;0.9381303;0.1608539;0.0002571;0.5226644;0.0459187;0;-0.1498055;-0.109375;0.1071519;7.9205041;9;47.3848495;4.2365031;21.8428497;5.1405902;0.6265027
808936.5;652835.5;5;1.1098291;0.0011212;28.2322178;10.3213892;72.2137756;8.0219507;32.7943802;11.5251617;26.0855331;39.6963348;8.063221;0.4538131;2.0168397;3.3531888;0.0294647;260.655304;-0.9867294;0.9536813;0.1791341;0.0004819;0.7652727;0.0597242;0;-0.1623729;0.4;0.1285156;9.3043766;26;49.0470352;4.5279236;21.7529774;5.3523188;0.6049927
804475.5;648374.5;5;0.973516;0.0009732;28.1595211;1.045812;42.0115089;8.0173388;32.6862984;23.3082447;25.5749149;39.6471939;9.5799961;0.4484894;1.815015;3.249625;0.0352047;274.635498;-0.9967291;0.9321484;0.1690256;0.0005338;0.7892821;0.0772437;0;0.0808158;-0.3;0.119174;12.3119202;5;49.3913498;4.6071525;32.0538063;4.4468799;0.5370279
808936.5;648374.5;5;1.3274928;0.0009533;25.399128;8.8087168;73.734642;8.0157709;33.0668907;23.0061665;24.8001881;39.4139099;9.1837044;0.4092831;1.7956257;3.5648355;0.0263741;297.3499146;-0.8882176;0.9089939;0.1941659;0.0004057;0.8675274;0.0941993;0;0.459423;-0.1785714;0.104818;10.7930403;14;47.6321907;4.5743976;19.3672695;4.413002;0.5187665
813397.5;648374.5;5;1.4680544;0.0009082;28.0807762;16.3763256;80.6976547;8.0125818;32.8361969;25.381176;23.6609783;39.1861038;9.4245567;0.3263622;1.68427;3.6535327;0.0248181;242.6501007;-0.8882176;0.8866667;0.1860548;0.0006255;0.892557;0.1093467;0;-0.459423;0.226087;0.052409;8.4237757;30;47.1825256;4.6751971;28.5506821;4.7939839;0.5023192
808936.5;643913.5;6;1.5886652;0.0008916;25.0051346;17.293045;61.9923401;8.0057697;32.8911629;32.368103;23.3511028;39.3562088;9.6074076;0.3506659;1.636247;3.9344785;0.0199359;10.0079803;0.1737853;0.8920735;0.1590785;0.0006009;0.9898783;0.1627963;0;0.9847836;0.5125;0.1385495;11.4647303;37;48.2107277;4.9266806;36.071701;4.0299134;0
813397.5;643913.5;6;1.5117151;0.000862;24.6799908;18.6683331;84.3172607;8.0028172;32.5273247;39.8765869;20.3750324;39.1966972;9.5764256;0.2990618;1.616073;3.840188;0.0232657;121.8659973;0.8492854;0.8628728;0.1698291;0.0005737;1.0192081;0.1815713;0;-0.527934;-0.326087;0.0699319;9.3941469;17;46.183136;4.9022441;32.5477028;4.4354711;0
